Time (s),Mass (g),Pressure (psi),Retentate Temp,Retentate Cond @ Temp (uS/cm),Permeate Temp,Permeate Cond @ Temp (uS/cm),Vial Swap,ICP-OES Concentration (mM),Observed Sample pH,H+ Concentration,Retentate Concentration (mM),Permeate Concentration (mM),,,Intial feed pH ,3
3.985,0.03,,23.03,759.61,19.62,24.46,0,,,,1.146253926,0,,,Final Feed pH ,3.94
14.242,0.02,3.293,23.03,760.34,19.61,24.78,0,,,,1.15034769,0,,,Diafiltrate pH,3.03
24.21,,8.244,23.03,760.24,19.55,24.97,0,,,,1.1497869,0,,,Diafiltrate concentration,50mM
33.194,0.02,9.295,23.04,759.92,19.53,25.29,0,,,,1.147992373,0,,,Feed Concentration,1mM
43.275,0.03,9.703,23.04,760.06,19.54,25.81,0,,,,1.148777479,0,,,,
53.235,0.03,11.399,23.05,759.24,19.56,26.43,0,,,,1.144179004,0,,,,
63.219,0.01,11.966,23.05,758.67,19.57,27.41,0,,,,1.140982503,0,,,,
73.161,0.02,12.269,23.06,758.62,19.57,27.83,0,,,,1.140702109,0,,,,
83.254,0.03,12.461,23.05,757.54,19.58,27.55,0,,,,1.134645581,0,,,,
93.219,0.02,12.598,23.04,758.44,19.57,27.84,0,,,,1.139692687,0,,,,
103.222,0.02,12.7,23.04,755.93,19.57,27.36,0,,,,1.125616869,0,,,,
113.276,0.03,12.785,23.04,757.21,19.58,28.67,0,,,,1.132794975,0,,,,
123.26,0.02,12.853,23.03,754.47,19.57,30.36,0,,,,1.117429341,0,,,,
133.235,0.02,12.909,23.03,755.16,19.57,32.66,0,,,,1.121298789,0,,,,
143.213,0.02,12.958,23.02,755.61,19.57,35.06,0,,,,1.123822342,0,,,,
153.292,0.02,13.047,23.01,753.33,19.58,37.09,0,,,,1.111036339,0,,,,
163.275,0.03,13.568,23.01,755.17,19.58,39.83,0,,,,1.121354868,0,,,,
173.214,0.03,13.879,23,752.79,19.58,42.36,0,,,,1.108008075,0,,,,
183.302,0.02,14.094,23,754.49,19.58,45.86,0,,,,1.117541498,0,,,,
193.271,0.03,14.245,22.99,755.83,19.6,49.19,0,,,,1.125056079,0,,,,
203.263,0.03,14.365,22.99,753.46,19.6,52.48,0,,,,1.111765366,0,,,,
213.243,0.02,14.46,22.98,755.57,19.6,55.79,0,,,,1.123598026,0,,,,
223.298,0.02,14.54,22.98,754.13,19.61,59.61,0,,,,1.115522656,0,,,,
233.293,0.03,14.604,22.97,755.04,19.61,63.14,0,,,,1.120625841,0,,,,
243.278,0.02,14.659,22.96,751.8,19.6,66.47,0,,,,1.102456258,0,,,,
253.239,0.03,14.714,22.96,754.56,19.6,69.04,0,,,,1.117934051,0,,,,
263.313,0.03,14.752,22.95,752.39,19.61,74.11,0,,,,1.105764917,0,,,,
273.293,0.02,14.793,22.95,753.77,19.6,77.81,0,,,,1.113503813,0,,,,
283.251,0.03,14.829,22.94,750.84,19.6,81.35,0,,,,1.097072678,0,,,,
293.314,0.01,14.861,22.94,751.47,19.61,85.27,0,,,,1.100605653,0,,,,
303.309,0.03,14.89,22.93,754.9,19.6,89,0,,,,1.119840736,0,,,,
313.294,0,14.917,22.92,750.5,19.59,92.42,0,,,,1.095165994,0,,,,
323.352,0.01,14.94,22.91,750.52,19.57,96.37,0,,,,1.095278152,0,,,,
333.317,0.05,14.958,22.91,753.09,19.56,100.05,0,,,,1.109690444,0,,,,
343.345,0.01,14.977,22.91,751.38,19.53,103.93,0,,,,1.100100942,0,,,,
353.277,0.03,15.001,22.9,747.47,19.52,107.25,0,,,,1.078174069,0,,,,
363.351,0.02,15.015,22.9,751.45,19.51,110.96,0,,,,1.100493495,0,,,,
373.36,0.01,15.032,22.89,746.32,19.5,114.51,0,,,,1.071724989,0,,,,
383.32,0.02,15.049,22.89,753.01,19.51,118.35,0,,,,1.109241812,0,,,,
393.277,0.02,15.063,22.88,754.47,19.51,122.32,0,,,,1.117429341,0,,,,
403.332,0.03,15.077,22.87,754.35,19.5,125.67,0,,,,1.116756393,0,,,,
413.363,0.02,15.09,22.87,749.54,19.51,129.15,0,,,,1.089782414,0,,,,
423.295,0.02,15.1,22.86,753.5,19.52,132.9,0,,,,1.111989681,0,,,,
433.384,0.02,15.106,22.86,745.97,19.52,136.25,0,,,,1.069762225,0,,,,
443.369,0.01,15.116,22.85,753.51,19.52,140.15,0,,,,1.11204576,0,,,,
453.339,,15.127,22.85,742.77,19.52,143.21,0,,,,1.051816958,0,,,,
462.326,0.03,15.135,22.84,746.17,19.52,146.94,0,,,,1.070883804,0,,,,
472.401,0.03,15.14,22.84,746.77,19.52,147.51,0,,,,1.074248542,0,,,,
482.348,0.03,15.152,22.83,742.55,19.52,147.65,0,,,,1.050583221,0,,,,
492.363,0.02,15.159,22.83,746.07,19.54,147.21,0,,,,1.070323015,0,,,,
502.296,0.03,15.164,22.83,749.75,19.54,147.21,0,,,,1.090960072,0,,,,
512.399,0.03,15.171,22.82,750.71,19.54,147.3,0,,,,1.096343652,0,,,,
522.382,0.03,15.178,22.82,742.91,19.55,146.77,0,,,,1.052602064,0,,,,
532.353,0.02,15.184,22.81,750.91,19.54,147.14,0,,,,1.097465231,0,,,,
542.415,0.03,15.19,22.81,751.25,19.54,146.97,0,,,,1.099371916,0,,,,
552.403,0.04,15.194,22.81,748.13,19.54,146.71,0,,,,1.08187528,0,,,,
562.403,0.03,15.2,22.8,743.69,19.54,146.23,0,,,,1.056976223,0,,,,
572.357,0.03,15.203,22.8,739.36,19.55,145.87,0,,,,1.032694033,0,,,,
582.436,0.02,15.206,22.8,740.89,19.54,145.8,0,,,,1.041274114,0,,,,
592.378,0.03,15.213,22.8,748.29,19.53,145.99,0,,,,1.082772544,0,,,,
602.38,0.03,15.215,22.79,752.14,19.51,145.96,0,,,,1.104362943,0,,,,
612.446,0.01,15.218,22.79,751.82,19.5,145.78,0,,,,1.102568416,0,,,,
622.44,0.02,15.156,22.79,746.11,19.48,145.3,0,,,,1.070547331,0,,,,
632.414,0.03,22.464,22.78,740.2,19.47,144.83,0,,,,1.037404666,0,,,,
642.385,0.03,42.451,22.78,737.79,19.47,145.28,0,,,,1.023889637,0,,,,
652.438,0.03,54.896,22.78,746.13,19.47,155.96,0,,,,1.070659489,0,,,,
662.448,0.03,56.39,22.78,742.58,19.49,169.02,0,,,,1.050751458,0,,,,
672.416,0.03,56.391,22.78,733.38,19.51,181.72,0,,,,0.999158816,0,,,,
682.491,0.02,56.392,22.78,750.43,19.52,195.39,0,,,,1.094773441,0,,,,
692.426,0.02,56.392,22.77,731.69,19.52,206.09,0,,,,0.989681472,0,,,,
702.423,0.01,56.393,22.77,748.63,19.53,217.76,0,,,,1.084679228,0,,,,
712.403,0.01,56.395,22.77,739.26,19.54,227.69,0,,,,1.032133244,0,,,,
722.471,0.03,56.396,22.77,731.6,19.54,237.93,0,,,,0.989176761,0,,,,
732.463,0.03,56.395,22.77,732.41,19.55,246.98,0,,,,0.993719157,0,,,,
742.432,0.04,56.398,22.76,742.27,19.56,257.02,0,,,,1.04901301,0,,,,
752.535,0.03,56.397,22.76,732.67,19.56,265,0,,,,0.99517721,0,,,,
762.465,0.03,56.4,22.76,733.19,19.56,273.02,0,,,,0.998093315,0,,,,
772.444,0.02,56.4,22.75,747.31,19.58,281.19,0,,,,1.077276806,0,,,,
782.435,0.02,56.4,22.75,735.05,19.58,288.38,0,,,,1.008524002,0,,,,
792.502,0.02,56.403,22.75,746.74,19.59,294.98,0,,,,1.074080305,0,,,,
802.479,0.03,56.402,22.74,741.21,19.59,301.44,0,,,,1.043068641,0,,,,
812.441,0.02,56.406,22.74,740.26,19.59,309.27,0,,,,1.03774114,0,,,,
822.521,0.02,56.408,22.74,745.35,19.6,317.28,0,,,,1.06628533,0,,,,
832.499,0.03,56.408,22.73,746.24,19.6,326.04,0,,,,1.071276357,0,,,,
842.461,0.02,56.41,22.73,735.25,19.61,333,0,,,,1.009645581,0,,,,
852.447,0.03,56.41,22.73,738.47,19.62,341.17,0,,,,1.027703006,0,,,,
862.513,0.03,56.411,22.73,742.78,19.62,348.28,0,,,,1.051873037,0,,,,
872.503,0.04,56.409,22.73,745.81,19.63,356.71,0,,,,1.068864962,0,,,,
882.472,0.04,56.409,22.73,742.23,19.63,366.36,0,,,,1.048788694,0,,,,
892.53,0.03,56.408,22.72,742.43,19.65,374.67,0,,,,1.049910274,0,,,,
902.531,0.03,56.408,22.72,741.43,19.65,382.42,0,,,,1.044302378,0,,,,
912.505,0.03,56.409,22.72,739.12,19.66,389.86,0,,,,1.031348138,0,,,,
922.468,0.03,56.41,22.71,742,19.66,397.85,0,,,,1.047498878,0,,,,
932.558,0.03,56.412,22.71,739.41,19.66,405.03,0,,,,1.032974428,0,,,,
942.515,0.03,56.411,22.71,738.94,19.67,411.97,0,,,,1.030338717,0,,,,
952.506,0.04,56.412,22.71,740.73,19.67,418.8,0,,,,1.040376851,0,,,,
962.472,0.04,56.412,22.71,738.79,19.67,424.77,0,,,,1.029497533,0,,,,
972.573,0.03,56.413,22.7,736.94,19.67,431.8,0,,,,1.019122925,0,,,,
982.537,0.04,56.414,22.7,736.9,19.67,437.23,0,,,,1.018898609,0,,,,
992.511,0.03,56.416,22.7,741.02,19.68,442.58,0,,,,1.04200314,0,,,,
1002.57,0.04,56.417,22.7,740.89,19.68,448.66,0,,,,1.041274114,0,,,,
1012.548,0.03,56.416,22.69,737.62,19.68,453.75,0,,,,1.022936294,0,,,,
1022.511,0.04,56.417,22.69,740.5,19.68,459.76,0,,,,1.039087035,0,,,,
1032.5,0.01,56.418,22.69,740.39,19.68,463.97,0,,,,1.038470166,0,,,,
1042.583,0.02,56.422,22.68,745.36,19.68,468.69,0,,,,1.066341409,0,,,,
1052.572,0.01,56.423,22.68,746.84,19.68,472.91,0,,,,1.074641095,0,,,,
1062.53,0.03,56.424,22.68,752.72,19.68,477,0,,,,1.107615523,0,,,,
1072.516,0.04,56.424,22.67,756.82,19.66,481.61,0,,,,1.130607896,0,,,,
1082.58,0.04,56.425,22.67,761.63,19.66,485.55,0,,,,1.157581875,0,,,,
1092.554,,56.425,22.67,767.88,19.66,489.54,0,,,,1.192631225,0,,,,
1101.53,0.03,56.427,22.67,773.22,19.67,492.97,0,,,,1.222577389,0,,,,
1111.614,0.04,56.427,22.67,778.28,19.66,496.58,0,,,,1.250953342,0,,,,
1121.601,0.04,56.428,22.67,785.74,19.66,500.47,0,,,,1.292788246,0,,,,
1131.563,0.03,56.43,22.67,792.86,19.65,504.04,0,,,,1.332716465,0,,,,
1141.523,0.03,56.43,22.67,798.6,19.64,507.18,0,,,,1.364905787,0,,,,
1151.618,0.03,56.429,22.66,806.28,19.65,510.48,0,,,,1.407974428,0,,,,
1161.587,0.03,56.429,22.66,811.16,19.65,513.98,0,,,,1.43534096,0,,,,
1171.588,0.02,56.431,22.65,816.87,19.65,517.29,0,,,,1.467362046,0,,,,
1181.644,,56.431,22.65,828.14,19.66,520.52,0,,,,1.530563033,0,,,,
1190.619,0.02,56.432,22.65,833.06,19.66,524.27,0,,,,1.558153881,0,,,,
1200.592,0.03,56.431,22.65,840.94,19.64,527.2,0,,,,1.6023441,0,,,,
1210.566,0.02,56.434,22.65,849.08,19.64,530.77,0,,,,1.647992373,0,,,,
1220.637,0.03,56.432,22.64,857.53,19.65,533.82,0,,,,1.695379094,0,,,,
1230.64,0.02,56.433,22.64,868.18,19.63,537.13,0,,,,1.755103185,0,,,,
1240.61,0.03,56.434,22.64,874.9,19.63,541.27,0,,,,1.792788246,0,,,,
1250.542,0.02,56.435,22.64,881.98,19.63,544.23,0,,,,1.832492149,0,,,,
1260.64,0.02,56.436,22.63,891.11,19.63,548.42,0,,,,1.883692239,0,,,,
1270.627,0.03,56.437,22.64,899.27,19.63,551.68,0,,,,1.929452669,0,,,,
1280.575,0.02,56.437,22.63,911.37,19.63,555.16,0,,,,1.99730821,0,,,,
1290.678,0.03,56.438,22.63,920.08,19.63,559.41,0,,,,2.046152983,0.023553163,,,,
1300.654,0.03,56.436,22.62,931.2,19.63,563.52,0,,,,2.108512786,0.046601615,,,,
1310.626,0.03,56.435,22.62,938.47,19.62,567.78,0,,,,2.149282189,0.070491252,,,,
1320.598,0.02,56.436,22.62,948.25,19.61,571.12,0,0.19278,2.94,1.14815,2.204127411,0.089221624,,,,
1330.695,0.03,56.436,22.62,955.06,19.62,575.11,0,,,,2.242317183,0.111597129,,,,
1340.656,0.02,56.437,22.61,963.58,19.62,579.34,0,,,,2.290096456,0.135318528,,,,
1350.628,0.03,56.438,22.61,971.87,19.63,583.47,0,,,,2.336585913,0.158479139,,,,
1360.591,0.03,56.436,22.61,979.16,19.63,588.22,0,,,,2.377467474,0.185116644,,,,
1370.669,0.02,56.438,22.61,988.68,19.63,592.14,0,,,,2.430854643,0.207099596,,,,
1380.677,0.02,56.439,22.61,998.96,19.63,597.51,0,,,,2.488503813,0.237213997,,,,
1390.633,,56.439,22.61,1005.53,19.63,600.94,0,,,,2.52534769,0.25644908,,,,
1399.727,0.02,56.441,22.61,1014.59,19.61,605.15,0,,,,2.576155227,0.280058322,,,,
1409.69,0.03,56.44,22.6,1025.14,19.61,610.1,0,,,,2.635318528,0.307817407,,,,
1419.665,,56.441,22.6,1033.98,19.6,614.07,0,,,,2.684892328,0.330080754,,,,
1428.742,0.02,56.442,22.6,1043.13,19.6,618.06,0,,,,2.736204576,0.352456258,,,,
1438.702,0.03,56.444,22.6,1052.02,19.6,623.16,0,,,,2.786058771,0.381056528,,,,
1448.698,0.02,56.443,22.59,1061.99,19.59,627.46,0,,,,2.841969493,0.40517048,,,,
1458.674,0.03,56.443,22.59,1069.78,19.59,633.13,0,,,,2.885655002,0.43696725,,,,
1468.739,0.02,56.444,22.59,1080.18,19.59,637.37,0,,,,2.94397712,0.460744729,,,,
1478.711,0.03,56.445,22.58,1089.87,19.6,642.58,0,,,,2.998317631,0.489961866,,,,
1488.695,0.03,56.445,22.58,1100.52,19.59,647.32,0,,,,3.058041723,0.516543293,,,,
1498.65,0.02,56.45,22.58,1109.27,19.59,651.88,0,,,,3.107110812,0.542115298,,,,
1508.724,0.03,56.449,22.58,1119.05,19.58,657.6,0,,,,3.161956034,0.574192463,,,,
1518.732,0.02,56.449,22.58,1129.7,19.57,661.68,0,,,,3.221680126,0.597072678,,,,
1528.691,0.01,56.45,22.57,1138.81,19.57,667.44,0,,,,3.272768057,0.629374159,,,,
1538.755,0.03,56.45,22.57,1150.65,19.57,672.18,0,,,,3.339165545,0.655955585,,,,
1548.748,0.05,56.449,22.57,1159.16,19.56,676.82,0,,,,3.386888739,0.681976223,,,,
1558.719,0.06,56.449,22.57,1170.27,19.55,681.45,0,,,,3.449192463,0.707940781,,,,
1568.71,0.06,56.449,22.56,1178.48,19.55,686.69,0,,,,3.495233288,0.737326155,,,,
1578.78,0.06,56.449,22.56,1191.38,19.55,691.84,0,,,,3.567575146,0.766206819,,,,
1588.744,0.11,56.449,22.56,1201.78,19.53,696.74,0,,,,3.625897263,0.793685509,,,,
1598.71,0.1,56.449,22.56,1211.67,19.53,701.25,0,,,,3.681359354,0.81897712,,,,
1608.798,0.1,56.449,22.56,1222.32,19.54,706.24,0,,,,3.741083445,0.84696052,,,,
1618.768,,56.449,22.55,1232.71,19.54,712.19,0,,,,3.799349484,0.880327501,,,,
1627.744,0.16,56.45,22.55,1240.96,19.54,716.21,0,,,,3.845614625,0.902871243,,,,
1637.735,0.14,56.449,22.55,1252.73,19.55,721.27,0,,,,3.91161956,0.931247196,,,,
1647.79,0.15,56.45,22.55,1261.42,19.54,726.53,0,,,,3.960352176,0.960744729,,,,
1657.771,,56.451,22.54,1270.53,19.54,731.44,0,,,,4.011440108,0.988279498,,,,
1666.737,0.21,56.452,22.54,1278.68,19.53,736.23,0,,,,4.057144459,1.015141319,,,,
1676.73,0.19,56.451,22.54,1289.34,19.52,741.04,0,,,,4.11692463,1.042115298,,,,
1686.826,0.22,56.452,22.54,1299.72,19.52,745.99,0,,,,4.17513459,1.069874383,,,,
1696.779,0.22,56.452,22.53,1310.39,19.52,751.81,0,,,,4.234970839,1.102512337,,,,
1706.735,0.26,56.452,22.53,1320.47,19.51,756.76,0,,,,4.29149843,1.130271422,,,,
1716.842,0.26,56.452,22.53,1331.04,19.52,761.61,0,,,,4.35077389,1.157469717,,,,
1726.801,,56.454,22.53,1342.2,19.52,766.04,0,,,,4.413358008,1.182312696,,,,
1735.782,0.27,56.453,22.53,1351.64,19.52,770.94,0,,,,4.466296546,1.209791386,,,,
1745.758,0.32,56.453,22.53,1360.95,19.52,775.51,0,,,,4.518506057,1.235419471,,,,
1755.82,0.32,56.454,22.52,1371.04,19.51,780.16,0,,,,4.575089726,1.261496187,,,,
1765.814,0.32,56.453,22.52,1380.96,19.52,784.75,0,,,,4.630720054,1.287236429,,,,
1775.783,0.32,56.453,22.52,1390.52,19.51,790.26,0,,,,4.684331539,1.318135935,,,,
1785.747,0.38,56.454,22.52,1401.8,19.5,795.01,0,,,,4.747588605,1.344773441,,,,
1795.814,0.37,56.454,22.51,1411.88,19.5,799.59,0,,,,4.804116196,1.370457604,,,,
1805.8,0.38,56.454,22.51,1421.46,19.5,804.24,0,,,,4.857839838,1.39653432,,,,
1815.764,0.37,56.454,22.51,1431.81,19.49,810.08,0,,,,4.915881561,1.429284432,,,,
1825.869,0.42,56.456,22.51,1442.93,19.48,813.77,0,,,,4.978241364,1.449977568,,,,
1835.818,0.42,56.454,22.51,1452.12,19.48,818.84,0,,,,5.029777927,1.478409601,,,,
1845.795,0.43,56.455,22.51,1462.55,19.49,823.36,0,,,,5.088268282,1.50375729,,,,
1855.781,0.43,56.454,22.5,1473.54,19.49,827.6,0,,,,5.149899058,1.527534769,,,,
1865.886,0.47,56.455,22.5,1482.67,19.49,832.97,0,,,,5.201099148,1.55764917,,,,
1875.833,0.47,56.455,22.5,1493.48,19.49,837.01,0,,,,5.261720502,1.58030507,,,,
1885.787,0.47,56.457,22.5,1503.88,19.49,841.87,0,,,,5.32004262,1.607559444,,,,
1895.779,0.47,56.456,22.5,1513.38,19.49,847.1,0,,,,5.373317631,1.636888739,,,,
1905.847,0.53,56.456,22.5,1523.8,19.5,851.47,0,,,,5.431751907,1.661395245,,,,
1915.826,0.53,56.456,22.5,1534.6,19.51,855.67,0,,,,5.492317183,1.684948407,,,,
1925.806,0.54,56.456,22.49,1544.63,19.52,860.53,0,,,,5.548564379,1.712202782,,,,
1935.897,0.54,56.455,22.49,1559.77,19.51,862.37,0,,,,5.633467923,1.72252131,,,,
1945.883,0.59,56.457,22.49,1569.4,19.51,861.54,0,,,,5.687471961,1.717866756,,,,
1955.823,0.59,56.457,22.49,1579.17,19.5,858.45,0,,,,5.742261104,1.700538358,,,,
1965.896,0.59,56.457,22.49,1585.02,19.5,863,0,,,,5.775067295,1.726054284,,,,
1975.887,0.59,56.457,22.49,1594.43,19.52,868.86,0,,,,5.827837595,1.758916555,,,,
1985.864,,56.457,22.49,1604.46,19.51,874.29,0,,,,5.884084791,1.789367429,,,,
1994.816,0.64,56.457,22.49,1613.09,19.52,878.46,0,,,,5.932480933,1.812752355,,,,
2004.914,0.64,56.457,22.48,1624.55,19.53,883.88,0,,,,5.99674742,1.843147151,,,,
2014.881,0.64,56.457,22.48,1634.01,19.53,889.15,0,,,,6.049798116,1.872700763,,,,
2024.86,0.65,56.458,22.49,1643.3,19.53,894,0,,,,6.101895469,1.899899058,,,,
2034.838,0.7,56.458,22.48,1652.86,19.53,898.25,0,,,,6.155506954,1.923732616,,,,
2044.919,0.69,56.458,22.48,1663.19,19.53,902.44,0,,,,6.213436519,1.947229699,,,,
2054.91,0.7,56.458,22.48,1672.23,19.54,906.45,0,,,,6.264131898,1.969717362,,,,
2064.885,0.71,56.458,22.48,1682.46,19.54,910.36,0,,,,6.321500673,1.991644235,,,,
2074.859,0.75,56.46,22.48,1691.84,19.55,915.22,0,,,,6.374102737,2.018898609,,,,
2084.9,0.75,56.46,22.48,1702.38,19.55,918.29,0,,,,6.43320996,2.03611485,,,,
2094.876,0.76,56.46,22.48,1711.67,19.55,922.23,0,,,,6.485307313,2.05820996,,,,
2104.88,0.75,56.46,22.48,1722.04,19.54,926.02,0,,,,6.543461193,2.079463885,,,,
2114.943,0.81,56.459,22.48,1731.43,19.54,929.81,0,,,,6.596119336,2.100717811,,,,
2124.923,0.8,56.461,22.48,1739.17,19.55,933.83,0,,,,6.63952445,2.123261552,,,,
2134.891,0.8,56.461,22.48,1748.58,19.56,938.56,0,,,,6.692294751,2.1497869,,,,
2144.953,0.8,56.461,22.48,1758.14,19.56,941.74,0,,,,6.745906236,2.167620009,,,,
2154.921,0.85,56.462,22.48,1762.81,19.56,949.5,0,,,,6.77209511,2.211137281,,,,
2164.924,0.87,56.464,22.47,1766.4,19.56,952.53,0,,,,6.792227456,2.228129206,,,,
2174.897,0.87,56.463,22.47,1789.81,19.55,957.24,0,,,,6.9235083,2.254542396,,,,
2184.977,0.87,56.464,22.47,1787.92,19.55,960.01,0,,,,6.912909376,2.270076267,,,,
2194.927,,56.465,22.47,1802.81,19.56,965.09,0,,,,6.996410947,2.298564379,,,,
2203.95,0.92,56.465,22.47,1812.57,19.55,967.34,0,,,,7.051144011,2.311182144,,,,
2213.886,0.92,56.465,22.47,1814.13,19.55,970.15,0,,,,7.059892328,2.326940332,,,,
2223.972,0.93,56.466,22.47,1820.63,19.55,974.02,0,,,,7.096343652,2.348642889,,,,
2233.951,0.92,56.466,22.47,1838.7,19.54,977.7,0,,,,7.197678331,2.369279946,,,,
2243.924,0.98,56.462,22.47,1848.64,19.54,980.21,0,,,,7.253420817,2.383355765,,,,
2253.992,0.97,56.463,22.47,1859.07,19.54,983.73,0,,,,7.311911171,2.403095559,,,,
2263.975,0.98,56.461,22.47,1862.41,19.55,987.15,0,,,,7.330641543,2.422274563,,,,
2273.937,0.97,56.462,22.47,1882.78,19.55,990.59,0,,,,7.444874383,2.441565725,,,,
2283.899,1.03,56.462,22.47,1884.86,19.54,992.89,0,,,,7.456538807,2.454463885,,,,
2294.004,1.03,56.463,22.47,1889.24,19.54,996.44,0,,,,7.481101391,2.474371916,,,,
2303.976,1.03,56.463,22.47,1912.18,19.55,1000.12,0,,,,7.609746523,2.495008973,,,,
2313.949,1.02,56.463,22.47,1929.87,19.55,1003.48,0,,,,7.708950202,2.513851503,,,,
2323.928,,56.463,22.46,1944.52,19.56,1007.1,0,,,,7.791105877,2.534152086,,,,
2333.004,1.08,56.464,22.47,1928.44,19.56,1007.79,0,,,,7.700930911,2.538021534,,,,
2342.974,1.08,56.463,22.46,1948.98,19.56,1012.81,0,,,,7.816117093,2.566173172,,,,
2352.951,1.08,56.466,22.46,1969.89,19.56,1016.29,0,,,,7.933378197,2.58568865,,,,
2363.02,1.09,56.467,22.46,1988.86,19.57,1018.79,0,,,,8.039759982,2.599708389,,,,
2373.012,1.13,56.469,22.46,1974.01,19.56,1020.04,0,,,,7.956482728,2.606718259,,,,
2382.994,1.14,56.469,22.46,1993.56,19.56,1023.51,0,,,,8.066117093,2.626177658,,,,
2392.96,1.13,56.47,22.47,2019.63,19.55,1026.94,0,,,,8.212314939,2.645412741,,,,
2403.029,1.14,56.47,22.46,2000,19.55,1027.86,0,,,,8.102231943,2.650572005,,,,
2413.025,1.19,56.469,22.47,2042.8,19.56,1033.62,0,,,,8.342249888,2.682873486,,,,
2422.984,1.19,56.468,22.46,2017.45,19.56,1033.92,0,,,,8.200089726,2.684555855,,,,
2433.045,1.2,56.469,22.47,2050.79,19.57,1037.27,0,,,,8.387056976,2.703342306,,,,
2443.034,1.2,56.469,22.46,2074.11,19.57,1040.98,0,,,,8.517833109,2.7241476,,,,
2453.021,1.19,56.47,22.47,2059.71,19.57,1042.27,0,,,,8.437079408,2.731381786,,,,
2463.012,1.25,56.47,22.46,2094.02,19.57,1046.84,0,,,,8.629486317,2.75700987,,,,
2473.058,1.25,56.47,22.47,2071.83,19.57,1047.86,0,,,,8.505047106,2.762729924,,,,
2483.038,1.24,56.472,22.46,2074.45,19.58,1049.7,0,,,,8.519739794,2.773048452,,,,
2493.004,1.24,56.472,22.46,2091.68,19.57,1052.88,0,,,,8.61636384,2.790881561,,,,
2502.968,1.31,56.471,22.46,2109.55,19.57,1054.66,0,,,,8.71657694,2.800863616,,,,
2513.062,1.3,56.472,22.47,2131.74,19.58,1058.57,0,,,,8.841016151,2.822790489,,,,
2523.058,1.31,56.472,22.47,2153.06,19.58,1061.49,0,,,,8.960576492,2.839165545,,,,
2533.004,1.31,56.473,22.46,2126.33,19.58,1062.78,0,,,,8.810677434,2.846399731,,,,
2543.087,,56.473,22.47,2161.31,19.57,1066.24,0,,,,9.006841633,2.865803051,,,,
2552.051,1.37,56.475,22.47,2177.83,19.58,1067.96,0,,,,9.099484074,2.875448632,,,,
2562.033,1.37,56.474,22.47,2192.89,19.58,1071.57,0,,,,9.183938986,2.895693136,,,,
2572.001,1.37,56.476,22.47,2178.5,19.58,1071.6,0,,,,9.103241364,2.895861373,,,,
2582.094,1.36,56.477,22.47,2172.05,19.57,1074.03,0,,,,9.067070435,2.90948856,,,,
2592.073,1.41,56.476,22.47,2206.68,19.56,1076.85,0,,,,9.261271871,2.925302826,,,,
2602.044,1.42,56.477,22.47,2214.91,19.56,1078.96,0,,,,9.307424854,2.937135487,,,,
2612.129,1.42,56.478,22.47,2242.18,19.57,1081.92,0,,,,9.460352176,2.953734859,,,,
2622.063,1.43,56.478,22.47,2211.48,19.57,1082.31,0,,,,9.288189771,2.955921938,,,,
2632.073,,56.478,22.47,2229.37,19.57,1084.99,0,,,,9.388515029,2.970951099,,,,
2641.035,1.48,56.479,22.47,2231.99,19.56,1086.56,0,,,,9.403207716,2.979755496,,,,
2651.12,1.48,56.478,22.47,2239.06,19.57,1088.26,0,,,,9.442855541,2.989288919,,,,
2661.086,1.48,56.479,22.46,2256.65,19.57,1090.47,0,,,,9.54149843,3.001682369,,,,
2671.074,1.47,56.478,22.47,2278.3,19.57,1093.3,0,,,,9.662909376,3.017552714,,,,
2681.036,1.53,56.48,22.47,2281.95,19.57,1095.46,1,,,,9.683378197,3.029665769,,,,
2691.134,1.55,56.478,22.47,2295.75,19.57,1097.36,0,,,,9.76076716,3.040320772,,,,
2701.069,1.55,56.479,22.47,2289.21,19.57,1098.06,0,,,,9.724091521,3.044246299,,,,
2711.085,1.55,56.478,22.47,2309.21,19.58,1100.5,0,,,,9.836249439,3.057929565,,,,
2721.144,1.56,56.476,22.47,2307.94,19.58,1102.39,0,,,,9.829127411,3.068528488,,,,
2731.146,1.61,56.476,22.47,2316.49,19.58,1103.71,0,,,,9.877074921,3.075930911,,,,
2741.111,1.61,56.478,22.47,2362.66,19.58,1107.68,0,,,,10.13599148,3.098194258,,,,
2751.074,1.6,56.479,22.47,2366.32,19.58,1108.73,0,,,,10.15651638,3.104082548,,,,
2761.135,1.6,56.477,22.47,2372.03,19.58,1110.49,0,,,,10.18853746,3.113952445,,,,
2771.128,1.67,56.478,22.47,2392.58,19.58,1113.06,0,,,,10.30377972,3.128364738,,,,
2781.106,1.66,56.479,22.47,2365.12,19.57,1112.86,0,,,,10.1497869,3.127243158,,,,
2791.169,1.67,56.478,22.47,2407.72,19.57,1115.83,0,,,,10.38868327,3.143898609,,,,
2801.134,1.67,56.479,22.47,2384.79,19.57,1115.59,0,,,,10.26009421,3.142552714,,,,
2811.135,1.66,56.482,22.47,2425.47,19.57,1118.23,0,,,,10.48822342,3.157357559,,,,
2821.096,1.72,56.482,22.46,2434.34,19.57,1120.99,0,,,,10.53796546,3.172835352,,,,
2831.168,1.72,56.482,22.46,2445.2,19.57,1122.12,0,,,,10.59886721,3.179172275,,,,
2841.157,1.72,56.482,22.47,2454.3,19.58,1123.65,0,,,,10.64989906,3.187752355,,,,
2851.134,1.73,56.481,22.47,2460.75,19.58,1125.17,0,,,,10.68606999,3.196276357,,,,
2861.202,,56.481,22.46,2449.71,19.58,1125.15,0,,,,10.62415882,3.196164199,,,,
2870.186,1.79,56.482,22.46,2473.9,19.58,1127.91,0,,,,10.75981382,3.211641992,,,,
2880.169,1.78,56.482,22.46,2475.42,19.58,1129.32,0,,,,10.76833782,3.219549125,,,,
2890.138,1.78,56.479,22.46,2498.56,19.58,1130.62,0,,,,10.89810453,3.22683939,,,,
2900.217,1.82,56.481,22.46,2497.58,19.58,1131.47,0,,,,10.89260879,3.231606101,,,,
2910.18,1.81,56.48,22.46,2493.11,19.57,1131.84,0,,,,10.8675415,3.233681023,,,,
2920.158,1.81,56.481,22.46,2500.82,19.56,1132.85,0,,,,10.91077838,3.239344998,,,,
2930.155,1.8,56.479,22.46,2515.51,19.55,1133.82,0,,,,10.99315837,3.244784657,,,,
2940.19,1.8,56.48,22.46,2529.7,19.55,1136.34,0,,,,11.07273441,3.258916555,,,,
2950.196,1.81,56.48,22.46,2546.47,19.54,1139.31,0,,,,11.16677882,3.275572005,,,,
2960.139,1.86,56.48,22.45,2556.06,19.54,1127.14,0,,,,11.22055855,3.207323912,,,,
2970.248,1.86,56.48,22.46,2563.92,19.52,1136.87,0,,,,11.26463661,3.261888739,,,,
2980.223,1.85,56.48,22.46,2572.31,19.51,1138.04,0,,,,11.31168686,3.268449978,,,,
2990.198,1.86,56.481,22.45,2567.57,19.5,1135.21,0,,,,11.28510543,3.252579632,,,,
3000.177,1.85,56.48,22.45,2586.32,19.49,1137.28,0,,,,11.39025348,3.264187977,,,,
3010.222,1.92,56.485,22.45,2596.32,19.49,1139.96,0,,,,11.44633244,3.279217138,,,,
3020.21,1.92,56.485,22.45,2606.55,19.48,1141.79,0,,,,11.50370121,3.289479587,,,,
3030.205,1.91,56.485,22.45,2614.34,19.48,1141.27,0,,,,11.54738672,3.286563481,,,,
3040.281,1.92,56.485,22.45,2624.99,19.47,1141.4,0,,,,11.60711081,3.287292508,,,,
3050.241,,56.485,22.45,2631.18,19.46,1143.43,0,,,,11.64182369,3.298676537,,,,
3059.225,1.97,56.485,22.45,2642.91,19.46,1143.76,0,,,,11.70760431,3.300527142,,,,
3069.191,1.97,56.486,22.45,2652.79,19.45,1144.81,0,,,,11.76301032,3.306415433,,,,
3079.27,1.98,56.486,22.45,2649.74,19.45,1145.11,0,,,,11.74590624,3.308097802,,,,
3089.245,1.97,56.485,22.45,2665.94,19.45,1146.77,0,,,,11.83675415,3.317406909,,,,
3099.204,2.02,56.486,22.45,2672.43,19.45,1147.44,0,,,,11.87314939,3.321164199,,,,
3109.182,2.02,56.485,22.44,2686.45,19.46,1149.13,0,,,,11.9517721,3.330641543,,,,
3119.269,2.04,56.486,22.44,2690.26,19.46,1150.26,0,,,,11.97313818,3.336978466,,,,
3129.252,2.02,56.485,22.44,2701.79,19.46,1151.01,0,,,,12.03779722,3.341184388,,,,
3139.239,2.02,56.486,22.44,2709.8,19.46,1151.29,0,,,,12.08271646,3.342754598,,,,
3149.29,2.09,56.486,22.44,2719.89,19.46,1152.26,0,,,,12.13930013,3.348194258,,,,
3159.268,2.09,56.486,22.44,2729.52,19.46,1153.97,0,,,,12.19330417,3.35778376,,,,
3169.265,2.08,56.485,22.44,2733.24,19.46,1154.26,0,,,,12.21416555,3.359410049,,,,
3179.243,2.08,56.485,22.44,2741.93,19.45,1155.19,0,,,,12.26289816,3.364625393,,,,
3189.307,2.09,56.486,22.44,2752.75,19.45,1156.32,0,,,,12.32357559,3.370962315,,,,
3199.255,2.15,56.485,22.44,2764.01,19.44,1155.88,0,,,,12.3867205,3.368494841,,,,
3209.251,2.14,56.484,22.44,2771.12,19.43,1157.12,0,,,,12.42659264,3.375448632,,,,
3219.208,2.15,56.486,22.44,2777.24,19.42,1157.2,0,,,,12.46091297,3.375897263,,,,
3229.296,2.14,56.482,22.44,2788.35,19.42,1158.47,0,,,,12.52321669,3.383019291,,,,
3239.271,2.14,56.482,22.44,2795.52,19.43,1159.04,0,,,,12.5634253,3.386215792,,,,
3249.242,2.19,56.482,22.43,2805.43,19.44,1160.07,0,,,,12.61899955,3.391991925,,,,
3259.332,2.21,56.481,22.43,2813.21,19.43,1160.51,0,,,,12.66262898,3.394459399,,,,
3269.308,2.19,56.482,22.43,2822.15,19.44,1161.57,0,,,,12.71276357,3.400403769,,,,
3279.3,2.2,56.482,22.43,2830.38,19.44,1161.36,0,,,,12.75891655,3.39922611,,,,
3289.268,,56.481,22.43,2840.09,19.45,1162.02,0,,,,12.81336922,3.402927322,,,,
3298.323,2.26,56.481,22.43,2847.16,19.44,1161.76,0,,,,12.85301705,3.401469269,,,,
3308.301,2.26,56.481,22.43,2855.87,19.43,1162.06,0,,,,12.90186182,3.403151638,,,,
3318.275,2.25,56.48,22.43,2864.66,19.43,1162.37,0,,,,12.95115523,3.404890085,,,,
3328.34,2.26,56.481,22.43,2873.12,19.43,1162.97,0,,,,12.99859803,3.408254823,,,,
3338.342,,56.481,22.43,2881.07,19.43,1163.42,0,,,,13.0431808,3.410778376,,,,
3347.316,2.32,56.482,22.43,2889.04,19.43,1165.23,0,,,,13.08787573,3.420928668,,,,
3357.292,2.31,56.481,22.43,2898.04,19.44,1164.6,0,,,,13.13834679,3.417395693,,,,
3367.372,2.31,56.481,22.43,2906.3,19.44,1165.04,0,0.33504,2.66,2.18776,13.18466801,3.419863167,,,,
3377.353,2.31,56.481,22.42,2914.55,19.43,1165.47,0,,,,13.23093315,3.422274563,,,,
3387.334,,56.483,22.43,2923.32,19.44,1165.76,0,,,,13.2801144,3.423900852,,,,
3396.39,2.38,56.48,22.42,2930.36,19.44,1165.33,0,,,,13.31959399,3.421489457,,,,
3406.389,2.36,56.481,22.42,2939.44,19.45,1165.46,0,,,,13.37051368,3.422218484,,,,
3416.345,2.38,56.483,22.42,2947.62,19.44,1165.75,0,,,,13.41638627,3.423844773,,,,
3426.337,2.38,56.483,22.42,2961.01,19.44,1168.97,0,,,,13.491476,3.441902198,,,,
3436.291,2.37,56.483,22.42,2970.82,19.44,1155.15,0,,,,13.54648946,3.364401077,,,,
3446.367,2.43,56.483,22.42,2978.58,19.44,1163.33,0,,,,13.59000673,3.410273665,,,,
3456.33,2.43,56.483,22.42,2987.34,19.43,1153.91,0,,,,13.6391319,3.357447286,,,,
3466.346,2.42,56.483,22.42,2988.85,19.4,1162.98,0,,,,13.64759982,3.408310902,,,,
3476.42,2.42,56.482,22.42,2997.51,19.4,1163.6,0,,,,13.6961642,3.411787797,,,,
3486.383,2.43,56.481,22.42,3005.78,19.41,1165.04,0,,,,13.7425415,3.419863167,,,,
3496.366,2.48,56.483,22.41,3014.01,19.4,1165.53,0,,,,13.78869448,3.422611036,,,,
3506.317,2.48,56.483,22.42,3022.62,19.41,1167.02,0,,,,13.83697847,3.430966801,,,,
3516.403,2.47,56.483,22.42,3030.4,19.4,1166.06,0,,,,13.8806079,3.425583221,,,,
3526.396,2.47,56.48,22.42,3039.72,19.41,1166.66,0,,,,13.93287349,3.428947959,,,,
3536.354,,56.481,22.41,3047.75,19.42,1167.13,0,,,,13.97790489,3.43158367,,,,
3545.422,2.53,56.482,22.42,3056.09,19.42,1167.29,0,,,,14.02467474,3.432480933,,,,
3555.416,2.53,56.477,22.42,3063.89,19.44,1168.72,0,,,,14.06841633,3.440500224,,,,
3565.383,,56.482,22.42,3071.88,19.44,1169.37,0,,,,14.11322342,3.444145357,,,,
3574.438,2.53,56.48,22.41,3078.99,19.44,1167.88,0,,,,14.15309556,3.435789592,,,,
3584.422,2.54,56.481,22.42,3087.62,19.44,1168.12,0,,,,14.2014917,3.437135487,,,,
3594.403,2.61,56.48,22.42,3095.44,19.44,1168.66,0,,,,14.24534545,3.440163751,,,,
3604.386,2.59,56.483,22.42,3104.01,19.44,1168.58,0,,,,14.29340511,3.439715119,,,,
3614.431,2.59,56.483,22.41,3111.5,19.42,1168.32,0,,,,14.33540825,3.438257066,,,,
3624.421,2.59,56.484,22.42,3121.72,19.42,1168.01,0,,,,14.39272095,3.436518618,,,,
3634.408,2.59,56.479,22.42,3128.66,19.43,1168.12,0,,,,14.43163975,3.437135487,,,,
3644.402,2.65,56.481,22.42,3137.16,19.42,1168.49,0,,,,14.47930686,3.439210408,,,,
3654.465,2.67,56.483,22.42,3144.9,19.43,1168.15,0,,,,14.52271198,3.437303724,,,,
3664.451,2.65,56.479,22.41,3153.4,19.44,1168.22,0,,,,14.57037909,3.437696276,,,,
3674.414,2.65,56.482,22.42,3161.27,19.43,1168.2,0,,,,14.61451323,3.437584118,,,,
3684.492,2.65,56.483,22.41,3169.41,19.43,1168.02,0,,,,14.66016151,3.436574697,,,,
3694.454,2.7,56.483,22.42,3177.75,19.43,1168.08,0,,,,14.70693136,3.436911171,,,,
3704.402,2.72,56.483,22.42,3185.26,19.44,1169.14,0,,,,14.74904666,3.442855541,,,,
3714.389,2.71,56.483,22.42,3193.96,19.44,1168.25,0,,,,14.79783535,3.437864513,,,,
3724.463,2.72,56.483,22.42,3201.57,19.44,1169.12,0,,,,14.84051144,3.442743383,,,,
3734.458,2.71,56.483,22.42,3211.12,19.44,1168.29,0,,,,14.89406685,3.438088829,,,,
3744.451,2.78,56.484,22.42,3218.47,19.44,1168.25,0,,,,14.93528488,3.437864513,,,,
3754.403,2.76,56.483,22.42,3226.58,19.44,1168.21,0,,,,14.98076492,3.437640197,,,,
3764.479,2.76,56.483,22.42,3235.42,19.45,1167.86,0,,,,15.03033872,3.435677434,,,,
3774.451,2.76,56.483,22.42,3242.66,19.45,1167.8,0,,,,15.07093988,3.43534096,,,,
3784.436,2.77,56.482,22.43,3250.62,19.46,1168.6,0,,,,15.11557873,3.439827277,,,,
3794.521,2.82,56.484,22.42,3257.91,19.47,1167.8,0,,,,15.1564603,3.43534096,,,,
3804.462,2.81,56.484,22.42,3266.95,19.48,1167.92,0,,,,15.20715568,3.436013908,,,,
3814.476,2.82,56.484,22.42,3274.44,19.48,1167.53,0,,,,15.24915882,3.433826828,,,,
3824.428,2.81,56.483,22.42,3281.08,19.49,1168.03,0,,,,15.28639524,3.436630776,,,,
3834.503,2.81,56.485,22.42,3290.86,19.49,1168.5,0,,,,15.34124047,3.439266487,,,,
3844.501,,56.482,22.42,3297.98,19.5,1167.65,0,,,,15.38116869,3.434499776,,,,
3853.468,2.87,56.482,22.42,3305.04,19.51,1169.05,0,,,,15.42076043,3.44235083,,,,
3863.428,2.86,56.483,22.42,3313.37,19.51,1168.14,0,,,,15.4674742,3.437247645,,,,
3873.526,2.87,56.483,22.42,3321.04,19.5,1167.4,0,,,,15.51048677,3.433097802,,,,
3883.494,2.89,56.483,22.43,3329.18,19.5,1167.48,0,,,,15.55613504,3.433546433,,,,
3893.475,2.88,56.484,22.43,3336.9,19.5,1166.66,0,,,,15.59942799,3.428947959,,,,
3903.542,2.93,56.483,22.43,3345.51,19.48,1166.29,0,,,,15.64771198,3.426873037,,,,
3913.524,2.93,56.483,22.42,3352.64,19.47,1166.77,0,,,,15.68769628,3.429564827,,,,
3923.48,2.94,56.483,22.42,3361.78,19.47,1165.6,0,,,,15.73895245,3.423003589,,,,
3933.484,2.93,56.483,22.43,3368.77,19.48,1163.86,0,,,,15.77815164,3.41324585,,,,
3943.533,,56.484,22.42,3376.79,19.48,1164.35,0,,,,15.82312696,3.415993719,,,,
3952.537,2.96,56.484,22.43,3388.43,19.49,1164.78,0,,,,15.88840287,3.418405114,,,,
3962.504,2.96,56.484,22.43,3398.8,19.5,1162.89,0,,,,15.94655675,3.407806191,,,,
3972.579,2.96,56.486,22.43,3406.82,19.5,1152.38,0,,,,15.99153208,3.348867205,,,,
3982.565,2.95,56.485,22.43,3414.46,19.5,1152.15,0,,,,16.0343764,3.347577389,,,,
3992.522,2.95,56.484,22.43,3421.37,19.51,1147.89,0,,,,16.07312696,3.323687752,,,,
4002.506,3.01,56.488,22.43,3424.53,19.51,1162.44,0,,,,16.09084791,3.405282638,,,,
4012.578,3.01,56.487,22.43,3431.19,19.52,1161.25,0,,,,16.1281965,3.398609242,,,,
4022.555,3.01,56.487,22.43,3439.32,19.52,1160.81,0,,,,16.17378869,3.396141768,,,,
4032.511,3.02,56.488,22.43,3445.11,19.53,1160.35,0,,,,16.20625841,3.393562135,,,,
4042.479,3.01,56.487,22.43,3456.45,19.53,1160.41,0,,,,16.26985195,3.393898609,,,,
4052.58,3.08,56.487,22.43,3461.57,19.53,1160.14,1,,,,16.29856438,3.392384477,,,,
4062.567,3.1,56.487,22.44,3472.99,19.53,1158.71,0,,,,16.36260655,3.384365186,,,,
4072.548,3.1,56.487,22.43,3477.19,19.52,1158.13,0,,,,16.38615971,3.381112607,,,,
4082.608,3.09,56.487,22.44,3489.4,19.52,1157,0,,,,16.45463212,3.374775684,,,,
4092.598,3.1,56.487,22.44,3489.84,19.52,1157.46,0,,,,16.4570996,3.377355316,,,,
4102.534,,56.486,22.43,3503.65,19.52,1155.97,0,,,,16.53454464,3.368999551,,,,
4111.637,3.15,56.486,22.44,3502.58,19.51,1154.96,0,,,,16.52854419,3.363335576,,,,
4121.614,3.15,56.488,22.44,3513.99,19.51,1154.55,0,,,,16.59253028,3.361036339,,,,
4131.563,3.17,56.482,22.44,3517.6,19.51,1154.1,0,,,,16.61277479,3.358512786,,,,
4141.556,3.17,56.482,22.44,3537.6,19.51,1154.04,0,,,,16.72493271,3.358176312,,,,
4151.605,3.17,56.483,22.44,3546.12,19.51,1153.22,0,,,,16.77271198,3.353577838,,,,
4161.588,3.21,56.482,22.44,3555.34,19.51,1152.78,0,,,,16.82441678,3.351110363,,,,
4171.568,3.23,56.482,22.45,3548.47,19.52,1152.53,0,,,,16.78589053,3.349708389,,,,
4181.571,3.24,56.483,22.44,3562.83,19.52,1151.51,0,,,,16.86641992,3.343988336,,,,
4191.621,3.21,56.483,22.44,3564.63,19.51,1151.16,0,,,,16.87651413,3.342025572,,,,
4201.609,3.21,56.481,22.45,3578.21,19.51,1150.44,0,,,,16.95266936,3.337987887,,,,
4211.604,,56.482,22.45,3588.87,19.52,1151.57,0,,,,17.01244953,3.344324809,,,,
4220.655,3.27,56.483,22.45,3595.71,19.52,1149.8,0,,,,17.05080754,3.334398834,,,,
4230.636,3.27,56.486,22.45,3611.07,19.53,1150.09,0,,,,17.13694482,3.336025123,,,,
4240.59,3.27,56.487,22.45,3616.16,19.52,1149.75,0,,,,17.16548901,3.334118439,,,,
4250.573,3.27,56.485,22.45,3603.05,19.52,1148.58,0,,,,17.09196949,3.327557201,,,,
4260.637,3.27,56.485,22.45,3614.55,19.53,1147.8,0,,,,17.1564603,3.323183042,,,,
4270.637,3.32,56.486,22.45,3618.75,19.53,1146.56,0,,,,17.18001346,3.316229251,,,,
4280.602,3.33,56.486,22.46,3626.45,19.53,1145.51,0,,,,17.22319426,3.31034096,,,,
4290.614,3.32,56.486,22.46,3658.46,19.54,1146.74,0,,,,17.40270301,3.317238672,,,,
4300.637,3.32,56.487,22.46,3646.74,19.54,1144.76,0,,,,17.33697847,3.306135038,,,,
4310.645,3.34,56.486,22.46,3673.82,19.54,1145.3,0,,,,17.48884029,3.309163302,,,,
4320.591,,56.486,22.46,3662.28,19.54,1143.71,0,,,,17.42412517,3.300246747,,,,
4329.671,3.4,56.486,22.46,3661.95,19.54,1143.39,0,,,,17.42227456,3.298452221,,,,
4339.682,3.38,56.487,22.46,3696.49,19.53,1143.9,0,,,,17.61597129,3.301312248,,,,
4349.649,3.39,56.487,22.46,3687.23,19.52,1143.98,0,,,,17.56404217,3.301760879,,,,
4359.613,3.39,56.486,22.46,3706.46,19.52,1143.04,0,,,,17.67188201,3.296489457,,,,
4369.71,3.39,56.486,22.46,3700.06,19.52,1140.87,0,,,,17.63599148,3.284320323,,,,
4379.677,3.44,56.487,22.46,3700.58,19.52,1139.97,0,,,,17.63890758,3.279273217,,,,
4389.634,3.44,56.486,22.46,3720.06,19.52,1140.06,0,,,,17.74814939,3.279777927,,,,
4399.621,3.45,56.486,22.46,3733.64,19.52,1139.61,0,,,,17.82430462,3.277254374,,,,
4409.686,3.44,56.486,22.46,3751.79,19.52,1139.91,0,,,,17.92608793,3.278936743,,,,
4419.652,3.43,56.487,22.46,3759.52,19.52,1139.63,0,,,,17.96943697,3.277366532,,,,
4429.64,3.45,56.487,22.46,3755.53,19.51,1137.05,0,,,,17.94706146,3.262898161,,,,
4439.717,3.5,56.486,22.46,3752.25,19.51,1136.09,0,,,,17.92866756,3.257514581,,,,
4449.712,3.5,56.487,22.46,3760.59,19.52,1134.98,0,,,,17.97543742,3.251289816,,,,
4459.651,3.51,56.487,22.47,3788.09,19.52,1135.75,0,,,,18.12965455,3.255607896,,,,
4469.716,3.5,56.488,22.46,3790.34,19.53,1134.62,0,,,,18.14227232,3.249270974,,,,
4479.735,3.5,56.488,22.47,3792.74,19.53,1132.93,0,,,,18.15573127,3.239793629,,,,
4489.709,3.55,56.487,22.47,3781.78,19.53,1131.82,0,,,,18.09426873,3.233568865,,,,
4499.659,3.54,56.488,22.46,3808.55,19.53,1132.88,0,,,,18.2443921,3.239513235,,,,
4509.751,3.54,56.489,22.47,3814.32,19.54,1131.5,0,,,,18.27674966,3.231774338,,,,
4519.696,3.55,56.489,22.46,3823.1,19.53,1100.75,0,,,,18.32598699,3.059331539,,,,
4529.699,3.54,56.488,22.47,3829.89,19.53,1118.91,0,,,,18.3640646,3.161170929,,,,
4539.679,3.53,56.488,22.47,3835.9,19.52,1126.21,0,,,,18.39776806,3.202108569,,,,
4549.73,3.55,56.489,22.47,3838.47,19.51,1128.49,0,,,,18.41218035,3.214894572,,,,
4559.71,3.54,56.489,22.47,3824.84,19.51,1126.09,0,,,,18.33574473,3.201435621,,,,
4569.704,,56.49,22.47,3845.14,19.51,1125.7,0,,,,18.44958502,3.199248542,,,,
4578.773,3.59,56.489,22.47,3877.74,19.51,1126.98,0,,,,18.63240242,3.206426649,,,,
4588.773,3.59,56.488,22.47,3857.76,19.51,1124.05,0,,,,18.52035666,3.189995514,,,,
4598.735,3.59,56.488,22.47,3867.25,19.51,1124.14,0,,,,18.57357559,3.190500224,,,,
4608.701,3.6,56.489,22.47,3888.25,19.51,1123.12,0,,,,18.69134141,3.18478017,,,,
4618.791,3.6,56.489,22.47,3890,19.52,1122.7,0,,,,18.70115523,3.182424854,,,,
4628.763,3.66,56.487,22.47,3914.25,19.5,1121.18,0,,,,18.8371467,3.173900852,,,,
4638.734,3.66,56.489,22.47,3886.46,19.49,1118.7,0,,,,18.68130328,3.159993271,,,,
4648.686,3.66,56.487,22.47,3920.16,19.48,1119.81,0,,,,18.87028937,3.166218035,,,,
4658.782,3.66,56.488,22.47,3918.17,19.48,1117.82,0,,,,18.85912965,3.155058322,,,,
4668.76,3.65,56.489,22.48,3931.72,19.47,1116.99,0,,,,18.93511664,3.150403769,,,,
4678.733,3.65,56.488,22.47,3946.98,19.47,1116.66,0,,,,19.02069314,3.148553163,,,,
4688.796,3.71,56.487,22.47,3932.71,19.47,1114.47,0,,,,18.94066846,3.136271871,,,,
4698.786,3.72,56.487,22.47,3941.41,19.48,1113.8,0,,,,18.98945716,3.132514581,,,,
4708.726,3.72,56.488,22.47,3962.29,19.47,1114.14,0,,,,19.10655002,3.134421265,,,,
4718.739,3.71,56.488,22.47,3970.45,19.46,1112.74,0,,,,19.15231045,3.126570211,,,,
4728.812,3.72,56.487,22.47,3954.53,19.45,1110.87,0,,,,19.06303275,3.116083445,,,,
4738.795,3.71,56.488,22.47,3986.12,19.44,1110.62,0,,,,19.24018618,3.114681472,,,,
4748.758,3.78,56.487,22.47,3974.54,19.44,1108.95,0,,,,19.17524675,3.105316285,,,,
4758.833,3.77,56.485,22.47,3982,19.44,1107.85,0,,,,19.21708165,3.0991476,,,,
4768.821,3.77,56.487,22.47,3981.74,19.45,1107.21,0,,,,19.2156236,3.095558546,,,,
4778.767,3.78,56.486,22.47,3988.56,19.46,1106.27,0,,,,19.25386945,3.090287124,,,,
4788.773,3.77,56.489,22.47,3999.31,19.46,1105.29,0,,,,19.31415433,3.084791386,,,,
4798.849,,56.489,22.48,4014.79,19.46,1104.37,0,,,,19.40096456,3.079632122,,,,
4807.788,3.83,56.487,22.47,4019.01,19.46,1103.29,0,,,,19.42462988,3.073575594,,,,
4817.786,3.83,56.485,22.48,4023.2,19.46,1102.97,0,,,,19.44812696,3.071781068,,,,
4827.777,3.84,56.488,22.47,4029.49,19.44,1101.02,0,,,,19.48340063,3.060845671,,,,
4837.852,3.84,56.486,22.47,4041.59,19.44,1100.31,0,,,,19.55125617,3.056864065,,,,
4847.822,3.83,56.485,22.47,4043.01,19.44,1099.33,0,0.71337,2.62,2.39883,19.55921938,3.051368327,,,,
4857.808,,56.485,22.47,4048.91,19.45,1099.03,0,,,,19.59230597,3.049685958,,,,
4866.869,3.88,56.486,22.47,4069.9,19.45,1098.72,0,,,,19.7100157,3.04794751,,,,
4876.848,3.89,56.485,22.47,4067.47,19.45,1098.17,0,,,,19.69638852,3.044863167,,,,
4886.807,3.89,56.485,22.47,4074.44,19.45,1096.55,0,,,,19.73547555,3.035778376,,,,
4896.785,3.88,56.486,22.47,4077.18,19.46,1095.96,0,,,,19.75084118,3.032469717,,,,
4906.849,3.89,56.485,22.47,4085.29,19.45,1094.92,0,,,,19.79632122,3.026637506,,,,
4916.852,,56.485,22.47,4099.76,19.44,1094.75,0,,,,19.87746747,3.025684163,,,,
4925.838,3.94,56.485,22.46,4098.6,19.45,1093.71,0,,,,19.87096231,3.019851952,,,,
4935.808,3.94,56.485,22.47,4108.46,19.45,1093.7,0,,,,19.92625617,3.019795873,,,,
4945.867,3.94,56.485,22.47,4115.88,19.44,1092.05,0,,,,19.96786676,3.010542844,,,,
4955.857,3.94,56.486,22.47,4127.66,19.44,1091.68,0,,,,20.03392777,3.008467923,,,,
4965.822,3.94,56.487,22.47,4134.58,19.45,1091.05,0,,,,20.07273441,3.004934948,,,,
4975.919,,56.487,22.47,4134.91,19.45,1089.19,0,,,,20.07458502,2.994504262,,,,
4984.871,3.99,56.485,22.47,4145.09,19.46,1088.4,0,,,,20.1316734,2.990074024,,,,
4994.86,4,56.488,22.47,4148.66,19.46,1087.95,0,,,,20.15169358,2.987550471,,,,
5004.841,4.01,56.486,22.47,4156.13,19.47,1086.64,0,,,,20.19358457,2.980204127,,,,
5014.905,4,56.485,22.47,4164.67,19.47,1086.07,0,,,,20.241476,2.977007627,,,,
5024.887,4,56.487,22.47,4173.56,19.47,1085.81,0,,,,20.29133019,2.975549574,,,,
5034.871,,56.486,22.47,4180.38,19.47,1084.47,0,,,,20.32957604,2.968034993,,,,
5043.915,4.07,56.487,22.47,4182.49,19.47,1083.96,0,,,,20.3414087,2.965174966,,,,
5053.922,4.05,56.487,22.47,4190.32,19.47,1083.09,0,,,,20.38531853,2.960296097,,,,
5063.891,4.05,56.488,22.47,4199.6,19.48,1081.33,0,,,,20.4373598,2.9504262,,,,
5073.852,4.07,56.488,22.47,4204.4,19.47,1080.02,0,,,,20.4642777,2.943079856,,,,
5083.922,4.06,56.487,22.47,4218.04,19.48,1082.07,0,,,,20.5407694,2.954576043,,,,
5093.931,4.08,56.488,22.47,4224.81,19.47,1066.49,0,,,,20.57873486,2.867205025,,,,
5103.874,4.07,56.491,22.47,4231.81,19.47,1076.41,0,,,,20.61799013,2.922835352,,,,
5113.849,4.08,56.49,22.47,4238.63,19.47,1067.94,0,,,,20.65623598,2.875336474,,,,
5123.952,4.08,56.49,22.47,4244.85,19.47,1075.01,0,,,,20.69111709,2.914984298,,,,
5133.904,4.07,56.491,22.47,4250.49,19.47,1058.54,0,,,,20.72274563,2.822622252,,,,
5143.87,,56.49,22.47,4252.96,19.47,1070.92,0,,,,20.73659713,2.892048004,,,,
5152.97,4.14,56.49,22.47,4258.41,19.47,1069.5,0,,,,20.76716016,2.884084791,,,,
5162.936,4.14,56.489,22.48,4265.28,19.46,1073.15,0,,,,20.80568641,2.904553611,,,,
5172.93,4.15,56.49,22.47,4272.38,19.46,1071.59,0,,,,20.84550247,2.895805294,,,,
5182.897,4.14,56.49,22.48,4279.69,19.47,1070.38,0,,,,20.88649619,2.88901974,,,,
5192.968,4.14,56.49,22.48,4285.63,19.47,1069.48,0,,,,20.91980709,2.883972633,,,,
5202.932,,56.49,22.48,4292.76,19.47,1068.21,0,,,,20.95979139,2.876850606,,,,
5211.904,4.2,56.491,22.48,4298.62,19.47,1067.44,0,,,,20.99265366,2.872532526,,,,
5221.918,4.19,56.491,22.48,4305.61,19.47,1066.34,0,,,,21.03185285,2.86636384,,,,
5231.97,4.19,56.491,22.48,4312.38,19.47,1065.16,0,,,,21.0698183,2.859746523,,,,
5241.941,4.19,56.49,22.48,4318.45,19.48,1064.85,0,,,,21.10385823,2.858008075,,,,
5251.909,4.19,56.49,22.48,4324.71,19.48,1063.59,0,,,,21.13896366,2.850942127,,,,
5262.016,4.19,56.491,22.48,4332.03,19.48,1062.38,0,,,,21.18001346,2.844156572,,,,
5271.979,4.26,56.491,22.49,4338.16,19.48,1061.16,0,,,,21.21438986,2.837314939,,,,
5281.951,4.25,56.491,22.48,4344.8,19.47,1059.8,0,,,,21.25162629,2.829688201,,,,
5291.916,4.25,56.49,22.48,4351.41,19.47,1058.87,0,,,,21.28869448,2.824472858,,,,
5302.001,4.25,56.491,22.48,4358.43,19.46,1057.52,0,,,,21.32806191,2.816902198,,,,
5311.956,4.25,56.491,22.48,4364.74,19.47,1056.93,0,,,,21.36344773,2.81359354,,,,
5321.933,4.26,56.492,22.48,4371.13,19.47,1056.16,0,,,,21.39928219,2.80927546,,,,
5331.93,4.3,56.491,22.49,4378.79,19.47,1054.92,0,,,,21.44223867,2.802321669,,,,
5342.003,4.29,56.49,22.49,4385.04,19.46,1054.09,0,,,,21.47728802,2.797667115,,,,
5351.994,4.3,56.491,22.49,4392.04,19.47,1053.33,0,,,,21.51654329,2.793405114,,,,
5361.951,4.3,56.49,22.49,4397.99,19.48,1052.58,0,,,,21.54991027,2.789199192,,,,
5372.031,4.3,56.489,22.49,4404.85,19.48,1051.57,0,,,,21.58838044,2.783535218,,,,
5381.995,4.3,56.491,22.49,4411.12,19.48,1050.72,0,,,,21.62354195,2.778768506,,,,
5391.993,4.36,56.491,22.49,4417.84,19.48,1049.77,0,,,,21.66122701,2.773441005,,,,
5401.965,4.36,56.491,22.49,4424.31,19.49,1049.24,0,,,,21.69751009,2.77046882,,,,
5412.046,4.36,56.492,22.5,4431.98,19.5,1048.32,0,,,,21.74052266,2.765309556,,,,
5422.026,4.36,56.49,22.49,4437.83,19.49,1047.2,0,,,,21.77332885,2.759028712,,,,
5431.991,4.36,56.49,22.5,4444.89,19.49,1046.09,0,,,,21.81292059,2.752803948,,,,
5442.065,4.36,56.491,22.5,4450.77,19.49,1045.37,0,,,,21.84589502,2.748766263,,,,
5452.013,4.41,56.49,22.5,4457.86,19.49,1044.36,0,,,,21.885655,2.743102288,,,,
5462.017,4.41,56.491,22.5,4463.75,19.49,1043.68,0,,,,21.91868551,2.739288919,,,,
5472.002,4.42,56.489,22.5,4470.65,19.49,1043.02,0,,,,21.95737999,2.735587707,,,,
5482.064,4.42,56.488,22.5,4476.96,19.5,1041.93,0,,,,21.99276581,2.729475101,,,,
5492.044,4.42,56.489,22.5,4486.08,19.5,1041.37,0,,,,22.04390983,2.726334679,,,,
5502.017,4.42,56.49,22.5,4489.52,19.5,1040.25,0,,,,22.06320099,2.720053836,,,,
5511.995,,56.489,22.5,4499.88,19.5,1039.77,0,,,,22.12129879,2.717362046,,,,
5521.074,4.47,56.489,22.5,4505.71,19.5,1038.45,0,,,,22.15399282,2.709959623,,,,
5531.057,4.47,56.489,22.5,4508.69,19.5,1038.4,0,,,,22.17070435,2.709679228,,,,
5541.016,4.48,56.489,22.5,4517.66,19.51,1037.18,0,,,,22.22100718,2.702837595,,,,
5551.1,4.48,56.489,22.51,4520.86,19.51,1035.97,0,,,,22.23895245,2.696052041,,,,
5561.068,4.48,56.489,22.5,4532.91,19.52,1034.86,0,,,,22.30652759,2.689827277,,,,
5571.038,4.48,56.487,22.5,4530.99,19.51,1033.68,0,,,,22.29576043,2.68320996,,,,
5581.029,4.54,56.489,22.51,4538.95,19.51,1032.44,0,,,,22.34039928,2.676256169,,,,
5591.079,4.54,56.491,22.51,4551.01,19.5,1031.42,0,,,,22.40803051,2.670536115,,,,
5601.037,4.54,56.492,22.52,4556.28,19.5,1030.65,0,,,,22.43758412,2.666218035,,,,
5611.016,4.53,56.492,22.52,4565.93,19.5,1029.4,0,,,,22.49170031,2.659208165,,,,
5621.015,4.52,56.491,22.51,4561.57,19.5,1029.12,0,,,,22.46724989,2.657637954,,,,
5631.078,4.53,56.492,22.52,4579.41,19.5,1030.37,0,,,,22.56729475,2.664647824,,,,
5641.048,4.58,56.492,22.51,4586.44,19.5,1012.63,1,,,,22.60671826,2.565163751,,,,
5651.05,4.6,56.492,22.51,4592.86,19.5,1017.56,0,,,,22.64272095,2.592810677,,,,
5661.124,4.61,56.492,22.52,4598.62,19.49,1029.07,0,,,,22.67502243,2.657357559,,,,
5671.091,4.61,56.493,22.52,4604.85,19.49,1029.21,0,,,,22.70995962,2.658142665,,,,
5681.087,4.61,56.492,22.52,4612.95,19.48,1023.66,0,,,,22.75538358,2.627018843,,,,
5691.038,4.62,56.492,22.52,4618.38,19.49,1023.77,0,,,,22.78583445,2.627635711,,,,
5701.103,4.63,56.492,22.52,4616.35,19.49,1022.87,0,,,,22.77445043,2.622588605,,,,
5711.102,4.63,56.492,22.52,4630.57,19.49,1021.73,0,,,,22.85419471,2.616195603,,,,
5721.054,4.65,56.491,22.53,4636.06,19.49,1020.86,0,,,,22.88498205,2.611316734,,,,
5731.136,4.64,56.491,22.52,4648.01,19.49,1020.25,0,,,,22.95199641,2.607895917,,,,
5741.141,4.65,56.492,22.53,4654.54,19.49,1018.66,0,,,,22.98861597,2.598979363,,,,
5751.104,4.64,56.492,22.53,4643.33,19.49,1016.71,0,,,,22.92575146,2.588043966,,,,
5761.046,4.64,56.491,22.53,4656.29,19.49,1015.36,0,,,,22.99842979,2.580473306,,,,
5771.135,4.65,56.492,22.53,4652.34,19.49,1013.97,0,,,,22.9762786,2.572678331,,,,
5781.123,4.64,56.492,22.53,4660.99,19.5,1013,0,,,,23.0247869,2.567238672,,,,
5791.093,4.68,56.492,22.53,4684.26,19.49,1012.76,0,,,,23.15528264,2.565892777,,,,
5801.172,4.68,56.493,22.53,4673.65,19.49,1011.65,0,,,,23.09578286,2.559668013,,,,
5811.16,4.67,56.492,22.53,4700.14,19.49,1011.88,0,,,,23.24433603,2.560957829,,,,
5821.103,4.68,56.491,22.53,4703.32,19.5,1010.83,0,,,,23.26216913,2.555069538,,,,
5831.102,4.69,56.492,22.54,4710.74,19.51,1009.97,0,,,,23.30377972,2.550246747,,,,
5841.176,4.68,56.492,22.54,4720.48,19.51,1009.34,0,,,,23.35840063,2.546713773,,,,
5851.163,4.69,56.492,22.54,4728.56,19.52,1008.86,0,,,,23.40371243,2.544021983,,,,
5861.132,4.74,56.492,22.54,4726.83,19.53,1007.19,0,,,,23.39401077,2.534656797,,,,
5871.121,4.75,56.491,22.54,4714.19,19.52,1005.85,0,,,,23.32312696,2.527142216,,,,
5881.172,4.75,56.491,22.54,4746.28,19.52,1005.92,0,,,,23.50308434,2.527534769,,,,
5891.159,4.74,56.491,22.54,4741.89,19.53,1004.49,0,,,,23.47846568,2.519515478,,,,
5901.156,4.75,56.491,22.54,4748.83,19.53,1003.53,0,,,,23.51738448,2.514131898,,,,
5911.197,4.74,56.491,22.54,4754.56,19.53,1002.83,0,,,,23.54951772,2.510206371,,,,
5921.192,4.81,56.491,22.55,4773.47,19.54,1002.79,0,,,,23.65556303,2.509982055,,,,
5931.165,4.8,56.491,22.55,4768.73,19.53,1001.56,0,,,,23.62898161,2.503084343,,,,
5941.112,4.79,56.492,22.55,4762.73,19.54,999.94,0,,,,23.59533423,2.493999551,,,,
5951.231,4.79,56.492,22.55,4773.74,19.54,999.44,0,,,,23.65707716,2.491195603,,,,
5961.201,4.8,56.491,22.55,4765.64,19.54,997.88,0,,,,23.61165321,2.482447286,,,,
5971.166,4.8,56.492,22.55,4797.74,19.54,998.74,0,,,,23.79166667,2.487270076,,,,
5981.128,4.81,56.494,22.55,4810.48,19.55,998.47,0,,,,23.86311126,2.485755944,,,,
5991.246,4.86,56.491,22.55,4819.27,19.55,998.04,0,,,,23.91240467,2.483344549,,,,
6001.189,4.85,56.493,22.55,4819.22,19.56,996.48,0,,,,23.91212427,2.474596231,,,,
6011.187,4.85,56.492,22.56,4822.39,19.56,995.73,0,,,,23.9299013,2.47039031,,,,
6021.265,4.86,56.492,22.55,4801.47,19.56,993.13,0,,,,23.81258412,2.45580978,,,,
6031.223,4.86,56.492,22.56,4812.1,19.56,993.04,0,,,,23.87219605,2.45530507,,,,
6041.2,4.86,56.493,22.56,4842.6,19.55,993.58,0,,,,24.04323688,2.458333333,,,,
6051.171,,56.491,22.56,4836.39,19.55,992.09,0,,,,24.00841184,2.449977568,,,,
6060.239,4.92,56.492,22.56,4854.55,19.56,991.67,0,,,,24.11025123,2.447622252,,,,
6070.239,4.92,56.493,22.56,4867.99,19.56,991.57,0,,,,24.18562135,2.447061463,,,,
6080.217,4.91,56.492,22.56,4837.22,19.55,988.85,0,,,,24.0130664,2.431807986,,,,
6090.296,4.92,56.492,22.57,4877.89,19.55,989.82,0,,,,24.24113952,2.437247645,,,,
6100.238,4.92,56.492,22.56,4850.74,19.55,986.62,0,,,,24.08888515,2.419302378,,,,
6110.231,4.91,56.492,22.56,4873.8,19.55,987.61,0,,,,24.21820323,2.424854195,,,,
6120.186,4.97,56.493,22.56,4888.06,19.55,987.47,0,,,,24.29817183,2.424069089,,,,
6130.273,4.97,56.495,22.56,4902.89,19.55,987.56,0,,,,24.38133692,2.4245738,,,,
6140.244,4.98,56.493,22.56,4909.04,19.55,986.31,0,,,,24.41582548,2.41756393,,,,
6150.207,4.97,56.492,22.57,4907.8,19.55,984.85,0,,,,24.40887169,2.409376402,,,,
6160.208,4.99,56.492,22.57,4920.37,19.55,984.41,0,,,,24.47936294,2.406908928,,,,
6170.262,4.98,56.493,22.57,4906.45,19.55,982.38,0,,,,24.40130103,2.395524899,,,,
6180.255,4.97,56.493,22.57,4931.13,19.55,983.19,0,,,,24.5397039,2.400067295,,,,
6190.242,5.03,56.493,22.57,4932.36,19.54,982.3,0,,,,24.54660162,2.395076267,,,,
6200.305,5.02,56.492,22.57,4933.63,19.54,983.13,0,,,,24.55372364,2.399730821,,,,
6210.295,5.04,56.494,22.57,4939.72,19.52,981.72,0,,,,24.58787573,2.391823688,,,,
6220.269,5.03,56.494,22.57,4945.68,19.52,948.92,0,,,,24.62129879,2.207884702,,,,
6230.231,5.03,56.492,22.57,4950.31,19.52,976.54,0,,,,24.64726335,2.362774787,,,,
6240.314,5.03,56.493,22.57,4957.05,19.52,960.08,0,,,,24.68506057,2.27046882,,,,
6250.283,5.02,56.492,22.57,4951.06,19.51,976.18,0,,,,24.65146927,2.360755944,,,,
6260.259,5.09,56.492,22.57,4961.04,19.52,976.07,0,,,,24.70743607,2.360139076,,,,
6270.218,5.08,56.493,22.57,4966.77,19.52,975.13,0,,,,24.73956931,2.354867654,,,,
6280.309,5.08,56.493,22.57,4984.99,19.53,974.41,0,,,,24.84174518,2.350829969,,,,
6290.28,5.09,56.492,22.57,4987.01,19.53,973.4,0,,,,24.85307313,2.345165994,,,,
6300.275,5.09,56.492,22.57,4988.12,19.53,971.54,0,,,,24.85929789,2.334735307,,,,
6310.332,5.1,56.493,22.58,4985.79,19.53,969.77,0,,,,24.84623149,2.324809332,,,,
6320.303,5.09,56.491,22.58,5006.69,19.53,969.71,0,,,,24.96343652,2.324472858,,,,
6330.302,5.15,56.493,22.58,4999.63,19.53,967.7,0,,,,24.92384477,2.313200987,,,,
6340.282,5.14,56.493,22.58,5008.66,19.52,966.94,0,,,,24.97448407,2.308938986,,,,
6350.322,5.15,56.493,22.58,5017.14,19.52,965.81,0,,,,25.02203903,2.302602064,,,,
6360.312,5.16,56.492,22.57,5018.99,19.51,965.04,0,,,,25.03241364,2.298283984,,,,
6370.277,5.18,56.492,22.58,5031.48,19.5,964.04,0,,,,25.10245626,2.292676088,,,,
6380.367,5.17,56.492,22.57,5039.19,19.49,962.78,0,,,,25.14569314,2.285610139,,,,
6390.341,5.17,56.491,22.58,5037.35,19.49,961.12,0,,,,25.13537461,2.276301032,,,,
6400.337,5.16,56.492,22.58,5049.35,19.48,960.93,0,,,,25.20266936,2.275235532,,,,
6410.298,5.15,56.49,22.58,5052.53,19.49,960.16,0,,,,25.22050247,2.270917452,,,,
6420.383,5.17,56.49,22.57,5058.33,19.48,959.18,0,,,,25.25302826,2.265421714,,,,
6430.336,5.15,56.491,22.58,5060.42,19.48,958.62,0,,,,25.26474877,2.262281292,,,,
6440.318,5.16,56.492,22.58,5073.13,19.48,958.29,0,,,,25.33602512,2.260430686,,,,
6450.286,,56.491,22.58,5075.5,19.49,957.94,0,,,,25.34931584,2.258467923,,,,
6459.36,5.22,56.493,22.58,5079.88,19.48,957.33,0,,,,25.37387842,2.255047106,,,,
6469.352,5.22,56.492,22.58,5084.73,19.48,956.13,0,,,,25.40107672,2.248317631,,,,
6479.298,5.23,56.491,22.58,5093.13,19.48,955.91,0,,,,25.44818304,2.247083894,,,,
6489.421,5.21,56.491,22.58,5099.05,19.48,955.27,0,,,,25.48138179,2.243494841,,,,
6499.356,5.21,56.491,22.58,5103.17,19.48,954.57,0,,,,25.50448632,2.239569314,,,,
6509.329,5.21,56.491,22.58,5109.3,19.48,953.36,0,,,,25.53886272,2.23278376,,,,
6519.343,,56.491,22.58,5115.4,19.49,952.6,0,,,,25.57307088,2.228521759,,,,
6528.407,5.27,56.492,22.58,5120.53,19.49,952.01,0,,,,25.60183939,2.2252131,,,,
6538.377,5.27,56.491,22.58,5126.09,19.49,951.09,0,,,,25.63301929,2.220053836,,,,
6548.358,5.28,56.491,22.58,5131.88,19.49,950.65,0,,,,25.66548901,2.217586362,,,,
6558.421,5.26,56.49,22.58,5137.57,19.49,949.88,0,,,,25.69739794,2.213268282,,,,
6568.412,5.26,56.489,22.58,5142.81,19.5,949.3,0,,,,25.72678331,2.210015702,,,,
6578.362,5.28,56.49,22.58,5148.9,19.5,948.91,0,,,,25.7609354,2.207828623,,,,
6588.341,,56.491,22.58,5154.26,19.49,947.96,0,,,,25.79099372,2.202501122,,,,
6597.416,5.33,56.492,22.58,5160.07,19.49,947.7,0,,,,25.82357559,2.201043069,,,,
6607.421,5.33,56.491,22.58,5165.08,19.48,946.93,0,,,,25.85167115,2.196724989,,,,
6617.389,5.34,56.492,22.58,5170.89,19.47,946.79,0,,,,25.88425303,2.195939883,,,,
6627.366,5.33,56.491,22.58,5177.14,19.47,945.66,0,1.23054,2.71,1.94984,25.91930238,2.189602961,,,,
6637.428,5.33,56.491,22.59,5182.12,19.47,945.33,0,,,,25.9472297,2.187752355,,,,
6647.416,5.33,56.491,22.58,5188.65,19.46,944.47,0,,,,25.98384926,2.182929565,,,,
6657.372,5.32,56.492,22.59,5193.7,19.44,943.58,0,,,,26.01216913,2.177938537,,,,
6667.466,5.39,56.491,22.59,5199.93,19.44,942.39,0,,,,26.04710633,2.171265141,,,,
6677.459,5.38,56.491,22.59,5205.12,19.44,941.6,0,,,,26.07621131,2.166834904,,,,
6687.418,5.4,56.493,22.59,5210.22,19.43,940.85,0,,,,26.10481157,2.162628982,,,,
6697.407,5.39,56.491,22.59,5216.34,19.43,940.52,0,,,,26.1391319,2.160778376,,,,
6707.442,5.39,56.492,22.59,5221.7,19.43,940.1,0,,,,26.16919022,2.15842306,,,,
6717.446,5.39,56.49,22.59,5228.6,19.43,940.01,0,,,,26.2078847,2.157918349,,,,
6727.392,5.39,56.491,22.59,5233.56,19.43,939.61,0,,,,26.23569987,2.155675191,,,,
6737.397,5.45,56.493,22.59,5239.64,19.43,939.12,0,,,,26.26979587,2.152927322,,,,
6747.463,5.43,56.491,22.59,5245.02,19.43,937.98,0,,,,26.29996635,2.14653432,,,,
6757.44,5.45,56.492,22.59,5250.13,19.43,937.49,0,,,,26.3286227,2.143786451,,,,
6767.401,5.44,56.491,22.59,5259.53,19.43,937.92,0,,,,26.38133692,2.146197847,,,,
6777.514,5.44,56.492,22.59,5266.66,19.41,939.09,0,,,,26.42132122,2.152759085,,,,
6787.457,5.43,56.492,22.59,5272.59,19.41,938.52,0,,,,26.45457604,2.149562584,,,,
6797.464,5.44,56.492,22.59,5277.73,19.4,930.71,0,,,,26.48340063,2.105764917,,,,
6807.421,5.49,56.493,22.59,5283.68,19.4,905.03,0,,,,26.51676761,1.96175415,,,,
6817.507,5.5,56.491,22.59,5289.06,19.4,916.79,0,,,,26.54693809,2.027703006,,,,
6827.488,5.49,56.492,22.59,5293.54,19.4,920.66,0,,,,26.57206146,2.049405563,,,,
6837.455,5.5,56.493,22.59,5294.9,19.41,927.88,0,,,,26.5796882,2.089894572,,,,
6847.419,5.49,56.492,22.59,5299.71,19.42,927.58,0,,,,26.60666218,2.088212203,,,,
6857.493,5.49,56.493,22.59,5306.38,19.42,926.7,0,,,,26.64406685,2.083277254,,,,
6867.468,5.5,56.492,22.59,5311.55,19.43,925.4,0,,,,26.67305967,2.07598699,,,,
6877.446,,56.493,22.59,5317.39,19.44,924.87,0,,,,26.70580978,2.073014805,,,,
6886.504,5.55,56.492,22.59,5322.12,19.45,923.4,0,,,,26.73233513,2.064771198,,,,
6896.502,5.56,56.493,22.6,5327.62,19.45,922.68,0,,,,26.76317856,2.060733513,,,,
6906.486,5.57,56.493,22.6,5333.45,19.45,922.21,0,,,,26.79587259,2.058097802,,,,
6916.47,5.55,56.493,22.6,5338.08,19.46,921.35,0,,,,26.82183715,2.053275011,,,,
6926.514,,56.493,22.6,5344.77,19.47,920.42,0,,,,26.85935397,2.048059668,,,,
6935.527,5.55,56.491,22.6,5349.27,19.47,919.47,0,,,,26.8845895,2.042732167,,,,
6945.5,5.54,56.492,22.6,5354.53,19.47,918.58,0,,,,26.91408703,2.03774114,,,,
6955.566,5.61,56.492,22.6,5360.39,19.47,918,0,,,,26.9469493,2.03448856,,,,
6965.548,5.61,56.492,22.6,5365.65,19.48,917.07,0,,,,26.97644684,2.029273217,,,,
6975.501,5.62,56.492,22.6,5370.76,19.49,916.99,0,,,,27.00510319,2.028824585,,,,
6985.48,5.6,56.493,22.61,5376.43,19.49,916.56,0,,,,27.03689996,2.02641319,,,,
6995.551,5.62,56.493,22.61,5382.19,19.49,915.64,0,,,,27.06920144,2.021253926,,,,
7005.534,5.61,56.493,22.6,5387.57,19.5,915.88,0,,,,27.09937192,2.022599821,,,,
7015.507,5.61,56.492,22.6,5392.77,19.5,914.59,0,,,,27.12853297,2.015365635,,,,
7025.496,5.62,56.493,22.6,5399.21,19.49,914.52,0,,,,27.16464782,2.014973082,,,,
7035.597,5.61,56.493,22.6,5403.86,19.49,914.04,0,,,,27.19072454,2.012281292,,,,
7045.528,5.62,56.493,22.61,5409.86,19.5,913.98,0,,,,27.22437192,2.011944818,,,,
7055.535,5.61,56.492,22.61,5415,19.5,913.71,0,,,,27.2531965,2.010430686,,,,
7065.512,5.61,56.493,22.61,5420.85,19.51,913.14,0,,,,27.28600269,2.007234186,,,,
7075.574,5.66,56.492,22.61,5426.03,19.51,912.73,0,,,,27.31505159,2.004934948,,,,
7085.523,5.66,56.492,22.61,5431.03,19.5,912.54,0,,,,27.34309107,2.003869448,,,,
7095.522,5.66,56.493,22.61,5436.16,19.51,912.74,0,,,,27.37185958,2.004991027,,,,
7105.602,5.66,56.492,22.62,5441.9,19.51,911.67,0,,,,27.4040489,1.998990579,,,,
7115.55,5.66,56.491,22.61,5447.07,19.52,912.19,0,,,,27.43304172,2.001906685,,,,
7125.531,5.66,56.492,22.61,5452.99,19.52,911.33,0,,,,27.46624047,1.997083894,,,,
7135.601,5.67,56.491,22.61,5458.55,19.52,910.75,0,,,,27.49742037,1.993831314,,,,
7145.602,,56.492,22.62,5463.77,19.52,910.48,0,,,,27.52669358,1.992317183,,,,
7154.578,5.71,56.492,22.62,5468.42,19.53,910.38,0,,,,27.5527703,1.991756393,,,,
7164.537,5.72,56.492,22.62,5474.59,19.53,909.81,0,,,,27.58737102,1.988559892,,,,
7174.634,5.72,56.492,22.62,5479.26,19.54,910.15,0,,,,27.61355989,1.990466577,,,,
7184.605,5.73,56.492,22.62,5484.92,19.54,909.74,0,,,,27.64530058,1.98816734,,,,
7194.573,5.73,56.491,22.62,5489.86,19.55,909.83,0,,,,27.67300359,1.98867205,,,,
7204.563,5.73,56.493,22.62,5495.29,19.54,910.11,0,,,,27.70345446,1.990242261,,,,
7214.627,5.72,56.493,22.62,5500.94,19.55,910.56,0,,,,27.73513908,1.992765814,,,,
7224.627,,56.494,22.62,5505.74,19.55,911.13,0,,,,27.76205698,1.995962315,,,,
7233.58,5.77,56.496,22.62,5511.07,19.55,911.27,0,,,,27.79194706,1.99674742,,,,
7243.663,5.78,56.494,22.63,5516.59,19.55,911.07,0,,,,27.82290265,1.995625841,,,,
7253.626,5.77,56.495,22.62,5521.81,19.56,910.64,0,,,,27.85217586,1.993214446,,,,
7263.624,5.77,56.493,22.63,5527.16,19.56,909.91,0,,,,27.88217811,1.989120682,,,,
7273.602,5.77,56.494,22.63,5532.45,19.56,908.84,0,,,,27.91184388,1.983120233,,,,
7283.638,5.78,56.496,22.63,5537.82,19.55,908.45,0,,,,27.94195828,1.980933154,,,,
7293.638,5.77,56.495,22.63,5542.57,19.55,907.5,0,,,,27.96859578,1.975605653,,,,
7303.609,5.83,56.493,22.63,5548.84,19.55,908.09,0,,,,28.00375729,1.978914311,,,,
7313.614,5.83,56.494,22.63,5553.94,19.54,907.22,0,,,,28.03235756,1.974035442,,,,
7323.653,5.84,56.494,22.63,5558.81,19.54,906.45,0,,,,28.05966801,1.969717362,,,,
7333.663,5.83,56.495,22.63,5569.33,19.54,908.07,0,,,,28.11866308,1.978802153,,,,
7343.648,5.82,56.494,22.63,5574.91,19.54,904.43,0,,,,28.14995514,1.958389412,,,,
7353.704,5.84,56.493,22.64,5581.13,19.54,902.67,0,,,,28.18483625,1.948519515,,,,
7363.672,5.82,56.493,22.64,5585.27,19.54,903.42,0,,,,28.20805294,1.952725437,,,,
7373.654,5.89,56.493,22.64,5590.87,19.53,906.64,0,,,,28.23945716,1.970782862,,,,
7383.628,5.89,56.493,22.64,5596.01,19.53,900.35,0,,,,28.26828174,1.935509197,,,,
7393.678,5.89,56.492,22.64,5601.46,19.53,892.13,0,,,,28.29884477,1.889412293,,,,
7403.672,,56.493,22.64,5601.77,19.53,901.12,0,,,,28.30058322,1.939827277,,,,
7412.677,5.89,56.493,22.64,5606.39,19.52,901.17,0,,,,28.3264917,1.940107672,,,,
7422.62,5.89,56.493,22.64,5611.64,19.53,900.46,0,,,,28.35593315,1.936126066,,,,
7432.71,5.89,56.492,22.64,5616.82,19.53,899.53,0,,,,28.38498205,1.930910722,,,,
7442.7,5.89,56.492,22.65,5621.65,19.54,898.48,0,,,,28.41206819,1.925022432,,,,
7452.646,5.95,56.492,22.65,5627.02,19.55,897.89,0,,,,28.44218259,1.921713773,,,,
7462.63,5.94,56.491,22.65,5632.72,19.55,896.38,0,,,,28.4741476,1.91324585,,,,
7472.713,5.94,56.492,22.64,5637.83,19.55,894.65,0,,,,28.50280395,1.90354419,,,,
7482.695,5.94,56.491,22.65,5642.9,19.55,893.93,0,,,,28.53123598,1.899506505,,,,
7492.647,5.96,56.49,22.65,5647.97,19.55,893.95,0,,,,28.55966801,1.899618663,,,,
7502.729,5.94,56.491,22.65,5653.19,19.56,892.79,0,,,,28.58894123,1.893113504,,,,
7512.7,5.95,56.492,22.65,5658.94,19.55,894.39,0,,,,28.62118663,1.902086137,,,,
7522.696,5.95,56.49,22.65,5663.62,19.55,893.7,0,,,,28.64743158,1.898216689,,,,
7532.657,5.99,56.49,22.66,5668.76,19.54,893.05,0,,,,28.67625617,1.894571557,,,,
7542.752,6.01,56.49,22.66,5674.4,19.54,893.08,0,,,,28.7078847,1.894739794,,,,
7552.712,6.01,56.49,22.66,5679.39,19.55,892,0,,,,28.7358681,1.888683266,,,,
7562.703,6,56.489,22.66,5684.43,19.55,892.19,0,,,,28.7641319,1.889748766,,,,
7572.693,6.02,56.489,22.66,5689.13,19.55,891.23,0,,,,28.79048901,1.884365186,,,,
7582.718,6.02,56.488,22.66,5694.96,19.56,890.97,0,,,,28.82318304,1.882907133,,,,
7592.736,6.01,56.488,22.66,5699.38,19.56,890.76,0,,,,28.84796994,1.881729475,,,,
7602.703,,56.488,22.66,5704.05,19.56,890.72,0,,,,28.87415882,1.881505159,,,,
7611.773,6.08,56.489,22.66,5709.1,19.57,890.77,1,,,,28.90247869,1.881785554,,,,
7621.769,6.07,56.486,22.66,5714.48,19.57,890.88,0,,,,28.93264917,1.882402423,,,,
7631.729,6.09,56.488,22.66,5719.24,19.56,890.4,0,,,,28.95934275,1.879710633,,,,
7641.72,6.09,56.488,22.66,5724.69,19.56,890.5,0,,,,28.98990579,1.880271422,,,,
7651.781,6.09,56.487,22.66,5729.01,19.55,889.95,0,,,,29.0141319,1.877187079,,,,
7661.761,6.1,56.486,22.66,5733.9,19.55,889.7,0,,,,29.04155451,1.875785105,,,,
7671.734,6.07,56.486,22.66,5738.72,19.55,889.51,0,,,,29.06858457,1.874719605,,,,
7681.702,6.1,56.486,22.66,5744.67,19.54,889.29,0,,,,29.10195155,1.873485868,,,,
7691.778,6.09,56.486,22.66,5749.07,19.55,889.01,0,,,,29.12662629,1.871915657,,,,
7701.775,6.09,56.486,22.66,5754.85,19.55,888.49,0,,,,29.15903993,1.868999551,,,,
7711.766,,56.486,22.66,5759.7,19.54,888.41,0,,,,29.18623822,1.86855092,,,,
7720.803,6.14,56.486,22.67,5764.34,19.53,888.19,0,,,,29.21225886,1.867317183,,,,
7730.793,6.13,56.484,22.66,5769.24,19.53,888.13,0,,,,29.23973755,1.866980709,,,,
7740.756,6.13,56.484,22.66,5774.31,19.53,888.57,0,,,,29.26816958,1.869448183,,,,
7750.724,6.12,56.484,22.66,5778.34,19.53,888.94,0,,,,29.2907694,1.871523105,,,,
7760.837,6.14,56.485,22.66,5784.05,19.53,888.96,0,,,,29.32279049,1.871635262,,,,
7770.795,6.14,56.483,22.66,5789.12,19.53,889.24,0,,,,29.35122252,1.873205473,,,,
7780.793,6.13,56.483,22.67,5793.96,19.52,888.29,0,,,,29.37836474,1.867877972,,,,
7790.732,,56.483,22.67,5798.85,19.52,888.31,0,,,,29.40578735,1.86799013,,,,
7799.839,6.19,56.482,22.66,5803.7,19.52,888.19,0,,,,29.43298564,1.867317183,,,,
7809.822,6.18,56.482,22.67,5808.11,19.52,887.81,0,,,,29.45771646,1.865186182,,,,
7819.784,6.18,56.481,22.66,5812.83,19.52,887.25,0,,,,29.48418573,1.86204576,,,,
7829.868,6.19,56.482,22.67,5817.81,19.52,886.95,0,,,,29.51211306,1.860363392,,,,
7839.839,6.19,56.481,22.67,5822.42,19.51,886.68,0,,,,29.53796546,1.85884926,,,,
7849.817,6.19,56.479,22.66,5828.07,19.51,885.95,0,,,,29.56965007,1.854755496,,,,
7859.788,6.18,56.48,22.66,5832.23,19.51,885.89,0,,,,29.59297891,1.854419022,,,,
7869.851,,56.478,22.67,5837.79,19.5,885.22,0,,,,29.62415882,1.850661732,,,,
7878.852,6.24,56.478,22.66,5842.17,19.51,885.59,0,,,,29.6487214,1.852736653,,,,
7888.812,6.24,56.478,22.67,5847.04,19.52,885.04,0,,,,29.67603185,1.84965231,,,,
7898.772,6.24,56.478,22.67,5852,19.52,885.53,0,,,,29.70384702,1.852400179,,,,
7908.888,6.25,56.476,22.67,5856.14,19.53,884.97,0,,,,29.72706371,1.849259758,,,,
7918.872,6.24,56.476,22.67,5861.52,19.53,885.47,0,,,,29.75723419,1.852063706,,,,
7928.824,6.24,56.477,22.67,5865.79,19.54,884.89,0,,,,29.7811799,1.848811126,,,,
7938.801,6.24,56.476,22.67,5870.39,19.54,886.7,0,,,,29.80697622,1.858961418,,,,
7948.87,6.24,56.476,22.67,5876.1,19.54,887.03,0,,,,29.83899731,1.860812023,,,,
7958.83,6.3,56.474,22.67,5880.94,19.55,887.29,0,,,,29.86613952,1.862270076,,,,
7968.826,6.29,56.474,22.67,5885.28,19.54,888.13,0,,,,29.89047779,1.866980709,,,,
7978.882,6.3,56.474,22.67,5890.59,19.54,888.22,0,,,,29.92025572,1.867485419,,,,
7988.871,6.3,56.474,22.67,5895.15,19.55,888.47,0,,,,29.94582773,1.868887393,,,,
7998.864,6.31,56.473,22.67,5900.32,19.56,889.05,0,,,,29.97482055,1.872139973,,,,
8008.828,6.3,56.474,22.67,5904.92,19.56,888.84,0,,,,30.00061687,1.870962315,,,,
8018.907,6.31,56.473,22.67,5909.52,19.55,889.15,0,,,,30.02641319,1.872700763,,,,
8028.883,6.32,56.473,22.67,5914.22,19.55,889.61,0,,,,30.0527703,1.875280395,,,,
8038.857,6.36,56.472,22.67,5919.66,19.55,889.21,0,,,,30.08327725,1.873037236,,,,
8048.933,6.36,56.473,22.67,5929.18,19.54,891.55,0,,,,30.13666442,1.886159713,,,,
8058.877,6.36,56.473,22.67,5934.77,19.53,884.05,0,,,,30.16801256,1.844100493,,,,
8068.853,6.36,56.471,22.67,5938.71,19.53,881.2,0,,,,30.19010767,1.82811799,,,,
8078.848,6.36,56.472,22.67,5943.59,19.53,879.33,0,,,,30.2174742,1.817631225,,,,
8088.917,6.36,56.471,22.67,5948.33,19.54,878.73,0,,,,30.24405563,1.814266487,,,,
8098.915,6.36,56.471,22.67,5952.95,19.55,884.76,0,,,,30.26996411,1.8480821,,,,
8108.886,6.35,56.471,22.67,5957.84,19.55,876.78,0,,,,30.29738672,1.80333109,,,,
8118.853,6.42,56.47,22.67,5961.92,19.55,886.79,0,,,,30.32026694,1.859466128,,,,
8128.935,6.42,56.469,22.67,5962.67,19.56,886.41,0,,,,30.32447286,1.857335128,,,,
8138.908,6.42,56.47,22.67,5967.21,19.57,885.46,0,,,,30.34993271,1.852007627,,,,
8148.892,6.41,56.469,22.67,5972.18,19.57,884.34,0,,,,30.37780395,1.845726783,,,,
8158.967,6.41,56.468,22.67,5976.49,19.57,883.49,0,,,,30.40197398,1.840960072,,,,
8168.929,6.42,56.468,22.67,5981.02,19.58,882.8,0,,,,30.42737775,1.837090624,,,,
8178.902,6.42,56.467,22.67,5986.63,19.58,882.11,0,,,,30.45883804,1.833221175,,,,
8188.877,6.42,56.468,22.68,5990.56,19.58,881.26,0,,,,30.48087707,1.828454464,,,,
8198.958,6.47,56.467,22.67,5995.63,19.58,880.89,0,,,,30.50930911,1.826379542,,,,
8208.947,6.48,56.468,22.67,5999.9,19.59,880.18,0,,,,30.53325482,1.822397936,,,,
8218.91,6.47,56.466,22.67,6005,19.59,879.94,0,,,,30.56185509,1.821052041,,,,
8228.974,6.49,56.466,22.67,6009.71,19.6,879.89,0,,,,30.58826828,1.820771646,,,,
8238.975,6.49,56.467,22.68,6014.74,19.59,878.95,0,,,,30.616476,1.815500224,,,,
8248.949,6.48,56.466,22.67,6019.26,19.59,878.82,0,,,,30.64182369,1.814771198,,,,
8258.91,6.48,56.466,22.67,6023.7,19.59,878.32,0,,,,30.66672275,1.81196725,,,,
8268.977,6.48,56.465,22.67,6028.55,19.58,878.12,0,,,,30.69392104,1.810845671,,,,
8278.971,6.46,56.466,22.68,6033.22,19.58,877.57,0,,,,30.72010991,1.807761328,,,,
8288.964,6.53,56.464,22.68,6037.91,19.58,877.49,0,,,,30.74641095,1.807312696,,,,
8298.918,6.53,56.465,22.68,6042.49,19.58,877.27,0,,,,30.77209511,1.806078959,,,,
8308.995,6.53,56.465,22.68,6047.52,19.58,877.15,0,,,,30.80030283,1.805406012,,,,
8319.002,6.53,56.465,22.68,6051.63,19.58,877.37,0,,,,30.82335128,1.806639749,,,,
8328.955,6.54,56.464,22.68,6056.43,19.58,876.73,0,,,,30.85026918,1.803050695,,,,
8339.016,6.53,56.464,22.68,6061.38,19.58,876.85,0,,,,30.87802826,1.803723643,,,,
8348.985,6.54,56.464,22.68,6065.78,19.59,877.1,0,,,,30.90270301,1.805125617,,,,
8358.978,6.54,56.464,22.68,6070.88,19.59,877.63,0,,,,30.93130328,1.808097802,,,,
8368.973,6.55,56.463,22.68,6074.88,19.59,878.03,0,,,,30.95373486,1.81034096,,,,
8379.016,6.54,56.463,22.68,6079.63,19.58,878.59,0,,,,30.98037236,1.813481382,,,,
8388.994,6.52,56.463,22.68,6084.31,19.59,878.73,0,,,,31.00661732,1.814266487,,,,
8398.957,6.53,56.463,22.68,6089.15,19.59,878.67,0,,,,31.03375953,1.813930013,,,,
8408.966,6.53,56.461,22.69,6093.49,19.6,878.89,0,,,,31.0580978,1.815163751,,,,
8419.035,6.57,56.461,22.69,6098.51,19.62,879.06,0,,,,31.08624944,1.816117093,,,,
8429.013,6.58,56.462,22.69,6103.56,19.62,879.08,0,,,,31.11456931,1.816229251,,,,
8438.988,6.58,56.462,22.69,6108.26,19.62,879.21,0,,,,31.14092642,1.816958277,,,,
8449.059,6.58,56.461,22.69,6112.77,19.63,879.49,0,,,,31.16621803,1.818528488,,,,
8459.047,6.58,56.46,22.69,6116.97,19.63,880.09,0,,,,31.1897712,1.821893226,,,,
8469.026,6.58,56.461,22.69,6122.29,19.63,880.23,0,,,,31.2196052,1.822678331,,,,
8478.982,6.57,56.459,22.69,6126.85,19.63,880.45,0,,,,31.24517721,1.823912068,,,,
8489.069,6.57,56.46,22.69,6131.6,19.64,880.54,0,,,,31.27181472,1.824416779,,,,
8499.013,6.64,56.46,22.7,6136.29,19.65,881.04,0,,,,31.29811575,1.827220727,,,,
8509.017,6.64,56.46,22.7,6141.27,19.64,881.24,0,,,,31.32604307,1.828342306,,,,
8518.993,6.63,56.459,22.69,6145.72,19.63,881.58,0,,,,31.35099821,1.830248991,,,,
8529.074,6.63,56.458,22.7,6150.42,19.64,881.65,0,,,,31.37735532,1.830641543,,,,
8539.039,6.64,56.459,22.7,6154.93,19.64,881.94,0,,,,31.40264693,1.832267833,,,,
8549,6.65,56.458,22.7,6159.62,19.64,882.21,0,,,,31.42894796,1.833781965,,,,
8558.978,6.64,56.458,22.7,6164.24,19.64,882.67,0,,,,31.45485644,1.836361597,,,,
8569.062,6.63,56.459,22.7,6169.08,19.64,882.65,0,,,,31.48199865,1.836249439,,,,
8579.046,,56.46,22.71,6173.28,19.63,882.97,0,,,,31.50555182,1.838043966,,,,
8588.005,6.69,56.458,22.7,6177.49,19.63,883.05,0,,,,31.52916106,1.838492598,,,,
8598.09,6.69,56.46,22.7,6182.31,19.63,882.95,0,,,,31.55619112,1.837931808,,,,
8608.091,6.69,56.461,22.7,6186.39,19.64,883.48,0,,,,31.57907133,1.840903993,,,,
8618.07,6.69,56.459,22.71,6191.19,19.64,883.79,0,,,,31.60598923,1.842642441,,,,
8628.033,6.7,56.46,22.71,6195.64,19.65,883.97,0,,,,31.63094437,1.843651862,,,,
8638.096,6.69,56.459,22.71,6200.2,19.66,884.1,0,,,,31.65651638,1.844380888,,,,
8648.086,6.69,56.459,22.71,6205.44,19.65,884.24,0,,,,31.68590175,1.845165994,,,,
8658.07,6.68,56.46,22.71,6209.52,19.66,884.97,0,,,,31.70878197,1.849259758,,,,
8668.12,6.75,56.458,22.71,6214.03,19.66,883.75,0,,,,31.73407358,1.842418125,,,,
8678.086,6.74,56.458,22.71,6219.1,19.66,883.41,0,,,,31.76250561,1.84051144,,,,
8688.086,6.75,56.457,22.71,6223.92,19.65,883.17,0,,,,31.78953567,1.839165545,,,,
8698.056,6.74,56.458,22.71,6228.11,19.65,883.04,0,,,,31.81303275,1.838436519,,,,
8708.111,6.75,56.458,22.71,6233.19,19.64,883.37,0,,,,31.84152086,1.840287124,,,,
8718.086,6.74,56.458,22.72,6237.82,19.65,883.78,0,,,,31.86748542,1.842586362,,,,
8728.089,6.74,56.458,22.72,6242.13,19.66,884.13,0,,,,31.89165545,1.844549125,,,,
8738.178,6.73,56.457,22.72,6251.97,19.66,886.98,0,,,,31.94683715,1.860531629,,,,
8748.115,6.75,56.457,22.72,6256.72,19.65,883.37,0,,,,31.97347465,1.840287124,,,,
8758.13,6.81,56.459,22.72,6261.23,19.65,878.66,0,,,,31.99876626,1.813873934,,,,
8768.105,6.81,56.456,22.73,6265.51,19.66,880.24,0,,,,32.02276806,1.82273441,,,,
8778.172,6.83,56.456,22.72,6270.33,19.65,865.28,0,,,,32.04979812,1.738840287,,,,
8788.131,6.82,56.456,22.72,6274.77,19.65,867.74,0,,,,32.07469717,1.752635711,,,,
8798.115,6.8,56.456,22.73,6279.34,19.66,864.75,0,,,,32.10032526,1.735868102,,,,
8808.084,6.82,56.457,22.73,6283.82,19.66,854.29,0,,,,32.12544863,1.677209511,,,,
8818.168,6.81,56.456,22.73,6283.13,19.66,852.59,0,,,,32.12157918,1.667676088,,,,
8828.126,6.81,56.455,22.73,6287.61,19.66,832.7,0,,,,32.14670256,1.556135038,,,,
8838.097,6.8,56.458,22.73,6292.12,19.66,861.85,0,,,,32.17199417,1.719605204,,,,
8848.096,6.87,56.461,22.73,6296.9,19.67,874.22,0,,,,32.19879991,1.788974877,,,,
8858.184,6.87,56.459,22.74,6301.35,19.68,874.11,0,,,,32.22375505,1.788358008,,,,
8868.135,6.86,56.459,22.74,6305.99,19.68,875.59,0,2.01759,2.91,1.23027,32.24977568,1.796657694,,,,
8878.109,6.86,56.458,22.74,6310.49,19.68,875.77,0,,,,32.27501122,1.797667115,,,,
8888.199,6.87,56.457,22.74,6314.59,19.68,876.33,0,,,,32.29800359,1.800807537,,,,
8898.187,6.87,56.454,22.74,6319.35,19.68,879.2,0,,,,32.32469717,1.816902198,,,,
8908.149,6.87,56.457,22.74,6324.35,19.69,878.86,0,,,,32.35273665,1.814995514,,,,
8918.14,6.86,56.455,22.74,6328.53,19.69,878.53,0,,,,32.37617766,1.813144908,,,,
8928.203,,56.454,22.74,6332.51,19.69,878.65,0,,,,32.39849708,1.813817856,,,,
8937.197,6.92,56.453,22.75,6336.97,19.69,878.58,0,,,,32.4235083,1.813425303,,,,
8947.154,6.92,56.451,22.75,6341.17,19.69,878.76,0,,,,32.44706146,1.814434724,,,,
8957.117,6.92,56.453,22.75,6345.34,19.7,879.08,0,,,,32.47044639,1.816229251,,,,
8967.221,6.93,56.452,22.75,6349.93,19.71,879.81,0,,,,32.49618663,1.820323015,,,,
8977.166,6.93,56.451,22.75,6353.76,19.71,879.74,0,,,,32.51766487,1.819930462,,,,
8987.154,6.93,56.452,22.75,6359.06,19.71,879.85,0,,,,32.54738672,1.820547331,,,,
8997.225,6.95,56.45,22.75,6363.51,19.7,880.72,0,,,,32.57234186,1.8254262,,,,
9007.218,6.95,56.451,22.75,6368.11,19.7,880.49,0,,,,32.59813818,1.824136384,,,,
9017.203,6.95,56.451,22.75,6372.47,19.7,881.67,0,,,,32.6225886,1.830753701,,,,
9027.139,6.95,56.45,22.75,6376.34,19.7,881.82,0,,,,32.64429116,1.831594886,,,,
9037.248,6.95,56.449,22.76,6380.37,19.7,881.83,0,,,,32.66689098,1.831650965,,,,
9047.234,6.96,56.45,22.75,6385.58,19.71,882.4,0,,,,32.69610812,1.834847465,,,,
9057.191,6.95,56.451,22.76,6389.39,19.71,882.62,0,,,,32.7174742,1.836081202,,,,
9067.171,6.94,56.45,22.76,6394.48,19.71,882.72,0,,,,32.74601839,1.836641992,,,,
9077.261,6.95,56.45,22.76,6398.68,19.7,882.6,0,,,,32.76957156,1.835969044,,,,
9087.222,6.96,56.449,22.76,6403.21,19.7,883.17,0,,,,32.79497533,1.839165545,,,,
9097.194,7,56.448,22.76,6406.64,19.7,884.07,0,,,,32.81421041,1.844212651,,,,
9107.183,7,56.448,22.76,6410.95,19.7,884.39,0,,,,32.83838044,1.846007178,,,,
9117.239,7.01,56.448,22.77,6415.53,19.7,885.14,0,,,,32.8640646,1.8502131,,,,
9127.205,7.01,56.447,22.76,6419.39,19.69,885.48,0,,,,32.88571108,1.852119785,,,,
9137.2,7.01,56.448,22.76,6424.57,19.69,885.43,0,,,,32.91475998,1.85183939,,,,
9147.276,7.01,56.448,22.77,6428.05,19.69,885.94,0,,,,32.93427546,1.854699417,,,,
9157.254,7,56.448,22.76,6432.5,19.69,885.81,0,,,,32.9592306,1.85397039,,,,
9167.232,7.01,56.447,22.76,6436.93,19.69,886.06,0,,,,32.98407358,1.855372364,,,,
9177.216,,56.447,22.76,6440.74,19.7,886.6,0,,,,33.00543966,1.858400628,,,,
9186.252,7.07,56.448,22.76,6444.41,19.69,886.65,0,,,,33.02602064,1.858681023,,,,
9196.244,7.06,56.446,22.77,6449.46,19.69,886.93,0,,,,33.05434051,1.860251234,,,,
9206.249,7.07,56.446,22.77,6453.73,19.69,887.13,0,,,,33.07828623,1.861372813,,,,
9216.306,7.07,56.445,22.77,6458,19.68,887.54,0,,,,33.10223194,1.86367205,,,,
9226.266,7.07,56.446,22.76,6461.97,19.66,887.89,0,,,,33.12449529,1.865634814,,,,
9236.238,7.07,56.446,22.77,6466.53,19.66,888.13,0,,,,33.15006729,1.866980709,,,,
9246.251,7.06,56.446,22.77,6470.55,19.66,888.89,0,,,,33.17261104,1.87124271,,,,
9256.319,7.06,56.445,22.76,6474.84,19.66,889.02,0,,,,33.19666891,1.871971736,,,,
9266.304,,56.445,22.76,6479.15,19.66,889.38,0,,,,33.22083894,1.873990579,,,,
9275.242,7.13,56.444,22.76,6482.36,19.66,889.87,0,,,,33.23884029,1.876738448,,,,
9285.244,7.13,56.444,22.76,6486.78,19.66,890.69,0,,,,33.26362719,1.881336922,,,,
9295.3,7.13,56.444,22.76,6491.15,19.66,890.86,0,,,,33.28813369,1.882290265,,,,
9305.299,7.12,56.443,22.77,6494.89,19.66,890.61,0,,,,33.30910722,1.880888291,,,,
9315.273,7.12,56.444,22.77,6498.95,19.66,890.9,0,,,,33.33187528,1.882514581,,,,
9325.222,7.12,56.446,22.76,6503.26,19.66,891.44,0,,,,33.35604531,1.885542844,,,,
9335.326,7.13,56.447,22.77,6507.73,19.66,891.75,0,,,,33.38111261,1.887281292,,,,
9345.315,7.13,56.446,22.77,6511.91,19.66,892.2,0,,,,33.40455361,1.889804845,,,,
9355.266,7.11,56.446,22.77,6516.35,19.65,892.96,0,,,,33.42945267,1.894066846,,,,
9365.333,7.19,56.446,22.77,6519.9,19.65,892.99,0,,,,33.4493607,1.894235083,,,,
9375.339,7.17,56.445,22.77,6524.14,19.64,893.26,0,,,,33.47313818,1.895749215,,,,
9385.296,7.18,56.444,22.77,6528.25,19.64,892.78,0,,,,33.49618663,1.893057425,,,,
9395.288,7.18,56.444,22.77,6532.32,19.65,893,0,,,,33.51901077,1.894291162,,,,
9405.347,7.17,56.444,22.77,6536.25,19.66,893.5,0,,,,33.5410498,1.89709511,,,,
9415.348,7.19,56.443,22.77,6540.27,19.66,894.03,0,,,,33.56359354,1.900067295,,,,
9425.31,7.19,56.443,22.77,6545.03,19.66,895.14,0,,,,33.59028712,1.906292059,,,,
9435.351,7.18,56.439,22.77,6548.64,19.66,896.22,0,,,,33.61053163,1.912348587,,,,
9445.339,7.19,56.44,22.76,6553.2,19.66,896.36,0,,,,33.63610363,1.913133692,,,,
9455.314,7.24,56.439,22.77,6557.43,19.65,897.19,0,,,,33.65982503,1.917788246,,,,
9465.339,7.24,56.438,22.77,6566.17,19.66,900.3,0,,,,33.70883804,1.935228802,,,,
9475.378,7.23,56.437,22.77,6571.65,19.65,901.41,0,,,,33.73956931,1.941453567,,,,
9485.34,7.24,56.437,22.77,6575.37,19.65,901.22,0,,,,33.76043069,1.940388066,,,,
9495.331,7.24,56.435,22.77,6578.92,19.64,900.74,0,,,,33.78033872,1.937696276,,,,
9505.316,7.25,56.436,22.77,6583.61,19.65,894.83,0,,,,33.80663975,1.904553611,,,,
9515.403,7.25,56.435,22.77,6587.58,19.64,900.94,0,,,,33.8289031,1.938817856,,,,
9525.349,7.23,56.435,22.77,6590.83,19.64,898.9,0,,,,33.84712876,1.927377748,,,,
9535.339,7.25,56.434,22.77,6595.31,19.65,896.1,0,,,,33.87225213,1.911675639,,,,
9545.313,7.29,56.435,22.77,6598.71,19.64,899.66,0,,,,33.89131898,1.931639749,,,,
9555.38,7.3,56.433,22.77,6602.77,19.65,900.1,0,,,,33.91408703,1.934107223,,,,
9565.36,7.29,56.432,22.77,6602.3,19.65,897.63,0,,,,33.91145132,1.92025572,,,,
9575.317,7.29,56.433,22.77,6606.29,19.65,896.9,0,,,,33.93382683,1.916161956,,,,
9585.412,7.29,56.432,22.77,6609.64,19.64,896.21,0,,,,33.95261328,1.912292508,,,,
9595.403,7.3,56.432,22.77,6613.99,19.65,896.15,0,,,,33.97700763,1.911956034,,,,
9605.391,7.3,56.431,22.77,6618.22,19.66,895.97,0,,,,34.00072903,1.910946613,,,,
9615.418,7.31,56.431,22.77,6621.94,19.65,895.46,0,,,,34.0215904,1.908086586,,,,
9625.435,7.3,56.431,22.77,6625.49,19.66,895.76,0,,,,34.04149843,1.909768955,,,,
9635.394,7.34,56.431,22.77,6630.27,19.66,896.13,0,,,,34.06830417,1.911843876,,,,
9645.379,7.36,56.43,22.77,6634.02,19.66,896.19,0,,,,34.08933378,1.91218035,,,,
9655.442,7.36,56.428,22.77,6638.19,19.66,896.15,0,,,,34.11271871,1.911956034,,,,
9665.436,7.34,56.429,22.77,6642.01,19.66,896.46,0,,,,34.13414087,1.913694482,,,,
9675.409,7.36,56.426,22.77,6645.95,19.66,896.22,0,,,,34.15623598,1.912348587,,,,
9685.376,7.35,56.428,22.77,6649.42,19.65,896.6,0,,,,34.17569538,1.914479587,,,,
9695.461,7.36,56.427,22.78,6653.97,19.66,897.12,0,,,,34.20121131,1.917395693,,,,
9705.41,7.35,56.425,22.77,6657.82,19.66,897.82,0,,,,34.2228017,1.92132122,,,,
9715.4,7.35,56.426,22.77,6661.21,19.67,898.42,0,,,,34.24181247,1.924685958,,,,
9725.462,,56.424,22.77,6665.8,19.66,898.82,0,,,,34.26755271,1.926929116,,,,
9734.443,7.41,56.425,22.77,6669.19,19.66,899.16,0,,,,34.28656348,1.928835801,,,,
9744.424,7.41,56.425,22.77,6673.14,19.66,899.29,0,,,,34.30871467,1.929564827,,,,
9754.428,7.41,56.423,22.77,6676.88,19.66,900.49,0,,,,34.3296882,1.936294302,,,,
9764.466,7.41,56.423,22.77,6680.74,19.65,900.55,0,,,,34.35133468,1.936630776,,,,
9774.446,7.4,56.423,22.78,6685.19,19.65,900.49,0,,,,34.37628982,1.936294302,,,,
9784.444,7.42,56.422,22.77,6689.14,19.65,900.63,0,,,,34.398441,1.937079408,,,,
9794.42,7.41,56.422,22.77,6692.8,19.65,901.34,0,,,,34.4189659,1.941061014,,,,
9804.48,7.4,56.422,22.77,6696.97,19.66,901.96,0,,,,34.44235083,1.944537909,,,,
9814.476,7.4,56.422,22.77,6700.48,19.66,902.39,0,,,,34.46203454,1.946949305,,,,
9824.439,7.4,56.422,22.77,6704.62,19.66,902.95,0,,,,34.48525123,1.950089726,,,,
9834.417,7.45,56.422,22.77,6708.77,19.68,903.59,0,,,,34.508524,1.95367878,,,,
9844.475,7.45,56.421,22.77,6712.14,19.68,904.22,0,,,,34.52742261,1.957211754,,,,
9854.438,7.45,56.421,22.77,6716.35,19.69,905.24,0,,,,34.55103185,1.962931808,,,,
9864.453,7.45,56.42,22.77,6720.12,19.69,906.1,0,,,,34.57217362,1.967754598,,,,
9874.503,7.45,56.419,22.78,6724.02,19.69,906.74,0,,,,34.59404441,1.971343652,,,,
9884.468,7.45,56.417,22.78,6728.02,19.7,908.1,0,,,,34.616476,1.97897039,,,,
9894.48,7.44,56.418,22.78,6732.24,19.71,909.81,0,,,,34.64014132,1.988559892,,,,
9904.438,7.44,56.417,22.77,6735.83,19.71,911,0,,,,34.66027367,1.995233288,,,,
9914.532,7.45,56.417,22.77,6740.46,19.71,911.35,0,,,,34.68623822,1.997196052,,,,
9924.499,7.46,56.416,22.78,6743.85,19.71,912.38,0,,,,34.70524899,2.002972185,,,,
9934.474,7.51,56.415,22.78,6748.61,19.71,912.16,0,,,,34.73194258,2.001738448,,,,
9944.549,7.51,56.416,22.78,6752.36,19.71,913.22,0,,,,34.75297218,2.007682817,,,,
9954.533,7.51,56.414,22.78,6755.94,19.71,913.28,0,,,,34.77304845,2.008019291,,,,
9964.507,7.5,56.414,22.78,6760.36,19.71,914.58,0,,,,34.79783535,2.015309556,,,,
9974.483,7.5,56.413,22.78,6763.78,19.71,914.96,0,,,,34.81701436,2.017440556,,,,
9984.522,7.5,56.413,22.78,6767.49,19.71,914.78,0,,,,34.83781965,2.016431135,,,,
9994.555,7.5,56.414,22.79,6771.4,19.72,915.91,0,,,,34.85974652,2.022768057,,,,
10004.479,7.5,56.412,22.78,6776.09,19.72,915.87,0,,,,34.88604755,2.022543742,,,,
10014.569,7.5,56.412,22.79,6779.69,19.72,917.21,0,,,,34.90623598,2.030058322,,,,
10024.549,7.56,56.411,22.79,6783.99,19.73,917.51,0,,,,34.93034993,2.031740691,,,,
10034.53,7.56,56.41,22.79,6787.37,19.73,918.23,0,,,,34.94930462,2.035778376,,,,
10044.5,7.57,56.41,22.79,6792.07,19.72,918.71,0,,,,34.97566173,2.038470166,,,,
10054.588,7.55,56.411,22.79,6795.82,19.72,919.23,0,,,,34.99669134,2.041386272,,,,
10064.565,7.56,56.41,22.79,6799.5,19.72,919.64,0,,,,35.0173284,2.043685509,,,,
10074.537,7.56,56.409,22.79,6803.2,19.73,920.39,0,,,,35.03807761,2.047891431,,,,
10084.478,7.56,56.41,22.79,6807.16,19.73,921.26,0,,,,35.06028488,2.052770301,,,,
10094.577,7.57,56.409,22.79,6811.75,19.73,921.89,0,,,,35.08602512,2.056303275,,,,
10104.543,7.56,56.408,22.8,6815.63,19.73,921.71,0,,,,35.10778376,2.055293854,,,,
10114.526,7.56,56.408,22.79,6819.51,19.73,922.38,0,,,,35.1295424,2.059051144,,,,
10124.533,7.62,56.408,22.8,6823.86,19.74,921.88,1,,,,35.15393674,2.056247196,,,,
10134.598,7.63,56.407,22.8,6827.35,19.74,921.59,0,,,,35.1735083,2.054620906,,,,
10144.57,7.63,56.406,22.8,6831.27,19.75,921.51,0,,,,35.19549125,2.054172275,,,,
10154.547,7.64,56.406,22.8,6834.87,19.75,921.81,0,,,,35.21567968,2.055854643,,,,
10164.611,7.63,56.406,22.8,6838.59,19.74,922.1,0,,,,35.23654105,2.057480933,,,,
10174.594,7.63,56.406,22.8,6842.65,19.75,922.69,0,,,,35.25930911,2.060789592,,,,
10184.581,7.63,56.405,22.81,6846.88,19.75,923.51,0,,,,35.28303051,2.065388066,,,,
10194.54,7.64,56.404,22.81,6850.28,19.75,924.18,0,,,,35.30209735,2.069145357,,,,
10204.621,7.64,56.405,22.8,6854.95,19.75,925.65,0,,,,35.32828623,2.077388964,,,,
10214.609,,56.408,22.81,6858.68,19.75,926.72,0,,,,35.34920368,2.083389412,,,,
10223.58,7.69,56.407,22.81,6862.21,19.75,926.4,0,,,,35.36899955,2.081594886,,,,
10233.555,7.7,56.406,22.81,6865.85,19.76,927.16,0,,,,35.38941229,2.085856886,,,,
10243.621,7.7,56.406,22.81,6874.63,19.76,930.76,0,,,,35.43864962,2.106045312,,,,
10253.605,7.69,56.406,22.81,6879.69,19.76,931.78,0,,,,35.46702557,2.111765366,,,,
10263.574,7.69,56.405,22.81,6883.49,19.75,916.5,0,,,,35.48833558,2.026076716,,,,
10273.64,7.69,56.405,22.82,6887.46,19.75,917.82,0,,,,35.51059892,2.033479139,,,,
10283.595,7.69,56.406,22.81,6891.14,19.75,919.07,0,,,,35.53123598,2.040489009,,,,
10293.603,7.69,56.405,22.81,6894.7,19.75,922.78,0,,,,35.55120009,2.061294302,,,,
10303.563,7.69,56.404,22.82,6899.41,19.74,925.08,0,,,,35.57761328,2.074192463,,,,
10313.652,7.74,56.404,22.82,6902.19,19.75,916.72,0,,,,35.59320323,2.027310453,,,,
10323.632,7.74,56.403,22.82,6906.52,19.75,917.69,0,,,,35.61748542,2.032750112,,,,
10333.605,7.74,56.403,22.82,6910.59,19.76,921.13,0,,,,35.64030956,2.052041274,,,,
10343.681,7.75,56.404,22.82,6914.49,19.75,914.31,0,,,,35.66218035,2.013795424,,,,
10354.653,7.76,56.398,22.82,6917.4,19.75,921.43,0,,,,35.67849933,2.053723643,,,,
10364.711,7.76,56.397,22.82,6917.26,19.74,918.86,0,,,,35.67771422,2.03931135,,,,
10374.574,7.75,56.4,22.82,6920.42,19.74,926.33,0,,,,35.69543517,2.081202333,,,,
10384.67,7.75,56.397,22.82,6923.76,19.73,926.1,0,,,,35.71416555,2.079912517,,,,
10394.673,7.75,56.398,22.82,6927.77,19.73,926.45,0,,,,35.73665321,2.08187528,,,,
10404.624,7.75,56.397,22.83,6931.15,19.73,926.67,0,,,,35.7556079,2.083109017,,,,
10414.621,7.81,56.398,22.83,6935.31,19.73,926.82,0,,,,35.77893674,2.083950202,,,,
10424.711,7.81,56.395,22.83,6938.84,19.74,927.11,0,,,,35.79873262,2.085576492,,,,
10434.655,7.8,56.397,22.82,6943.33,19.74,928.3,0,,,,35.82391207,2.092249888,,,,
10444.643,7.81,56.395,22.83,6946.98,19.74,928.69,0,,,,35.84438089,2.094436967,,,,
10454.683,7.81,56.396,22.83,6950.26,19.75,928.92,0,,,,35.86277479,2.095726783,,,,
10464.686,7.81,56.393,22.83,6954.25,19.75,929.04,0,,,,35.88515029,2.096399731,,,,
10474.64,7.8,56.395,22.83,6957.55,19.75,929.15,0,,,,35.90365635,2.097016599,,,,
10484.64,7.81,56.395,22.83,6962.09,19.75,928.79,0,,,,35.9291162,2.094997757,,,,
10494.704,7.8,56.393,22.84,6965.46,19.76,929.41,0,,,,35.9480148,2.098474652,,,,
10504.704,7.81,56.393,22.83,6969.61,19.76,928.84,0,,,,35.97128757,2.095278152,,,,
10514.662,7.86,56.393,22.84,6972.64,19.75,929.18,0,,,,35.9882795,2.097184836,,,,
10524.611,7.87,56.393,22.84,6976.2,19.76,928.88,0,,,,36.00824361,2.095502467,,,,
10534.722,7.87,56.392,22.84,6980.72,19.75,928.72,0,,,,36.0335913,2.094605204,,,,
10544.691,7.87,56.391,22.84,6984.49,19.75,929.34,0,,,,36.05473306,2.0980821,,,,
10554.671,7.86,56.391,22.84,6987.68,19.74,929.06,0,,,,36.07262225,2.096511889,,,,
10564.718,7.86,56.391,22.84,6991.34,19.74,928.56,0,,,,36.09314715,2.093707941,,,,
10574.711,7.86,56.39,22.84,6995.04,19.74,928.48,0,,,,36.11389637,2.093259309,,,,
10584.705,7.87,56.389,22.84,6998.91,19.73,928.87,0,,,,36.13559892,2.095446389,,,,
10594.677,7.87,56.389,22.84,7002.4,19.73,928.62,0,,,,36.15517048,2.094044415,,,,
10604.745,7.87,56.389,22.84,7006.4,19.73,928.8,0,,,,36.17760206,2.095053836,,,,
10614.73,,56.389,22.84,7010.25,19.74,929.02,0,,,,36.19919246,2.096287573,,,,
10623.704,7.93,56.388,22.84,7013.51,19.73,929.05,0,,,,36.2174742,2.09645581,,,,
10633.665,7.93,56.389,22.84,7016.68,19.73,928.79,0,,,,36.23525123,2.094997757,,,,
10643.748,7.92,56.387,22.84,7020.65,19.72,929.26,0,,,,36.25751458,2.097633468,,,,
10653.713,7.93,56.387,22.84,7023.97,19.71,929.35,0,,,,36.27613279,2.098138179,,,,
10663.694,7.93,56.385,22.84,7027.28,19.71,929.8,0,,,,36.29469493,2.100661732,,,,
10673.772,7.92,56.386,22.84,7031.35,19.7,929.86,0,,,,36.31751907,2.100998205,,,,
10683.757,7.92,56.387,22.84,7034.73,19.7,930.02,0,,,,36.33647376,2.101895469,,,,
10693.722,7.93,56.385,22.84,7037.37,19.71,931.59,0,,,,36.3512786,2.110699865,,,,
10703.688,7.93,56.385,22.84,7041.04,19.71,931.79,0,,,,36.37185958,2.111821445,,,,
10713.778,7.94,56.384,22.84,7045.16,19.71,932.4,0,,,,36.39496411,2.115242261,,,,
10723.747,7.93,56.384,22.84,7048.95,19.7,932.64,0,,,,36.41621803,2.116588156,,,,
10733.746,7.93,56.384,22.84,7052.35,19.71,933.43,0,,,,36.43528488,2.121018394,,,,
10743.726,7.93,56.387,22.84,7056.19,19.7,934.18,0,,,,36.4568192,2.125224316,,,,
10753.793,7.94,56.386,22.85,7059.44,19.7,935.66,0,,,,36.47504486,2.133524002,,,,
10763.754,7.93,56.388,22.84,7063,19.7,936.91,0,,,,36.49500897,2.140533872,,,,
10773.745,7.93,56.387,22.84,7066.29,19.7,938.37,0,,,,36.51345895,2.1487214,,,,
10783.818,7.93,56.385,22.84,7070.38,19.7,939.6,0,,,,36.53639524,2.155619112,,,,
10793.793,7.93,56.387,22.84,7073.44,19.7,941.16,0,,,,36.55355541,2.164367429,,,,
10803.763,7.92,56.383,22.84,7076.63,19.69,942.37,0,,,,36.57144459,2.171152983,,,,
10813.748,7.92,56.385,22.84,7080.29,19.69,943.7,0,,,,36.59196949,2.178611485,,,,
10823.813,7.93,56.384,22.84,7084.2,19.68,944.25,0,,,,36.61389637,2.181695828,,,,
10833.804,7.94,56.384,22.84,7087.98,19.68,945.59,0,,,,36.63509421,2.189210408,,,,
10843.772,7.93,56.383,22.84,7091.26,19.68,946.22,0,,,,36.65348811,2.192743383,,,,
10853.737,7.93,56.383,22.85,7107.32,19.67,952.36,0,,,,36.74355092,2.227175864,,,,
10863.819,7.92,56.379,22.84,7102.36,19.66,952.54,0,,,,36.71573576,2.228185285,,,,
10873.796,7.93,56.38,22.84,7092.94,19.66,951.98,0,,,,36.66290938,2.225044863,,,,
10883.771,7.92,56.379,22.84,7121.29,19.66,954.09,0,,,,36.82189323,2.236877524,,,,
10893.856,7.98,56.378,22.84,7110.84,19.66,952.66,0,,,,36.76329071,2.228858232,,,,
10903.805,7.98,56.377,22.84,7100.15,19.66,954.17,0,,,,36.70334231,2.237326155,,,,
10913.799,7.98,56.378,22.84,7116.48,19.67,955.46,0,,,,36.79491925,2.244560341,,,,
10923.755,7.98,56.377,22.84,7137.43,19.67,957.54,0,,,,36.91240467,2.256224764,,,,
10933.855,7.99,56.376,22.85,7139.14,19.66,958.24,0,,,,36.92199417,2.260150292,,,,
10943.803,7.99,56.375,22.85,7107.62,19.66,956.74,0,,,,36.74523329,2.251738448,,,,
10953.813,7.98,56.376,22.84,7110.68,19.66,957.3,0,,,,36.76239345,2.254878869,,,,
10963.879,7.98,56.375,22.85,7129.76,19.66,959.37,0,,,,36.8693921,2.266487214,,,,
10973.851,7.98,56.375,22.85,7120.7,19.66,959.78,0,,,,36.81858457,2.268786451,,,,
10983.842,7.98,56.373,22.84,7131.5,19.66,960.2,0,,,,36.87914984,2.271141768,,,,
10993.783,,56.373,22.84,7125.13,19.67,961.46,0,,,,36.84342755,2.278207716,,,,
11002.866,8.03,56.373,22.85,7140.98,19.67,963.07,0,,,,36.9323127,2.287236429,,,,
11012.847,8.04,56.373,22.84,7134.58,19.67,963.09,0,,,,36.89642216,2.287348587,,,,
11022.835,8.04,56.373,22.84,7159.07,19.66,965.1,0,,,,37.03375953,2.298620458,,,,
11032.796,8.02,56.373,22.84,7166.37,19.66,966.08,0,,,,37.07469717,2.304116196,,,,
11042.866,8.03,56.37,22.84,7148.04,19.66,965.44,0,,,,36.97190444,2.300527142,,,,
11052.888,8.04,56.37,22.84,7173.29,19.66,968.16,0,,,,37.11350381,2.315780619,,,,
11062.84,8.03,56.37,22.84,7157.19,19.67,966.98,0,,,,37.02321669,2.309163302,,,,
11072.926,8.04,56.371,22.84,7162.24,19.66,967.43,0,,,,37.05153656,2.311686855,,,,
11082.911,8.04,56.369,22.84,7188,19.66,969.93,0,,,,37.19599596,2.325706595,,,,
11092.876,8.04,56.371,22.84,7191.1,19.66,968.48,0,,,,37.21338044,2.317575146,,,,
11102.867,8.09,56.369,22.84,7189.76,19.66,967.7,0,,,,37.20586586,2.313200987,,,,
11112.933,8.09,56.368,22.84,7197.51,19.66,967.03,0,,,,37.24932705,2.309443697,,,,
11122.889,8.08,56.368,22.83,7196.39,19.66,966.16,0,,,,37.24304621,2.304564827,,,,
11132.863,8.09,56.368,22.84,7203.55,19.66,966.84,0,,,,37.28319874,2.308378197,,,,
11142.853,8.09,56.367,22.84,7200.25,19.66,967.67,0,,,,37.26469269,2.31303275,,,,
11152.929,8.09,56.365,22.84,7190.87,19.65,968.39,0,,,,37.21209062,2.317070435,,,,
11162.906,8.1,56.365,22.84,7205.13,19.66,970.63,0,,,,37.29205922,2.329632122,,,,
11172.884,8.09,56.366,22.84,7208.85,19.66,972.04,0,,,,37.31292059,2.337539255,,,,
11182.838,8.09,56.365,22.84,7212.3,19.65,967.09,0,,,,37.33226783,2.30978017,,,,
11192.912,8.09,56.363,22.84,7216.65,19.66,971.15,0,,,,37.35666218,2.332548228,,,,
11202.894,8.09,56.363,22.84,7219.21,19.66,961.68,0,,,,37.37101839,2.279441454,,,,
11212.878,8.15,56.363,22.84,7222.22,19.66,936.11,0,,,,37.38789816,2.136047555,,,,
11222.939,8.15,56.364,22.84,7225.17,19.66,960.24,0,,,,37.40444145,2.271366083,,,,
11232.929,8.14,56.363,22.83,7229.76,19.66,966.5,0,,,,37.4301817,2.306471512,,,,
11242.881,8.14,56.362,22.83,7232.48,19.67,971.25,0,,,,37.44543517,2.333109017,,,,
11252.855,8.15,56.362,22.83,7235.13,19.67,953.21,0,,,,37.4602961,2.231942575,,,,
11262.933,8.14,56.362,22.83,7238.6,19.67,971.82,0,,,,37.4797555,2.336305518,,,,
11272.934,8.14,56.361,22.84,7242,19.67,959.16,0,,,,37.49882234,2.265309556,,,,
11282.909,8.14,56.36,22.84,7245.39,19.67,963.62,0,,,,37.51783311,2.290320772,,,,
11292.893,8.14,56.36,22.84,7238.66,19.67,960.01,0,,,,37.48009197,2.270076267,,,,
11302.953,8.14,56.36,22.84,7251.55,19.68,968.79,0,,,,37.55237775,2.319313594,,,,
11312.946,8.14,56.361,22.84,7255.52,19.68,969.43,0,,,,37.57464109,2.322902647,,,,
11322.907,8.2,56.36,22.84,7258.25,19.68,969.36,0,,,,37.58995065,2.322510094,,,,
11332.997,8.2,56.359,22.84,7259.6,19.69,969.77,0,,,,37.59752131,2.324809332,,,,
11342.95,8.2,56.359,22.84,7258.97,19.69,969.87,0,,,,37.59398834,2.325370121,,,,
11352.951,8.19,56.359,22.84,7261.62,19.69,970.81,0,,,,37.60884926,2.330641543,,,,
11362.907,8.19,56.358,22.84,7266.32,19.68,971.93,0,,,,37.63520637,2.336922387,,,,
11372.997,8.2,56.357,22.84,7272.29,19.69,972.1,0,,,,37.66868551,2.337875729,,,,
11382.963,8.2,56.357,22.84,7274.34,19.69,972.38,0,,,,37.6801817,2.33944594,,,,
11392.944,8.2,56.358,22.84,7276.9,19.7,972.71,0,,,,37.69453791,2.341296546,,,,
11402.991,8.2,56.355,22.84,7280.19,19.7,973.17,0,,,,37.71298789,2.343876178,,,,
11413.002,8.19,56.355,22.84,7284.16,19.71,974.07,0,,,,37.73525123,2.348923284,,,,
11422.972,8.26,56.356,22.84,7285.94,19.71,974.73,0,,,,37.74523329,2.352624495,,,,
11432.961,8.26,56.355,22.84,7290.6,19.72,975.13,0,,,,37.77136608,2.354867654,,,,
11443.013,8.25,56.356,22.84,7293.87,19.72,975.45,0,,,,37.7897039,2.35666218,,,,
11452.989,8.26,56.355,22.84,7297.21,19.72,975.89,0,,,,37.80843428,2.359129655,,,,
11462.961,8.25,56.355,22.84,7300.46,19.73,976.28,0,,,,37.82665994,2.361316734,,,,
11472.964,8.26,56.353,22.84,7303.66,19.73,976.68,0,,,,37.8446052,2.363559892,,,,
11483.018,8.26,56.354,22.84,7306.99,19.73,977.88,0,,,,37.8632795,2.370289367,,,,
11493.009,8.26,56.353,22.84,7309.71,19.73,978.2,0,,,,37.87853297,2.372083894,,,,
11502.977,8.26,56.353,22.84,7313.74,19.73,978.67,0,,,,37.90113279,2.374719605,,,,
11513.059,8.25,56.354,22.84,7317.11,19.73,978.76,0,,,,37.9200314,2.375224316,,,,
11523.034,8.25,56.356,22.85,7320.57,19.73,979.29,0,,,,37.93943472,2.378196501,,,,
11533.003,8.25,56.354,22.85,7323.89,19.73,979.23,0,,,,37.95805294,2.377860027,,,,
11542.977,8.25,56.353,22.85,7327.4,19.74,980.06,0,,,,37.97773665,2.382514581,,,,
11553.038,8.27,56.352,22.85,7330.29,19.74,980.43,0,,,,37.99394347,2.384589502,,,,
11563.04,8.27,56.352,22.85,7333.45,19.74,981.48,0,,,,38.01166442,2.390477793,,,,
11573.007,8.27,56.351,22.85,7336.81,19.74,982.2,0,,,,38.03050695,2.394515478,,,,
11582.977,8.27,56.352,22.85,7340.37,19.75,982.24,0,,,,38.05047106,2.394739794,,,,
11593.062,8.27,56.35,22.85,7343.96,19.75,982.71,0,,,,38.07060341,2.397375505,,,,
11603.042,8.26,56.351,22.85,7347.2,19.75,983.66,0,,,,38.08877299,2.402703006,,,,
11613.008,8.27,56.352,22.85,7350.09,19.73,985.23,0,,,,38.10497981,2.411507402,,,,
11623.062,8.27,56.351,22.85,7353.2,19.73,985.6,0,,,,38.12242037,2.413582324,,,,
11633.056,8.27,56.35,22.85,7356.88,19.73,986.33,0,,,,38.14305742,2.417676088,,,,
11643.023,8.27,56.352,22.86,7360.75,19.73,986.97,0,,,,38.16475998,2.421265141,,,,
11653.026,8.32,56.349,22.86,7363.9,19.73,988.42,0,,,,38.18242485,2.42939659,,,,
11663.069,8.32,56.348,22.85,7366.42,19.74,989.28,0,,,,38.19655675,2.434219381,,,,
11673.095,8.32,56.35,22.86,7370.48,19.74,990.94,0,,,,38.21932481,2.443528488,,,,
11683.041,8.32,56.349,22.86,7373.19,19.75,991.66,0,,,,38.23452221,2.447566173,,,,
11693.121,8.32,56.348,22.87,7376.51,19.75,992.62,0,,,,38.25314042,2.452949753,,,,
11703.095,8.32,56.348,22.86,7380.65,19.75,993.66,0,,,,38.27635711,2.458781965,,,,
11713.058,8.32,56.348,22.87,7384.25,19.75,994.35,0,,,,38.29654554,2.462651413,,,,
11723.027,8.33,56.347,22.87,7386.74,19.75,995.52,0,,,,38.3105092,2.469212651,,,,
11733.121,8.32,56.347,22.87,7390.52,19.76,996.87,0,,,,38.33170704,2.476783311,,,,
11743.093,8.32,56.348,22.87,7393.84,19.76,997.18,0,,,,38.35032526,2.478521759,,,,
11753.079,8.32,56.347,22.87,7397.84,19.75,998.15,0,,,,38.37275684,2.483961418,,,,
11763.151,8.37,56.346,22.87,7401.43,19.76,999.81,0,,,,38.39288919,2.493270525,,,,
11773.102,8.37,56.347,22.87,7403.46,19.77,1000.55,0,3.09497,3.07,0.85114,38.40427322,2.497420368,,,,
11783.111,8.37,56.345,22.87,7407.39,19.76,1000.91,0,,,,38.42631225,2.49943921,,,,
11793.059,8.38,56.346,22.88,7412.66,19.76,1002.37,0,,,,38.45586586,2.507626738,,,,
11803.158,8.38,56.345,22.88,7412.72,19.76,1003.01,0,,,,38.45620233,2.511215792,,,,
11813.137,8.38,56.345,22.87,7415.41,19.77,1004.8,0,,,,38.47128757,2.521253926,,,,
11823.116,8.38,56.343,22.88,7424.18,19.78,1005.83,0,,,,38.52046882,2.527030058,,,,
11833.064,8.37,56.344,22.88,7425.77,19.78,1007.47,0,,,,38.52938537,2.536227008,,,,
11843.142,8.38,56.343,22.88,7430.05,19.79,1008.2,0,,,,38.55338717,2.540320772,,,,
11853.147,8.38,56.344,22.88,7434.09,19.79,1009.9,0,,,,38.57604307,2.549854195,,,,
11863.1,8.38,56.344,22.89,7434.55,19.79,1010.97,0,,,,38.5786227,2.555854643,,,,
11873.164,8.43,56.344,22.89,7434,19.8,1011.65,0,,,,38.57553836,2.559668013,,,,
11883.155,8.44,56.343,22.89,7445.77,19.81,1013.58,0,,,,38.64154329,2.570491252,,,,
11893.119,8.44,56.341,22.89,7441.73,19.81,1014.42,0,,,,38.61888739,2.575201884,,,,
11903.094,8.44,56.343,22.89,7446.53,19.81,1016.23,0,,,,38.64580529,2.585352176,,,,
11913.174,8.44,56.341,22.89,7456.53,19.82,1017.23,0,,,,38.70188425,2.590960072,,,,
11923.163,8.44,56.341,22.89,7460.85,19.82,1016.94,0,,,,38.72611036,2.589333782,,,,
11933.15,8.44,56.342,22.9,7465.56,19.81,1018.93,0,,,,38.75252355,2.600493495,,,,
11943.082,8.44,56.343,22.9,7455.18,19.81,1019.3,0,,,,38.69431359,2.602568416,,,,
11953.208,8.44,56.341,22.9,7474.28,19.82,1020.71,0,,,,38.80142441,2.61047555,,,,
11963.142,8.44,56.342,22.9,7477.62,19.82,1021.78,0,,,,38.82015478,2.616475998,,,,
11973.14,8.44,56.342,22.9,7478.65,19.83,1023.04,0,,,,38.82593091,2.623541947,,,,
11983.107,8.49,56.341,22.9,7478.24,19.81,1023.32,0,,,,38.82363167,2.625112158,,,,
11993.194,8.49,56.341,22.9,7474.01,19.81,1022.39,0,,,,38.79991027,2.619896815,,,,
12003.165,8.48,56.341,22.91,7489.7,19.81,1024.77,0,,,,38.88789816,2.633243607,,,,
12013.119,8.49,56.34,22.91,7481.31,19.81,1023.32,0,,,,38.84084791,2.625112158,,,,
12023.219,8.49,56.341,22.91,7482.31,19.81,1022.98,0,,,,38.84645581,2.623205473,,,,
12033.2,8.49,56.339,22.91,7487.14,19.81,1022.01,0,,,,38.87354195,2.617765814,,,,
12043.157,8.49,56.339,22.91,7484.8,19.82,1021.7,0,,,,38.86041947,2.616027367,,,,
12053.13,8.49,56.339,22.91,7483.58,19.82,1021.02,0,,,,38.85357784,2.612213997,,,,
12063.219,8.49,56.339,22.91,7487.61,19.83,1023.48,0,,,,38.87617766,2.626009421,,,,
12073.188,8.49,56.337,22.91,7490.88,19.83,1021.41,0,,,,38.89451548,2.614401077,,,,
12083.147,8.49,56.337,22.91,7521.38,19.84,1023.94,0,,,,39.0655563,2.628589053,,,,
12093.127,8.55,56.336,22.92,7514.78,19.84,1024.42,0,,,,39.02854419,2.631280843,,,,
12103.237,8.56,56.337,22.92,7516.09,19.84,1027.18,0,,,,39.03589053,2.646758636,,,,
12113.2,8.55,56.334,22.92,7524.06,19.84,1029.14,0,,,,39.08058546,2.657750112,,,,
12123.165,8.54,56.334,22.92,7527.26,19.84,1026.43,0,,,,39.09853073,2.642552714,,,,
12133.261,8.55,56.335,22.92,7530.36,19.83,1006.92,0,,,,39.11591521,2.533142665,,,,
12143.222,8.56,56.333,22.92,7535.6,19.83,1012.87,0,,,,39.14530058,2.566509646,,,,
12153.188,8.55,56.334,22.92,7534.92,19.83,1025.81,0,,,,39.14148721,2.639075819,,,,
12163.178,8.55,56.335,22.92,7541.07,19.82,1026.6,0,,,,39.17597577,2.643506057,,,,
12173.241,8.56,56.334,22.92,7542.09,19.81,1027.54,0,,,,39.18169583,2.648777479,,,,
12183.237,8.55,56.333,22.93,7545.49,19.81,1020.1,0,,,,39.20076267,2.607054733,,,,
12193.19,8.55,56.334,22.93,7550.01,19.8,1025.98,0,,,,39.22611036,2.640029161,,,,
12203.29,8.56,56.333,22.93,7554.15,19.79,1026.97,0,,,,39.24932705,2.645580978,,,,
12213.25,8.61,56.331,22.92,7557.42,19.79,1025.53,0,,,,39.26766487,2.637505608,,,,
12223.244,8.61,56.332,22.93,7556.61,19.79,1027.54,0,,,,39.26312248,2.648777479,,,,
12233.208,8.61,56.331,22.92,7560.97,19.79,1020.87,0,,,,39.2875729,2.611372813,,,,
12243.273,8.61,56.332,22.92,7561.1,19.78,1026.66,0,,,,39.28830193,2.64384253,,,,
12253.279,8.62,56.331,22.93,7551.85,19.79,1024.97,0,,,,39.23642889,2.634365186,,,,
12263.257,8.62,56.332,22.93,7580,19.78,1026.11,0,,,,39.39429116,2.640758188,,,,
12273.278,8.61,56.33,22.92,7579.46,19.78,1025.66,0,,,,39.3912629,2.638234634,,,,
12283.29,8.62,56.329,22.93,7553.88,19.78,1023.4,0,,,,39.24781292,2.62556079,,,,
12293.276,8.61,56.331,22.93,7581.48,19.77,1024.62,0,,,,39.40259085,2.632402423,,,,
12303.243,8.61,56.33,22.93,7556.7,19.77,1022.62,0,,,,39.26362719,2.621186631,,,,
12313.286,8.62,56.329,22.92,7560.6,19.77,1022.65,0,,,,39.28549798,2.621354868,,,,
12323.284,8.68,56.33,22.93,7568.28,19.77,1023.44,0,,,,39.32856662,2.625785105,,,,
12333.252,8.67,56.329,22.92,7579.2,19.77,1023.48,0,,,,39.38980485,2.626009421,,,,
12343.243,8.68,56.328,22.93,7570.69,19.76,1023.29,0,,,,39.34208165,2.624943921,,,,
12353.295,8.68,56.328,22.93,7571.81,19.75,1023.58,0,,,,39.34836249,2.626570211,,,,
12363.287,8.67,56.329,22.93,7612.51,19.75,1025.04,0,,,,39.57660386,2.634757739,,,,
12373.289,8.68,56.329,22.93,7612.68,19.75,1026.72,0,,,,39.5775572,2.644179004,,,,
12383.238,8.68,56.328,22.92,7596.96,19.74,1026.12,0,,,,39.48940108,2.640814266,,,,
12393.318,8.68,56.33,22.92,7619.9,19.74,1028.71,0,,,,39.61804621,2.655338717,,,,
12403.293,8.68,56.329,22.92,7603.73,19.74,1027.07,0,,,,39.52736653,2.646141768,,,,
12413.282,8.67,56.327,22.92,7618.44,19.73,1028.56,0,,,,39.60985868,2.654497533,,,,
12423.339,8.68,56.327,22.92,7597.08,19.72,1027.81,0,,,,39.49007402,2.650291611,,,,
12433.355,,56.327,22.92,7613.6,19.72,1030.17,0,,,,39.58271646,2.663526245,,,,
12443.302,8.67,56.326,22.93,7620.1,19.72,1030.36,0,,,,39.61916779,2.664591745,,,,
12453.274,8.66,56.322,22.92,7610.64,19.72,1030.58,0,,,,39.56611709,2.665825482,,,,
12463.354,8.68,56.323,22.92,7632.72,19.72,1032.56,0,,,,39.68993943,2.676929116,,,,
12473.347,8.72,56.324,22.92,7613.13,19.73,1032.22,0,,,,39.58008075,2.675022432,,,,
12483.297,8.71,56.322,22.92,7635.24,19.72,1034.53,0,,,,39.70407133,2.687976671,,,,
12493.272,8.7,56.321,22.92,7638.74,19.73,1035.21,0,,,,39.72369897,2.69179004,,,,
12503.351,8.71,56.32,22.92,7644.44,19.72,1036,0,,,,39.75566397,2.696220278,,,,
12513.345,8.72,56.321,22.92,7647.28,19.72,1036.56,0,,,,39.7715904,2.6993607,,,,
12523.302,8.71,56.322,22.92,7638.34,19.71,1036.16,0,,,,39.72145581,2.697117541,,,,
12533.363,8.71,56.32,22.92,7645.04,19.7,1038.32,0,,,,39.75902871,2.709230597,,,,
12543.339,8.71,56.321,22.92,7639.3,19.69,1038.47,0,,,,39.72683939,2.710071781,,,,
12553.327,8.71,56.319,22.92,7656.58,19.69,1040.31,0,,,,39.82374383,2.72039031,,,,
12563.3,8.7,56.32,22.92,7658.6,19.69,1041.63,0,,,,39.83507178,2.727792732,,,,
12573.356,8.7,56.32,22.92,7660.02,19.69,1042.61,0,,,,39.84303499,2.73328847,,,,
12583.357,8.77,56.32,22.92,7654.91,19.69,1042.75,0,,,,39.81437865,2.734073576,,,,
12593.31,8.77,56.319,22.92,7660.68,19.69,1043.9,0,,,,39.8467362,2.740522656,,,,
12603.402,8.76,56.32,22.92,7658.18,19.69,1044.58,0,,,,39.83271646,2.744336025,,,,
12613.363,8.76,56.317,22.92,7668.18,19.7,1046.52,0,,,,39.88879542,2.755215343,,,,
12623.376,8.77,56.318,22.92,7670.87,19.7,1047.95,0,,,,39.90388066,2.763234634,,,,
12633.345,8.77,56.317,22.92,7675.01,19.69,1049.44,0,,,,39.92709735,2.771590399,,,,
12643.405,8.76,56.318,22.92,7677.8,19.69,1049.7,0,,,,39.94274338,2.773048452,,,,
12653.378,8.77,56.318,22.91,7674.41,19.69,1050.61,0,,,,39.92373262,2.778151638,,,,
12663.352,8.77,56.316,22.91,7680.34,19.69,1051.85,0,,,,39.95698744,2.785105428,,,,
12673.436,8.77,56.317,22.92,7682.32,19.68,1052.6,0,,,,39.96809107,2.78931135,,,,
12683.413,8.76,56.318,22.91,7685.9,19.69,1053.44,0,,,,39.98816734,2.794021983,,,,
12693.377,8.76,56.316,22.91,7689.17,19.7,1054.99,0,,,,40.00650516,2.802714222,,,,
12703.378,8.82,56.316,22.91,7691.31,19.7,1055.58,0,,,,40.01850606,2.80602288,,,,
12713.441,8.82,56.316,22.91,7694.38,19.71,1057.56,0,,,,40.0357223,2.817126514,,,,
12723.425,8.82,56.315,22.91,7697.76,19.72,1058.77,0,,,,40.05467699,2.823912068,,,,
12733.397,8.82,56.316,22.92,7700.4,19.72,1060.1,0,,,,40.06948183,2.83137057,,,,
12743.392,8.82,56.316,22.91,7703.03,19.72,1061.93,0,,,,40.0842306,2.841633019,,,,
12753.428,8.82,56.315,22.91,7705.7,19.72,1062.31,0,,,,40.09920368,2.84376402,,,,
12763.42,8.82,56.315,22.91,7708.29,19.72,1063.7,0,,,,40.11372813,2.851558995,,,,
12773.386,8.83,56.313,22.91,7711.09,19.71,1065.19,0,,,,40.12943024,2.85991476,,,,
12783.494,8.82,56.315,22.92,7714.2,19.71,1066.24,0,,,,40.14687079,2.865803051,,,,
12793.446,8.82,56.314,22.91,7716.71,19.71,1068.11,0,,,,40.16094661,2.876289816,,,,
12803.416,8.82,56.316,22.92,7719.44,19.71,1069.34,0,,,,40.17625617,2.883187528,,,,
12813.412,8.87,56.314,22.91,7722.51,19.72,1070.31,0,,,,40.19347241,2.888627187,,,,
12823.473,8.88,56.314,22.91,7724.73,19.72,1072,0,,,,40.20592194,2.898104531,,,,
12833.442,8.88,56.314,22.91,7728.31,19.72,1072.5,0,,,,40.22599821,2.900908479,,,,
12843.41,8.87,56.314,22.91,7731.07,19.72,1073.78,0,,,,40.241476,2.908086586,,,,
12853.5,8.88,56.314,22.91,7733.61,19.72,1074.76,0,,,,40.25572005,2.913582324,,,,
12863.448,8.87,56.313,22.91,7736.87,19.71,1075.48,0,,,,40.27400179,2.917620009,,,,
12873.458,8.87,56.313,22.91,7740.58,19.71,1076.6,0,,,,40.29480709,2.923900852,,,,
12883.424,8.87,56.314,22.91,7743.05,19.7,1077.07,0,,,,40.30865859,2.926536563,,,,
12893.486,8.87,56.311,22.92,7745.7,19.71,1078.16,0,,,,40.32351952,2.93264917,,,,
12903.474,8.87,56.313,22.92,7748.15,19.72,1079.3,0,,,,40.33725886,2.939042171,,,,
12913.421,8.87,56.311,22.91,7751.07,19.72,1080.14,0,,,,40.35363392,2.943752804,,,,
12923.448,8.87,56.312,22.91,7754,19.72,1080.55,0,,,,40.37006505,2.946052041,,,,
12933.496,8.92,56.31,22.92,7757.2,19.73,1079.39,0,,,,40.38801032,2.939546882,,,,
12943.497,8.93,56.311,22.92,7759.91,19.75,1079.93,0,,,,40.40320772,2.942575146,,,,
12953.453,8.92,56.31,22.92,7762.88,19.75,1080.09,0,,,,40.41986317,2.943472409,,,,
12963.548,8.93,56.309,22.92,7765.3,19.75,1080.56,0,,,,40.43343428,2.94610812,,,,
12973.511,8.93,56.31,22.92,7775.17,19.74,1083.27,0,,,,40.48878421,2.961305518,,,,
12983.494,8.93,56.311,22.92,7777.9,19.74,1084.92,0,,,,40.50409376,2.970558546,,,,
12993.424,8.93,56.311,22.91,7780.94,19.75,1084.32,0,,,,40.52114177,2.967193809,,,,
13003.528,8.92,56.311,22.92,7784.33,19.75,1080.33,0,,,,40.54015253,2.944818304,,,,
13013.501,8.92,56.31,22.92,7786.83,19.75,1084.24,0,,,,40.55417227,2.966745177,,,,
13023.485,8.92,56.312,22.92,7790.08,19.74,1069.81,0,,,,40.57239794,2.885823239,,,,
13033.54,8.92,56.312,22.92,7793.43,19.75,1077.67,0,,,,40.59118439,2.929901301,,,,
13043.551,,56.312,22.92,7796.31,19.75,1081.92,0,,,,40.60733513,2.953734859,,,,
13052.496,8.98,56.311,22.92,7797.99,19.75,1081.01,0,,,,40.61675639,2.948631673,,,,
13062.457,8.98,56.311,22.93,7801.43,19.74,1073.26,0,,,,40.63604755,2.90517048,,,,
13072.546,8.98,56.31,22.93,7804.21,19.74,1080.64,0,,,,40.65163751,2.946556752,,,,
13082.567,8.98,56.309,22.93,7807.24,19.74,1061.2,0,,,,40.66862943,2.837539255,,,,
13092.499,8.98,56.31,22.93,7810.05,19.74,1081.88,0,,,,40.68438762,2.953510543,,,,
13102.476,8.98,56.309,22.92,7812.86,19.75,1069.36,0,,,,40.70014581,2.883299686,,,,
13112.576,8.98,56.308,22.93,7813.8,19.75,1074.62,0,,,,40.70541723,2.912797218,,,,
13122.548,8.98,56.309,22.93,7812.13,19.75,1079.69,0,,,,40.69605204,2.941229251,,,,
13132.528,8.98,56.308,22.93,7814.52,19.75,1080.28,0,,,,40.70945491,2.944537909,,,,
13142.506,8.97,56.31,22.93,7817.05,19.75,1079.06,0,,,,40.72364289,2.937696276,,,,
13152.57,8.98,56.309,22.93,7821.12,19.75,1079.09,0,,,,40.74646703,2.937864513,,,,
13162.563,8.98,56.308,22.93,7823.68,19.76,1079.33,0,,,,40.76082324,2.939210408,,,,
13172.495,9.04,56.31,22.93,7825.12,19.76,1079.69,0,,,,40.76889861,2.941229251,,,,
13182.594,9.04,56.307,22.94,7827.07,19.77,1080.38,0,,,,40.77983401,2.945098699,,,,
13192.585,9.04,56.308,22.93,7830.87,19.77,1080.47,0,,,,40.80114401,2.94560341,,,,
13202.571,9.04,56.308,22.94,7832.19,19.78,1080.93,0,,,,40.80854643,2.948183042,,,,
13212.544,9.04,56.307,22.94,7835.15,19.79,1082.14,0,,,,40.82514581,2.954968596,,,,
13222.624,9.04,56.307,22.94,7837.44,19.79,1082.36,0,,,,40.83798789,2.956202333,,,,
13232.589,9.04,56.308,22.94,7847.19,19.78,1082.73,0,,,,40.89266487,2.958277254,,,,
13242.555,9.05,56.306,22.94,7851.21,19.78,1084.14,0,,,,40.91520861,2.966184388,,,,
13252.647,9.04,56.307,22.94,7843.9,19.78,1084.86,0,,,,40.87421489,2.970222073,,,,
13262.602,9.04,56.308,22.94,7857.51,19.78,1085.62,0,,,,40.95053836,2.974484074,,,,
13272.56,9.04,56.308,22.94,7861.81,19.79,1086.43,0,,,,40.97465231,2.979026469,,,,
13282.554,9.03,56.307,22.94,7863.66,19.79,1085.9,0,,,,40.98502692,2.976054284,,,,
13292.616,9.09,56.306,22.95,7854.15,19.79,1086.51,0,,,,40.93169583,2.979475101,,,,
13302.615,9.09,56.307,22.94,7871.37,19.8,1088.18,0,,,,41.0282638,2.988840287,,,,
13312.614,9.09,56.307,22.95,7857.44,19.8,1088.23,0,,,,40.95014581,2.989120682,,,,
13322.564,9.09,56.307,22.95,7863.42,19.81,1089.83,0,,,,40.98368102,2.998093315,,,,
13332.613,9.09,56.306,22.95,7879.8,19.81,1091.9,0,,,,41.07553836,3.00970166,,,,
13342.591,9.09,56.307,22.95,7879.51,19.81,1092.34,0,,,,41.07391207,3.012169134,,,,
13352.588,9.08,56.309,22.95,7875.35,19.82,1093.37,0,,,,41.05058322,3.017945267,,,,
13362.645,9.09,56.309,22.96,7882.49,19.82,1094.99,0,,,,41.0906236,3.027030058,,,,
13372.644,9.09,56.308,22.96,7886.74,19.82,1096.52,0,,,,41.11445716,3.035610139,,,,
13382.604,9.09,56.307,22.95,7888.81,19.82,1096.94,0,,,,41.1260655,3.037965455,,,,
13392.702,9.09,56.308,22.96,7891.06,19.82,1097.21,0,,,,41.13868327,3.039479587,,,,
13402.684,9.09,56.306,22.96,7906.67,19.83,1099.14,0,,,,41.22622252,3.050302826,,,,
13412.648,9.09,56.303,22.96,7893.85,19.83,1098.58,0,,,,41.1543293,3.047162405,,,,
13422.61,9.14,56.302,22.96,7884.95,19.84,1096.88,1,,,,41.10441902,3.037628982,,,,
13432.677,9.15,56.3,22.96,7898.73,19.84,1098.19,0,,,,41.18169583,3.044975325,,,,
13442.674,9.14,56.299,22.96,7887.8,19.83,1097.98,0,,,,41.12040153,3.043797667,,,,
13452.626,9.16,56.299,22.96,7905.59,19.83,1100.1,0,,,,41.22016599,3.055686406,,,,
13462.628,9.15,56.298,22.96,7891.03,19.83,1101.74,0,,,,41.13851503,3.064883356,,,,
13472.695,9.15,56.298,22.97,7919.01,19.83,1101.63,0,,,,41.29542396,3.064266487,,,,
13482.68,9.15,56.298,22.96,7935.89,19.83,1103.75,0,,,,41.39008524,3.076155227,,,,
13492.656,9.15,56.297,22.97,7897.18,19.83,1102.21,0,,,,41.17300359,3.067519067,,,,
13502.62,9.15,56.296,22.97,7934.38,19.83,1104.39,0,,,,41.38161732,3.07974428,,,,
13512.687,9.15,56.295,22.97,7945.8,19.83,1106.52,0,,,,41.44565949,3.091689098,,,,
13522.658,9.15,56.296,22.97,7905.45,19.83,1104.51,0,,,,41.21938089,3.080417227,,,,
13532.647,9.15,56.296,22.97,7943.94,19.83,1108.44,0,,,,41.4352288,3.102456258,,,,
13542.619,9.15,56.296,22.97,7926.35,19.83,1108.01,0,,,,41.33658591,3.100044863,,,,
13552.7,9.14,56.296,22.97,7921.06,19.81,1108.55,0,,,,41.30692014,3.103073127,,,,
13562.689,9.15,56.296,22.97,7928.35,19.82,1109.77,0,,,,41.3478017,3.10991476,,,,
13572.671,9.15,56.295,22.97,7935.28,19.82,1110.33,0,,,,41.38666442,3.113055182,,,,
13582.641,9.15,56.295,22.98,7922.47,19.83,1110.95,0,,,,41.31482728,3.116532077,,,,
13592.718,9.14,56.296,22.97,7938.22,19.83,1112.2,0,,,,41.40315164,3.123541947,,,,
13602.706,9.15,56.297,22.98,7968.39,19.82,1115.47,0,,,,41.57234186,3.141879767,,,,
13612.664,9.15,56.296,22.97,7936.1,19.83,1113.24,0,,,,41.3912629,3.129374159,,,,
13622.75,9.16,56.296,22.97,7934.05,19.83,1114.96,0,,,,41.37976671,3.13901974,,,,
13632.743,9.15,56.295,22.98,7935.2,19.83,1115.23,0,,,,41.38621579,3.140533872,,,,
13642.69,9.16,56.296,22.98,7943.92,19.83,1117.37,0,,,,41.43511664,3.152534769,,,,
13652.678,,56.296,22.98,7942.24,19.83,1117.74,0,,,,41.42569538,3.15460969,,,,
13661.735,9.2,56.296,22.97,7986.39,19.83,1122.95,0,,,,41.67328398,3.183826828,,,,
13671.733,9.21,56.296,22.98,7956.51,19.83,1121.61,0,,,,41.50572005,3.176312248,,,,
13681.67,9.21,56.296,22.98,7981.6,19.83,1125.3,0,,,,41.64642216,3.197005384,,,,
13691.685,9.21,56.297,22.98,7952.63,19.84,1123.82,0,,,,41.48396142,3.188705698,,,,
13701.732,9.21,56.297,22.98,7992.6,19.83,1126.89,0,,,,41.70810902,3.205921938,,,,
13711.718,9.2,56.297,22.97,7983.98,19.84,1127.32,0,,,,41.65976895,3.208333333,,,,
13721.706,9.2,56.297,22.98,7962.88,19.84,1127.06,0,,,,41.54144235,3.20687528,,,,
13731.761,9.21,56.298,22.98,7970.41,19.84,1127.82,0,,,,41.58366981,3.211137281,,,,
13741.745,9.21,56.298,22.98,7971.41,19.84,1131.32,0,,,,41.5892777,3.230764917,,,,
13751.713,9.21,56.297,22.98,7975.44,19.83,1130.58,0,,,,41.61187752,3.226615074,,,,
13761.716,9.2,56.297,22.98,7988.74,19.83,1131.7,0,,,,41.68646254,3.232895917,,,,
13771.779,9.21,56.299,22.98,8001.04,19.83,1134.52,0,,,,41.75543966,3.248710184,,,,
13781.726,9.26,56.298,22.98,8009.47,19.82,1134.31,0,,,,41.80271422,3.247532526,,,,
13791.73,9.26,56.298,22.98,8000.36,19.82,1134.01,0,,,,41.75162629,3.245850157,,,,
13801.778,9.26,56.298,22.98,8008.36,19.82,1133.85,0,,,,41.79648946,3.244952894,,,,
13811.763,9.26,56.298,22.98,7998.49,19.83,1133.48,0,,,,41.74113952,3.242877972,,,,
13821.765,9.26,56.299,22.98,8001.93,19.82,1133.59,0,,,,41.76043069,3.243494841,,,,
13831.751,9.26,56.299,22.98,8003.2,19.82,1134.09,0,,,,41.76755271,3.246298789,,,,
13841.797,9.26,56.3,22.98,8003.78,19.82,1134.81,0,,,,41.77080529,3.250336474,,,,
13851.788,9.26,56.301,22.98,8022.57,19.83,1136.66,0,,,,41.87617766,3.260711081,,,,
13861.763,9.25,56.302,22.98,8008.59,19.83,1137.02,0,,,,41.79777927,3.262729924,,,,
13871.74,9.26,56.302,22.98,8011.14,19.83,1137.55,0,,,,41.81207941,3.265702109,,,,
13881.794,9.26,56.301,22.99,8019.25,19.83,1139.51,0,,,,41.85755944,3.276693585,,,,
13891.799,9.25,56.302,22.98,8029.84,19.83,1143.18,0,,,,41.91694706,3.297274563,,,,
13901.773,9.25,56.303,22.98,8035.13,19.84,1145.59,0,,,,41.94661283,3.310789592,,,,
13911.837,9.31,56.302,22.98,8038.14,19.84,1145.16,0,,,,41.9634926,3.308378197,,,,
13921.782,9.32,56.301,22.98,8040.1,19.85,1140.56,0,,,,41.97448407,3.282581875,,,,
13931.773,9.32,56.302,22.98,8042.54,19.83,1132.74,0,,,,41.98816734,3.238728129,,,,
13941.756,9.32,56.302,22.98,8045.3,19.82,1145.97,0,,,,42.00364513,3.312920592,,,,
13951.842,9.31,56.303,22.98,8047.3,19.82,1130.55,0,,,,42.01486092,3.226446837,,,,
13961.828,9.32,56.302,22.98,8050.15,19.81,1143.02,0,,,,42.03084343,3.296377299,,,,
13971.799,9.32,56.301,22.98,8052.78,19.82,1144.7,0,,,,42.04559219,3.305798564,,,,
13981.781,9.31,56.302,22.98,8055.55,19.82,1141.92,0,,,,42.06112607,3.290208614,,,,
13991.859,9.32,56.301,22.98,8057.58,19.81,1144.43,0,,,,42.07251009,3.304284432,,,,
14001.83,9.31,56.302,22.98,8059.35,19.8,1137.23,0,,,,42.08243607,3.263907582,,,,
14011.775,9.32,56.302,22.98,8062.55,19.8,1144.89,0,,,,42.10038134,3.306864065,,,,
14021.892,9.32,56.301,22.98,8064.2,19.8,1128.26,0,,,,42.10963437,3.213604755,,,,
14032.83,,56.299,22.98,8067.99,19.8,1144.96,0,,,,42.13088829,3.307256617,,,,
14041.833,9.38,56.299,22.98,8068.84,19.79,1129.14,0,,,,42.135655,3.218539704,,,,
14051.802,9.37,56.299,22.98,8065.52,19.79,1141.03,0,,,,42.11703679,3.285217586,,,,
14061.875,9.37,56.299,22.98,8067.31,19.79,1140.69,0,,,,42.12707492,3.283310902,,,,
14071.831,9.37,56.299,22.98,8070.14,19.79,1141.37,0,,,,42.14294527,3.287124271,,,,
14081.823,9.38,56.297,22.98,8072.51,19.79,1141.61,0,,,,42.15623598,3.288470166,,,,
14091.804,9.37,56.298,22.98,8075.05,19.78,1142.12,0,,,,42.17048004,3.291330193,,,,
14101.894,9.38,56.298,22.97,8077.35,19.78,1142.54,0,,,,42.1833782,3.293685509,,,,
14111.845,9.38,56.298,22.98,8080.09,19.78,1143.01,0,,,,42.19874383,3.29632122,,,,
14121.831,9.38,56.298,22.98,8082.3,19.78,1143.51,0,,,,42.21113728,3.299125168,,,,
14131.897,9.38,56.297,22.98,8083.72,19.78,1144.48,0,,,,42.21910049,3.304564827,,,,
14141.884,9.38,56.298,22.98,8086.2,19.77,1144.62,0,,,,42.23300808,3.305349933,,,,
14151.886,9.37,56.298,22.98,8089.56,19.78,1145.65,0,,,,42.25185061,3.311126066,,,,
14161.851,9.42,56.297,22.98,8092.06,19.78,1146.65,0,,,,42.26587035,3.316733961,,,,
14171.924,9.43,56.297,22.98,8094.27,19.78,1147.14,0,,,,42.2782638,3.31948183,,,,
14181.888,9.42,56.296,22.98,8095.7,19.79,1149.02,0,,,,42.28628309,3.330024675,,,,
14191.874,9.43,56.298,22.98,8099.32,19.79,1150.02,0,,,,42.30658367,3.335632571,,,,
14201.803,9.44,56.296,22.98,8101.55,19.79,1151.09,0,,,,42.31908928,3.341633019,,,,
14212.025,9.44,56.298,22.98,8104.43,19.79,1151.67,0,,,,42.33524002,3.344885599,,,,
14221.899,9.43,56.297,22.97,8107.11,19.79,1152.33,0,,,,42.35026918,3.34858681,,,,
14231.858,9.44,56.296,22.97,8109.38,19.78,1153.12,0,,,,42.3629991,3.353017048,,,,
14241.967,9.42,56.297,22.98,8111,19.78,1153.55,0,,,,42.37208389,3.355428443,,,,
14251.913,9.42,56.295,22.97,8113.08,19.78,1154.53,0,,,,42.38374832,3.360924181,,,,
14261.872,9.43,56.297,22.98,8115.44,19.77,1155.02,0,,,,42.39698295,3.36367205,,,,
14271.876,9.43,56.295,22.98,8118.67,19.77,1156.05,0,,,,42.41509646,3.369448183,,,,
14281.932,9.44,56.296,22.97,8121.26,19.76,1157.28,0,,,,42.42962091,3.376345895,,,,
14291.892,9.48,56.296,22.97,8123.35,19.76,1157.78,0,,,,42.44134141,3.379149843,,,,
14301.881,9.49,56.296,22.97,8125.59,19.76,1158.37,0,,,,42.4539031,3.382458502,,,,
14311.981,9.49,56.295,22.97,8128.75,19.74,1159.55,0,,,,42.47162405,3.389075819,,,,
14321.926,9.48,56.296,22.97,8131.49,19.74,1160.37,0,,,,42.48698968,3.393674293,,,,
14331.92,9.48,56.296,22.98,8132.84,19.75,1161.93,0,,,,42.49456034,3.402422611,,,,
14341.918,9.48,56.295,22.97,8134.97,19.75,1163.14,0,,,,42.50650516,3.409208165,,,,
14351.987,9.49,56.296,22.97,8137.26,19.76,1164.6,0,,,,42.51934724,3.417395693,,,,
14361.957,9.48,56.295,22.98,8140.65,19.75,1165.88,0,,,,42.53835801,3.4245738,,,,
14371.923,9.48,56.294,22.97,8140.47,19.76,1167.24,0,,,,42.53734859,3.432200538,,,,
14381.93,9.49,56.294,22.98,8148.27,19.76,1168.33,0,,,,42.58109017,3.438313145,,,,
14391.992,9.48,56.295,22.97,8149.7,19.76,1168.7,0,,,,42.58910947,3.440388066,,,,
14401.921,9.48,56.294,22.98,8147.6,19.76,1170.58,0,,,,42.57733288,3.450930911,,,,
14411.922,9.48,56.293,22.97,8158.13,19.77,1171.47,0,,,,42.63638403,3.455921938,,,,
14421.88,9.54,56.294,22.98,8160.02,19.77,1172.17,0,,,,42.64698295,3.459847465,,,,
14431.967,9.54,56.292,22.97,8164.21,19.77,1174.29,0,,,,42.67048004,3.471736205,,,,
14441.957,9.54,56.293,22.98,8156.56,19.77,1175.89,0,,,,42.62757963,3.480708838,,,,
14451.92,9.54,56.293,22.97,8164.69,19.78,1176.87,0,,,,42.67317183,3.486204576,,,,
14462.016,9.54,56.293,22.98,8173.01,19.79,1178.73,0,,,,42.71982952,3.496635262,,,,
14471.969,9.54,56.293,22.98,8170.28,19.79,1179.28,0,,,,42.70451996,3.499719605,,,,
14481.956,9.54,56.291,22.98,8171.43,19.79,1180.04,0,,,,42.71096904,3.503981606,,,,
14491.943,9.54,56.293,22.98,8159.58,19.8,1180.44,0,,,,42.64451548,3.506224764,,,,
14502.027,9.54,56.293,22.98,8173.35,19.8,1183.05,0,,,,42.7217362,3.520861373,,,,
14512.003,9.53,56.293,22.98,8173.5,19.8,1184.09,0,,,,42.72257739,3.526693585,,,,
14521.984,9.54,56.292,22.98,8189.17,19.8,1186.76,0,,,,42.81045312,3.541666667,,,,
14531.928,9.53,56.291,22.98,8182.1,19.8,1187.36,0,,,,42.77080529,3.545031404,,,,
14542.022,9.58,56.291,22.98,8191.32,19.79,1190.24,0,,,,42.82251009,3.561182144,,,,
14552.004,9.59,56.291,22.99,8186.88,19.8,1191.58,0,,,,42.79761104,3.568696725,,,,
14561.943,9.58,56.291,22.98,8182.74,19.8,1190.42,0,,,,42.77439435,3.562191566,,,,
14572.046,9.58,56.29,22.98,8177.18,19.8,1191.37,0,,,,42.74321445,3.567519067,,,,
14582.036,9.58,56.292,22.98,8199.13,19.8,1194.32,0,,,,42.86630776,3.58406236,,,,
14592.966,9.58,56.293,22.99,8217.67,19.8,1196.29,0,,,,42.97027815,3.595109915,,,,
14602.973,9.58,56.293,22.99,8180.55,19.8,1195.41,0,,,,42.76211306,3.590174966,,,,
14613.051,9.58,56.292,22.99,8203.26,19.8,1199.5,0,,,,42.88946837,3.613111261,,,,
14623.025,9.57,56.294,22.98,8196.39,19.81,1200.5,0,,,,42.85094213,3.618719157,,,,
14632.993,9.57,56.292,22.99,8193.16,19.81,1200.29,0,,,,42.83282862,3.617541498,,,,
14643.054,9.58,56.292,22.99,8229.03,19.82,1204.64,0,,,,43.03398385,3.641935846,,,,
14653.051,9.58,56.292,22.99,8236.18,19.82,1204.16,0,,,,43.07408031,3.639244056,,,,
14663.026,9.58,56.291,22.99,8238.75,19.81,1204.83,0,,,,43.0884926,3.643001346,,,,
14673.012,9.59,56.291,22.99,8197.77,19.82,1202.81,0,,,,42.85868102,3.631673396,,,,
14683.063,9.58,56.291,22.99,8234.2,19.82,1205.72,0,,,,43.06297667,3.647992373,,,,
14693.058,9.58,56.29,22.99,8232.24,19.81,1209.86,0,,,,43.0519852,3.671209062,,,,
14703.027,9.58,56.287,23,8235.5,19.81,1211.71,0,,,,43.07026694,3.68158367,,,,
14713.023,9.58,56.289,22.99,8236.12,19.81,1198.03,0,,,,43.07374383,3.604867654,,,,
14723.074,9.58,56.287,22.99,8238.19,19.81,1207.17,0,,,,43.08535218,3.656123822,,,,
14733.056,9.58,56.287,22.99,8242.85,19.82,1198.23,0,,,,43.11148497,3.605989233,,,,
14743.031,9.59,56.287,22.99,8241.85,19.82,1192.56,0,,,,43.10587707,3.574192463,,,,
14753.114,9.58,56.286,23,8245.52,19.82,1210.79,0,,,,43.12645805,3.676424406,,,,
14763.082,9.58,56.287,23,8249.43,19.81,1209.21,0,,,,43.14838493,3.66756393,,,,
14773.062,9.57,56.286,23,8247.7,19.81,1202.42,0,,,,43.13868327,3.629486317,,,,
14783.033,9.57,56.286,23,8253.96,19.81,1210.08,0,,,,43.17378869,3.672442799,,,,
14793.127,9.62,56.284,23,8257.43,19.81,1191.94,0,,,,43.19324809,3.570715568,,,,
14803.093,9.63,56.285,23,8255.37,19.81,1207.49,0,,,,43.18169583,3.657918349,,,,
14813.073,9.63,56.284,23,8262.63,19.81,1198.46,0,,,,43.22240915,3.607279049,,,,
14823.062,9.64,56.285,23.01,8263.72,19.82,1206.37,0,,,,43.22852176,3.651637506,,,,
14833.142,9.62,56.283,23,8264.1,19.82,1174.39,0,,,,43.23065276,3.472296994,,,,
14843.087,9.63,56.283,23,8262.7,19.82,1200.57,0,,,,43.2228017,3.619111709,,,,
14853.087,9.62,56.284,23,8249.75,19.83,1201.96,0,,,,43.15017945,3.626906685,,,,
14863.046,9.62,56.283,23.01,8251.88,19.83,1192.48,0,,,,43.16212427,3.573743831,,,,
14873.134,9.63,56.281,23.01,8267.52,19.83,1203.08,0,,,,43.24983176,3.633187528,,,,
14883.104,9.63,56.281,23,8284.79,19.83,1206.32,0,,,,43.34668013,3.651357111,,,,
14893.083,9.62,56.283,23.01,8279.48,19.82,1205.07,0,,,,43.3169022,3.644347241,,,,
14903.184,9.63,56.281,23,8290.54,19.82,1207.22,0,,,,43.37892553,3.656404217,,,,
14913.134,9.63,56.284,23.01,8278.22,19.82,1205.97,0,,,,43.30983625,3.649394347,,,,
14923.111,9.69,56.285,23.01,8290.93,19.82,1206.52,0,,,,43.38111261,3.65247869,,,,
14933.078,9.69,56.282,23.01,8269.42,19.82,1205.98,0,,,,43.26048677,3.649450426,,,,
14943.142,9.69,56.282,23,8275.62,19.82,1206.49,0,,,,43.29525572,3.652310453,,,,
14953.14,9.69,56.28,23,8286.93,19.82,1208.66,0,,,,43.35868102,3.664479587,,,,
14963.107,9.69,56.28,23.01,8280.62,19.82,1208.09,0,,,,43.3232952,3.661283087,,,,
14973.189,9.69,56.278,23.01,8283.13,19.82,1208.78,0,,,,43.33737102,3.665152535,,,,
14983.159,9.69,56.279,23.01,8280.82,19.82,1209.45,0,,,,43.32441678,3.668909825,,,,
14993.138,9.7,56.28,23,8306.23,19.81,1210.58,0,,,,43.46691341,3.675246747,,,,
15003.119,9.69,56.28,23.01,8309.15,19.82,1212.46,0,,,,43.48328847,3.685789592,,,,
15013.188,9.69,56.278,23.01,8310.75,19.81,1212.97,0,,,,43.4922611,3.688649619,,,,
15023.168,9.7,56.278,23.01,8311.87,19.81,1213.55,0,,,,43.49854195,3.691902198,,,,
15033.136,9.69,56.278,23.01,8304.73,19.81,1213.36,0,,,,43.45850157,3.690836698,,,,
15043.245,9.7,56.278,23.01,8313.39,19.81,1215.92,0,,,,43.50706595,3.705192912,,,,
15053.206,9.74,56.277,23.01,8313.15,19.82,1215.68,0,,,,43.50572005,3.703847017,,,,
15063.168,9.74,56.277,23.01,8312.01,19.81,1216.25,0,,,,43.49932705,3.707043517,,,,
15073.156,9.74,56.277,23.01,8304.43,19.81,1216.29,0,,,,43.4568192,3.707267833,,,,
15083.104,9.75,56.277,23.01,8306.02,19.81,1217.16,0,,,,43.46573576,3.712146703,,,,
15093.211,9.75,56.275,23.01,8323.66,19.81,1218.94,0,,,,43.56465904,3.722128757,,,,
15103.185,9.74,56.276,23.01,8318.59,19.81,1219.24,0,,,,43.53622701,3.723811126,,,,
15113.146,9.76,56.276,23.01,8315.02,19.81,1220.29,0,,,,43.51620682,3.729699417,,,,
15123.235,9.75,56.275,23.01,8324.08,19.8,1221.27,0,,,,43.56701436,3.735195155,,,,
15133.218,9.75,56.275,23.01,8325.99,19.79,1222.92,0,,,,43.57772544,3.744448183,,,,
15143.198,9.74,56.275,23.01,8333.96,19.8,1223.84,0,,,,43.62242037,3.749607447,,,,
15153.158,9.75,56.276,23.01,8335.87,19.8,1225.54,0,,,,43.63313145,3.75914087,,,,
15163.229,9.75,56.276,23.01,8339.73,19.8,1225.95,0,,,,43.65477793,3.761440108,,,,
15173.22,9.75,56.275,23.01,8331.06,19.79,1227.79,0,,,,43.60615747,3.771758636,,,,
15184.184,9.81,56.275,23.01,8333.29,19.79,1226.96,0,,,,43.61866308,3.767104083,,,,
15194.246,9.8,56.274,23,8343.64,19.78,1228.39,0,,,,43.6767048,3.775123374,,,,
15204.215,9.81,56.274,23.01,8341.33,19.78,1229.12,0,,,,43.66375056,3.779217138,,,,
15214.219,9.79,56.275,23.01,8346.68,19.79,1231.1,0,,,,43.6937528,3.790320772,,,,
15224.206,9.8,56.275,23.01,8346.75,19.78,1232.62,0,,,,43.69414536,3.798844773,,,,
15234.266,9.8,56.275,23.01,8351.09,19.78,1233.68,0,,,,43.71848362,3.804789143,,,,
15244.222,9.8,56.275,23.01,8354.33,19.79,1234.33,0,,,,43.73665321,3.808434275,,,,
15254.205,9.79,56.275,23.01,8355.57,19.79,1235.06,0,,,,43.743607,3.812528039,,,,
15264.17,9.8,56.274,23.01,8356.22,19.79,1236.05,0,,,,43.74725213,3.818079856,,,,
15274.265,9.8,56.273,23.01,8357.37,19.79,1237.43,0,,,,43.75370121,3.825818753,,,,
15284.245,9.79,56.274,23.01,8361.36,19.8,1238.86,0,,,,43.77607672,3.833838044,,,,
15294.24,9.8,56.273,23.01,8362.86,19.8,1240.26,0,,,,43.78448856,3.841689098,,,,
15304.289,9.8,56.273,23.01,8364.06,19.81,1241.55,0,,,,43.79121803,3.848923284,,,,
15314.252,9.79,56.271,23.01,8367.13,19.81,1244.17,0,,,,43.80843428,3.863615971,,,,
15324.28,9.86,56.272,23.01,8368.82,19.81,1244.66,0,,,,43.81791162,3.86636384,,,,
15334.224,9.85,56.273,23.01,8371.96,19.81,1246.74,0,,,,43.83552041,3.878028264,,,,
15344.289,9.85,56.271,23.01,8374.21,19.81,1247.31,0,,,,43.84813818,3.881224764,,,,
15354.262,9.85,56.273,23.01,8375.55,19.81,1248.22,0,,,,43.85565276,3.88632795,,,,
15364.26,9.86,56.275,23.01,8378.19,19.81,1250.49,0,,,,43.8704576,3.899057873,,,,
15374.241,9.86,56.275,23.01,8380.39,19.81,1251.85,0,,,,43.88279498,3.906684612,,,,
15384.283,9.85,56.272,23.01,8382.38,19.81,1253.58,0,,,,43.89395469,3.916386272,,,,
15394.281,9.85,56.272,23.01,8383.78,19.81,1253.91,0,,,,43.90180574,3.918236878,,,,
15404.221,9.86,56.274,23.01,8386.63,19.8,1254.49,0,,,,43.91778825,3.921489457,,,,
15414.317,9.86,56.275,23.01,8388.2,19.8,1255.1,0,,,,43.92659264,3.924910274,,,,
15424.298,9.85,56.273,23.01,8391.37,19.79,1255.53,0,,,,43.94436967,3.927321669,,,,
15434.278,9.84,56.273,23.01,8393.01,19.79,1256.53,0,,,,43.95356662,3.932929565,,,,
15444.261,9.86,56.273,23.01,8394.22,19.8,1257.39,0,,,,43.96035218,3.937752355,,,,
15454.313,,56.272,23,8404,19.8,1261.9,0,,,,44.0151974,3.963043966,,,,
15463.273,9.91,56.272,23.01,8406.12,19.79,1263.51,0,,,,44.02708614,3.972072678,,,,
15473.275,9.91,56.272,23,8410.22,19.79,1264.93,0,,,,44.05007851,3.980035891,,,,
15483.328,9.92,56.272,23,8411.28,19.79,1242.81,0,,,,44.05602288,3.855989233,,,,
15493.337,9.92,56.27,23,8414.06,19.79,1244.99,0,,,,44.07161283,3.868214446,,,,
15503.318,9.92,56.268,23,8416.25,19.79,1253.41,0,,,,44.08389412,3.91543293,,,,
15513.282,9.92,56.268,23,8417.77,19.78,1186.4,0,4.60706,3.19,0.64565,44.09241812,3.539647824,,,,
15523.381,9.91,56.268,23,8419.54,19.78,1252.3,0,,,,44.1023441,3.909208165,,,,
15533.33,9.91,56.268,23,8421.79,19.78,1248.64,0,,,,44.11496187,3.888683266,,,,
15543.327,9.91,56.269,23,8425.09,19.78,1259.56,0,,,,44.13346792,3.949921489,,,,
15553.259,9.91,56.268,23,8426.72,19.78,1261.68,0,,,,44.14260879,3.961810229,,,,
15563.358,9.91,56.269,23,8427.91,19.77,1251.43,0,,,,44.14928219,3.904329296,,,,
15573.345,9.91,56.267,23,8429.58,19.78,1260.91,0,,,,44.15864738,3.957492149,,,,
15583.394,9.91,56.266,23,8432.74,19.78,1258.36,0,,,,44.17636833,3.943192014,,,,
15593.433,9.91,56.266,23,8435.57,19.78,1261.9,0,,,,44.19223867,3.963043966,,,,
15603.339,9.91,56.266,23,8437.4,19.78,1256.51,0,,,,44.20250112,3.932817407,,,,
15613.335,9.9,56.266,23,8439.43,19.79,1262.08,0,,,,44.21388515,3.964053387,,,,
15623.327,9.94,56.265,23,8441.92,19.79,1256.66,0,,,,44.22784881,3.933658591,,,,
15633.378,9.94,56.265,23,8442.81,19.8,1261.63,0,,,,44.23283984,3.961529834,,,,
15643.345,9.94,56.265,23,8437.03,19.79,1258.02,0,,,,44.2004262,3.94128533,,,,
15653.358,9.95,56.264,23,8440.21,19.8,1259.3,0,,,,44.21825931,3.948463437,,,,
15663.425,9.94,56.264,23,8443.14,19.8,1259.11,0,,,,44.23469044,3.947397936,,,,
15673.399,9.94,56.264,23,8444.53,19.8,1260.9,0,,,,44.24248542,3.95743607,,,,
15683.386,9.94,56.263,23,8445.48,19.8,1261.16,0,,,,44.24781292,3.958894123,,,,
15693.365,9.94,56.263,23,8448.25,19.8,1261.39,0,,,,44.26334679,3.960183939,,,,
15703.424,9.94,56.263,23,8449.5,19.81,1261.51,0,,,,44.27035666,3.960856886,,,,
15713.425,9.94,56.262,23,8451.9,19.81,1261.77,0,,,,44.28381561,3.962314939,,,,
15724.388,9.94,56.262,23.01,8456.27,19.82,1262.27,0,,,,44.30832212,3.965118887,,,,
15734.35,9.94,56.263,23.01,8456.05,19.82,1262.99,0,,,,44.30708838,3.969156572,,,,
15744.441,9.94,56.263,23.01,8457.76,19.83,1262.91,0,,,,44.31667788,3.968707941,,,,
15754.376,9.94,56.262,23.01,8463.16,19.83,1263.58,0,,,,44.34696052,3.972465231,,,,
15764.396,9.94,56.262,23,8463.93,19.83,1264.75,0,,,,44.3512786,3.979026469,,,,
15774.352,9.94,56.262,23,8464.39,19.84,1265.55,0,,,,44.35385823,3.983512786,,,,
15784.436,,56.263,23.01,8470.26,19.84,1266.13,0,,,,44.38677658,3.986765366,,,,
15793.403,10,56.261,23.01,8469.72,19.84,1265.55,0,,,,44.38374832,3.983512786,,,,
15802.4,10,56.261,23.01,8470.11,19.84,1266.53,0,,,,44.3859354,3.989008524,,,,
15811.462,9.99,56.26,23.01,8477.32,19.85,1267.66,0,,,,44.42636833,3.995345446,,,,
15821.438,9.99,56.259,23.01,8480.26,19.85,1268.26,0,,,,44.44285554,3.998710184,,,,
15831.427,9.99,56.26,23.01,8473.88,19.85,1268.71,0,,,,44.40707716,4.001233737,,,,
15841.403,10,56.261,23.01,8484.47,19.86,1271.46,0,,,,44.46646478,4.016655451,,,,
15850.472,10,56.262,23.01,8478.94,19.85,1270.77,0,,,,44.43545312,4.012786003,,,,
15859.448,10,56.263,23.02,8489.98,19.85,1273.75,0,,,,44.49736429,4.029497533,,,,
15868.426,9.99,56.263,23.01,8490.59,19.84,1273.56,0,,,,44.50078511,4.028432032,,,,
15878.425,10,56.262,23.01,8486.63,19.84,1276.14,0,,,,44.47857784,4.042900404,,,,
15887.474,10,56.261,23.01,8489.73,19.84,1276.24,0,,,,44.49596231,4.043461193,,,,
15896.481,10,56.261,23.02,8497.66,19.85,1278.26,0,,,,44.54043293,4.054789143,,,,
15905.449,9.99,56.26,23.01,8500.71,19.85,1279.68,0,,,,44.55753701,4.062752355,,,,
15915.389,10,56.259,23.02,8498.57,19.85,1281.25,0,,,,44.54553611,4.071556752,,,,
15924.493,10.05,56.26,23.02,8493.68,19.85,1281.84,0,,,,44.5181135,4.07486541,,,,
15933.483,10.05,56.26,23.02,8504.66,19.85,1283.75,0,,,,44.5796882,4.085576492,,,,
15942.454,10.05,56.26,23.02,8511.6,19.86,1285.76,0,,,,44.618607,4.096848362,,,,
15951.448,10.05,56.26,23.02,8501.74,19.85,1286.64,0,,,,44.56331314,4.101783311,,,,
15960.51,10.04,56.26,23.02,8505.21,19.86,1288.51,0,,,,44.58277254,4.112270076,,,,
15969.504,10.04,56.257,23.02,8516.03,19.87,1291.39,0,,,,44.64344998,4.128420817,,,,
15979.472,10.04,56.256,23.02,8503.34,19.86,1291.39,0,,,,44.57228578,4.128420817,,,,
15988.435,10.05,56.255,23.03,8522.59,19.88,1292.27,0,,,,44.68023777,4.133355765,,,,
15997.51,10.04,56.255,23.03,8506.55,19.87,1293.55,0,,,,44.59028712,4.140533872,,,,
16006.506,10.04,56.255,23.02,8516.56,19.87,1294.19,0,,,,44.64642216,4.144122925,,,,
16015.486,10.04,56.255,23.03,8530.13,19.87,1296.65,0,,,,44.72252131,4.157918349,,,,
16024.458,10.05,56.255,23.03,8522.68,19.87,1296.59,0,,,,44.68074249,4.157581875,,,,
16033.518,10.05,56.255,23.03,8522.47,19.86,1296.92,0,,,,44.67956483,4.159432481,,,,
16042.518,10.04,56.254,23.03,8517.55,19.87,1299.31,0,,,,44.65197398,4.172835352,,,,
16051.502,10.05,56.255,23.03,8530.65,19.88,1300.22,0,,,,44.72543742,4.177938537,,,,
16060.486,10.1,56.256,23.03,8541.07,19.87,1303.54,0,,,,44.78387169,4.196556752,,,,
16069.547,10.11,56.254,23.03,8520.98,19.88,1302.46,0,,,,44.67120906,4.190500224,,,,
16078.54,10.11,56.255,23.03,8522.09,19.87,1303.73,0,,,,44.67743383,4.197622252,,,,
16087.507,10.1,56.255,23.03,8536.49,19.87,1304.94,0,,,,44.75818753,4.204407806,,,,
16096.46,10.1,56.254,23.04,8545.28,19.88,1305.9,0,,,,44.80748093,4.209791386,,,,
16105.58,10.1,56.254,23.03,8528.33,19.87,1306.26,0,,,,44.7124271,4.211810229,,,,
16114.541,10.1,56.253,23.03,8535.19,19.88,1307.47,0,,,,44.75089726,4.218595783,,,,
16123.5,10.1,56.254,23.03,8551.59,19.88,1310.19,0,,,,44.84286676,4.23384926,,,,
16132.487,10.1,56.252,23.04,8558.21,19.88,1310.48,0,,,,44.87999103,4.23547555,,,,
16141.581,10.1,56.254,23.04,8547.75,19.89,1309.59,0,,,,44.82133244,4.230484522,,,,
16150.552,10.09,56.255,23.04,8547.63,19.89,1312.58,0,,,,44.82065949,4.247252131,,,,
16159.527,10.1,56.253,23.04,8567,19.89,1314.23,0,,,,44.92928443,4.256505159,,,,
16168.498,10.1,56.252,23.04,8542.24,19.89,1315.26,0,,,,44.79043293,4.262281292,,,,
16177.604,10.1,56.253,23.04,8556.09,19.89,1315.11,0,,,,44.86810229,4.261440108,,,,
16186.563,10.1,56.254,23.03,8554.87,19.88,1315.75,0,,,,44.86126066,4.265029161,,,,
16195.545,10.15,56.253,23.04,8572.51,19.88,1319.49,0,,,,44.96018394,4.286002692,,,,
16204.506,10.16,56.252,23.04,8568.64,19.88,1320.03,0,,,,44.93848138,4.289030956,,,,
16213.492,10.16,56.252,23.04,8564.86,19.89,1319.73,0,,,,44.91728354,4.287348587,,,,
16222.576,10.16,56.254,23.05,8555.47,19.88,1317.73,0,,,,44.86462539,4.276132795,,,,
16231.565,10.16,56.253,23.04,8559.93,19.88,1318.73,0,,,,44.88963661,4.281740691,,,,
16240.527,10.16,56.252,23.05,8578,19.89,1319.57,0,,,,44.99097129,4.286451323,,,,
16249.513,10.17,56.253,23.04,8555.96,19.89,1317.41,0,,,,44.86737326,4.274338268,,,,
16258.577,10.17,56.254,23.04,8577.71,19.89,1319.28,0,,,,44.989345,4.284825034,,,,
16267.585,10.17,56.252,23.04,8557.66,19.88,1317.68,0,,,,44.87690668,4.2758524,,,,
16276.548,10.15,56.252,23.04,8591.77,19.87,1319.73,0,,,,45.06819201,4.287348587,,,,
16285.52,10.17,56.252,23.04,8594.97,19.87,1318.08,0,,,,45.08613728,4.278095559,,,,
16294.618,10.16,56.251,23.05,8572.91,19.86,1318.55,0,,,,44.9624271,4.28073127,,,,
16303.568,10.16,56.251,23.05,8589.24,19.86,1322.29,0,,,,45.05400404,4.3017048,,,,
16312.564,10.15,56.252,23.04,8592.37,19.86,1324.46,0,,,,45.07155675,4.313873934,,,,
16321.637,10.15,56.252,23.04,8597.64,19.85,1326.91,0,,,,45.10111036,4.327613279,,,,
16330.628,10.16,56.252,23.04,8596.89,19.85,1325.31,0,,,,45.09690444,4.318640646,,,,
16339.6,10.21,56.252,23.05,8597.15,19.85,1252.07,0,,,,45.09836249,3.907918349,,,,
16348.571,10.21,56.252,23.04,8598.95,19.85,1326.47,0,,,,45.10845671,4.325145805,,,,
16357.53,10.22,56.251,23.05,8603.82,19.84,1313.39,0,,,,45.13576716,4.251794527,,,,
16366.633,10.21,56.253,23.04,8604.52,19.85,1326.5,0,,,,45.13969269,4.325314042,,,,
16375.584,10.21,56.253,23.04,8602.78,19.85,1314.18,0,,,,45.12993495,4.256224764,,,,
16384.592,10.22,56.253,23.05,8608.11,19.85,1326.21,0,,,,45.15982503,4.323687752,,,,
16393.571,10.21,56.252,23.04,8607.55,19.85,1322.24,0,,,,45.15668461,4.301424406,,,,
16402.617,10.21,56.251,23.04,8613.03,19.85,1324.99,0,,,,45.18741588,4.316846119,,,,
16411.616,10.22,56.252,23.04,8615.17,19.84,1317.03,0,,,,45.19941678,4.272207268,,,,
16420.591,10.21,56.251,23.04,8613.31,19.84,1322.87,0,,,,45.18898609,4.30495738,,,,
16429.587,10.22,56.251,23.04,8616.64,19.83,1313.53,0,,,,45.20766039,4.252579632,,,,
16438.637,10.21,56.251,23.04,8621.12,19.83,1321.16,0,,,,45.23278376,4.295367878,,,,
16447.637,10.21,56.252,23.04,8619.29,19.83,1318.88,0,,,,45.22252131,4.282581875,,,,
16456.622,10.21,56.249,23.04,8624.1,19.82,1320.77,0,,,,45.24949529,4.293180799,,,,
16465.612,10.21,56.254,23.04,8624.68,19.82,1317.63,0,,,,45.25274787,4.275572005,,,,
16474.652,,56.254,23.04,8621.72,19.82,1321.29,0,,,,45.2361485,4.296096904,,,,
16483.65,10.27,56.253,23.04,8623.83,19.82,1321.03,0,,,,45.24798116,4.294638852,,,,
16492.627,10.26,56.253,23.04,8630.67,19.82,1318.48,0,,,,45.28633917,4.280338717,,,,
16501.601,10.27,56.254,23.04,8630.5,19.82,1322.78,0,,,,45.28538582,4.304452669,,,,
16510.684,10.26,56.253,23.04,8600.29,19.81,1317.24,0,,,,45.11597129,4.273384926,,,,
16519.672,10.27,56.253,23.04,8602.63,19.82,1322.14,0,,,,45.12909376,4.300863616,,,,
16529.643,10.27,56.252,23.04,8643.42,19.82,1325.55,0,,,,45.35783984,4.319986541,,,,
16538.608,10.27,56.254,23.04,8651.64,19.81,1325.58,0,,,,45.40393674,4.320154778,,,,
16547.707,10.28,56.252,23.04,8615.74,19.81,1323.72,0,,,,45.20261328,4.309724092,,,,
16556.669,10.26,56.253,23.04,8612.15,19.82,1323.44,0,,,,45.18248093,4.308153881,,,,
16565.64,10.26,56.253,23.04,8650.6,19.81,1325.81,0,,,,45.39810453,4.321444594,,,,
16574.638,10.28,56.252,23.04,8624.39,19.81,1324.27,0,,,,45.25112158,4.312808434,,,,
16583.721,10.28,56.253,23.03,8658.35,19.81,1327.92,0,,,,45.44156572,4.333277254,,,,
16592.656,10.28,56.253,23.03,8612.91,19.81,1325.67,0,,,,45.18674293,4.320659489,,,,
16601.663,10.27,56.252,23.03,8614.36,19.8,1326,0,,,,45.19487438,4.322510094,,,,
16610.623,,56.252,23.03,8617.56,19.8,1326.17,0,,,,45.21281965,4.323463437,,,,
16619.692,10.31,56.251,23.03,8620.89,19.8,1326.85,0,,,,45.23149394,4.327276806,,,,
16628.72,10.31,56.248,23.03,8670.2,19.81,1332.02,0,,,,45.50801929,4.356269628,,,,
16637.655,10.31,56.249,23.03,8647.05,19.81,1329.79,0,,,,45.3781965,4.34376402,,,,
16646.623,10.32,56.248,23.03,8629.1,19.83,1329.77,0,,,,45.27753477,4.343651862,,,,
16655.708,10.31,56.247,23.03,8664.79,19.82,1332.13,0,,,,45.47768057,4.356886496,,,,
16664.708,10.32,56.247,23.03,8663.02,19.82,1335.38,0,,,,45.4677546,4.375112158,,,,
16673.67,10.31,56.246,23.03,8665.24,19.82,1334.07,0,,,,45.48020413,4.367765814,,,,
16682.64,10.3,56.247,23.03,8670.46,19.82,1336.12,0,,,,45.50947734,4.379262001,,,,
16691.731,10.31,56.247,23.03,8678.5,19.82,1336.71,0,,,,45.55456483,4.382570659,,,,
16700.721,10.31,56.246,23.03,8646.71,19.82,1335.56,0,,,,45.37628982,4.376121579,,,,
16709.699,10.32,56.246,23.03,8664.05,19.82,1338.89,0,,,,45.47353073,4.394795873,,,,
16718.679,10.31,56.246,23.03,8646.58,19.82,1336.4,0,,,,45.37556079,4.380832212,,,,
16727.741,10.31,56.246,23.03,8664.57,19.82,1338.98,0,,,,45.47644684,4.395300583,,,,
16736.704,10.32,56.246,23.03,8677.38,19.82,1341.86,0,,,,45.54828398,4.411451323,,,,
16745.705,10.31,56.246,23.03,8658.05,19.82,1340.33,0,,,,45.43988336,4.402871243,,,,
16754.685,10.31,56.246,23.03,8682.7,19.82,1342.9,0,,,,45.57811799,4.417283535,,,,
16763.755,10.31,56.245,23.03,8664.15,19.82,1345.1,0,,,,45.47409152,4.429620906,,,,
16772.774,10.31,56.246,23.03,8690.84,19.81,1345.94,0,,,,45.62376626,4.434331539,,,,
16781.725,10.31,56.244,23.03,8691.92,19.81,1348.68,0,,,,45.62982279,4.449697174,,,,
16790.706,10.31,56.245,23.03,8655.9,19.81,1348.86,0,,,,45.42782638,4.450706595,,,,
16799.76,,56.246,23.03,8666.36,19.81,1347.66,0,,,,45.48648497,4.44397712,,,,
16808.781,10.35,56.245,23.03,8674.53,19.81,1351.18,0,,,,45.53230148,4.463716913,,,,
16817.715,10.35,56.244,23.03,8675.98,19.81,1352,0,,,,45.54043293,4.468315388,,,,
16826.698,10.34,56.246,23.03,8687.59,19.81,1354.35,0,,,,45.6055406,4.481493943,,,,
16835.797,10.35,56.246,23.03,8689.27,19.81,1354.81,0,,,,45.61496187,4.484073576,,,,
16844.781,10.34,56.245,23.03,8675.54,19.81,1353.75,0,,,,45.53796546,4.478129206,,,,
16853.768,10.35,56.245,23.03,8677.14,19.82,1355.68,0,,,,45.54693809,4.488952445,,,,
16862.731,10.34,56.245,23.03,8692.51,19.81,1357.07,0,,,,45.63313145,4.49674742,,,,
16871.801,10.34,56.245,23.02,8676.53,19.81,1357.8,0,,,,45.54351727,4.500841184,,,,
16880.767,10.34,56.245,23.02,8704.3,19.82,1359.92,0,,,,45.69924854,4.512729924,,,,
16890.736,10.34,56.244,23.02,8686.26,19.82,1360.85,0,,,,45.5980821,4.517945267,,,,
16899.734,10.34,56.245,23.02,8703.32,19.82,1362.5,0,,,,45.6937528,4.527198295,,,,
16908.818,10.33,56.244,23.02,8692.49,19.82,1362.6,0,,,,45.63301929,4.527759085,,,,
16917.81,10.34,56.244,23.02,8698.69,19.83,1364.53,0,,,,45.66778825,4.538582324,,,,
16926.773,10.34,56.245,23.02,8701.65,19.83,1366.02,0,,,,45.68438762,4.546938089,,,,
16935.743,,56.245,23.02,8712.81,19.83,1367,0,,,,45.74697174,4.552433827,,,,
16944.83,10.4,56.245,23.02,8705.55,19.83,1368.86,0,,,,45.70625841,4.562864513,,,,
16953.802,10.39,56.245,23.02,8704.82,19.83,1370.2,0,,,,45.70216465,4.570379094,,,,
16962.787,10.39,56.245,23.02,8713.97,19.84,1370.51,0,,,,45.7534769,4.572117541,,,,
16971.782,10.4,56.243,23.02,8706.58,19.84,1373.12,0,,,,45.71203454,4.58675415,,,,
16980.859,10.39,56.242,23.02,8705.85,19.84,1373.14,0,,,,45.70794078,4.586866308,,,,
16989.833,10.4,56.244,23.02,8705.85,19.84,1374.34,0,,,,45.70794078,4.593595783,,,,
16998.804,10.39,56.244,23.02,8721.09,19.84,1376.14,0,,,,45.79340511,4.603689996,,,,
17007.781,10.39,56.243,23.02,8720.59,19.85,1378.64,0,,,,45.79060117,4.617709735,,,,
17016.883,10.39,56.242,23.02,8718.7,19.85,1379.04,0,,,,45.78000224,4.619952894,,,,
17025.854,10.39,56.243,23.03,8714.92,19.85,1379.83,0,,,,45.7588044,4.624383131,,,,
17034.801,10.4,56.244,23.02,8716.82,19.85,1382.86,0,,,,45.7694594,4.641375056,,,,
17043.807,10.39,56.244,23.02,8717.69,19.85,1383.6,0,,,,45.77433827,4.645524899,,,,
17052.865,10.39,56.243,23.02,8725.92,19.85,1384.61,0,,,,45.82049125,4.651188874,,,,
17062.842,10.39,56.244,23.02,8723.06,19.85,1386.35,0,,,,45.80445267,4.660946613,,,,
17071.794,10.4,56.243,23.02,8725.77,19.85,1387.74,0,,,,45.81965007,4.668741588,,,,
17080.814,10.4,56.241,23.02,8727.63,19.85,1388.36,0,,,,45.83008075,4.672218484,,,,
17089.896,10.45,56.242,23.02,8732.36,19.85,1390,0,,,,45.8566061,4.681415433,,,,
17098.86,10.44,56.241,23.02,8732.96,19.86,1389.14,0,,,,45.85997084,4.676592642,,,,
17107.86,10.44,56.241,23.02,8732.76,19.85,1390.49,0,,,,45.85884926,4.684163302,,,,
17116.832,10.44,56.241,23.02,8735.8,19.86,1390.5,0,,,,45.87589726,4.684219381,,,,
17125.9,10.45,56.242,23.02,8739.55,19.86,1390.43,0,,,,45.89692687,4.683826828,,,,
17134.844,10.45,56.242,23.02,8738.67,19.87,1391.45,0,,,,45.89199192,4.689546882,,,,
17143.851,10.44,56.242,23.02,8741.65,19.87,1391.06,0,,,,45.90870345,4.687359803,,,,
17152.807,10.45,56.242,23.02,8743.29,19.88,1391.83,0,,,,45.9179004,4.691677882,,,,
17161.925,10.45,56.241,23.03,8745.49,19.88,1392.39,0,,,,45.93023777,4.694818304,,,,
17170.868,10.45,56.241,23.02,8746.57,19.88,1393.63,0,,,,45.9362943,4.701772095,,,,
17179.855,10.44,56.241,23.03,8757.59,19.88,1398.17,0,,,,45.99809332,4.727231943,,,,
17188.828,10.45,56.24,23.02,8760.02,19.89,1399.52,0,,,,46.0117205,4.734802602,,,,
17197.937,10.44,56.242,23.03,8761.98,19.88,1394.83,0,,,,46.02271198,4.70850157,,,,
17206.901,10.44,56.24,23.03,8764.42,19.88,1399.47,0,,,,46.03639524,4.734522207,,,,
17215.854,10.45,56.24,23.03,8765.47,19.88,1391.94,0,,,,46.04228354,4.692294751,,,,
17224.847,10.45,56.24,23.03,8767.04,19.89,1399.6,0,,,,46.05108793,4.735251234,,,,
17233.929,10.5,56.241,23.03,8768.42,19.89,1391.48,0,,,,46.05882683,4.689715119,,,,
17242.895,10.5,56.24,23.03,8770.88,19.89,1390.9,0,,,,46.07262225,4.686462539,,,,
17251.891,10.5,56.239,23.03,8772.55,19.89,1382.78,0,,,,46.08198744,4.640926424,,,,
17261.845,10.5,56.239,23.03,8775.34,19.9,1384.04,0,,,,46.09763347,4.647992373,,,,
17270.943,10.5,56.239,23.04,8777.17,19.9,1391.67,0,,,,46.10789592,4.690780619,,,,
17279.902,10.5,56.24,23.04,8779.67,19.9,1397.04,0,,,,46.12191566,4.72089502,,,,
17288.908,10.51,56.238,23.04,8779.37,19.89,1387.46,0,,,,46.12023329,4.667171377,,,,
17297.877,10.51,56.237,23.04,8781.75,19.89,1395.09,0,,,,46.13358008,4.709959623,,,,
17306.928,10.51,56.238,23.04,8784.15,19.9,1379.32,0,,,,46.14703903,4.621523105,,,,
17315.919,10.5,56.238,23.04,8785.88,19.89,1395.31,0,,,,46.15674069,4.71119336,,,,
17324.928,10.5,56.236,23.04,8788.17,19.9,1394.91,0,,,,46.16958277,4.708950202,,,,
17333.903,10.5,56.237,23.04,8789.9,19.91,1380.47,0,,,,46.17928443,4.627972185,,,,
17342.979,10.5,56.236,23.04,8791.57,19.9,1397.31,0,,,,46.18864962,4.722409152,,,,
17351.962,10.51,56.237,23.04,8794.39,19.9,1397.13,0,,,,46.20446389,4.721399731,,,,
17360.918,10.51,56.235,23.04,8795.88,19.9,1384.57,0,,,,46.21281965,4.650964558,,,,
17369.908,10.51,56.236,23.05,8797.31,19.9,1398.2,0,,,,46.22083894,4.727400179,,,,
17378.952,10.51,56.235,23.05,8799.4,19.91,1398.43,0,,,,46.23255944,4.728689996,,,,
17387.975,10.57,56.235,23.05,8800.55,19.92,1378.64,0,,,,46.23900852,4.617709735,,,,
17396.925,10.57,56.239,23.05,8792.96,19.91,1394.95,0,,,,46.19644459,4.709174518,,,,
17405.909,10.56,56.237,23.05,8796.21,19.92,1391.47,0,,,,46.21467026,4.68965904,,,,
17414.9,10.57,56.238,23.06,8798.45,19.92,1395.45,0,,,,46.22723194,4.711978466,,,,
17423.978,10.56,56.237,23.05,8799.37,19.93,1396.99,0,,,,46.23239121,4.720614625,,,,
17432.963,10.56,56.237,23.05,8802.34,19.93,1397.78,0,,,,46.24904666,4.725044863,,,,
17441.913,10.56,56.237,23.06,8803.28,19.93,1397.88,0,,,,46.25431808,4.725605653,,,,
17451.001,10.56,56.237,23.06,8804.82,19.94,1398.83,0,,,,46.26295424,4.730933154,,,,
17459.992,10.57,56.237,23.06,8807.78,19.94,1398.62,0,,,,46.27955361,4.729755496,,,,
17468.959,10.57,56.236,23.06,8808.57,19.94,1399.91,0,,,,46.28398385,4.736989681,,,,
17477.925,10.57,56.234,23.06,8812.19,19.95,1399.72,0,,,,46.30428443,4.735924181,,,,
17487.027,10.57,56.234,23.06,8812.88,19.95,1399.83,0,,,,46.30815388,4.73654105,,,,
17496.019,10.56,56.235,23.06,8815.46,19.95,1400.82,0,,,,46.32262225,4.742092867,,,,
17505.956,10.57,56.235,23.07,8815.65,19.96,1402.36,0,,,,46.32368775,4.750729026,,,,
17514.947,10.56,56.233,23.07,8819.2,19.95,1400.9,0,,,,46.34359578,4.742541498,,,,
17524.004,10.57,56.231,23.07,8820.3,19.95,1401.38,0,,,,46.34976447,4.745233288,,,,
17532.993,10.57,56.23,23.07,8822.94,19.95,1402.65,0,,,,46.36456931,4.752355316,,,,
17541.996,10.62,56.23,23.07,8824.6,19.96,1402.29,0,,,,46.37387842,4.750336474,,,,
17550.958,10.6,56.23,23.07,8827.56,19.96,1403.66,0,,,,46.39047779,4.758019291,,,,
17559.95,10.63,56.232,23.07,8827.38,19.95,1403.14,0,,,,46.38946837,4.755103185,,,,
17569.042,10.62,56.23,23.07,8829.58,19.95,1404.38,0,,,,46.40180574,4.762056976,,,,
17577.998,10.63,56.23,23.07,8829.84,19.94,1403.98,0,,,,46.4032638,4.759813818,,,,
17586.981,10.64,56.229,23.08,8832.9,19.94,1404.5,1,,,,46.42042396,4.762729924,,,,
17595.967,10.63,56.228,23.08,8837.22,19.94,1405.82,0,,,,46.44465007,4.770132346,,,,
17605.047,10.62,56.228,23.08,8837.34,19.94,1407.23,0,,,,46.44532301,4.77803948,,,,
17614.063,10.62,56.229,23.08,8837.55,19.93,1408.46,0,,,,46.44650067,4.784937192,,,,
17622.991,10.62,56.228,23.08,8841.57,19.94,1407.27,0,,,,46.46904441,4.778263795,,,,
17632.063,10.63,56.229,23.08,8842.53,19.94,1408.92,0,,,,46.47442799,4.787516824,,,,
17641.038,10.63,56.228,23.08,8842.28,19.94,1409.46,0,,,,46.47302602,4.790545087,,,,
17650.017,10.62,56.227,23.08,8843.11,19.93,1410.38,0,,,,46.47768057,4.795704352,,,,
17659.007,10.62,56.228,23.08,8848.04,19.92,1412.48,0,,,,46.5053275,4.807480933,,,,
17668.067,10.62,56.227,23.08,8844.81,19.92,1411.34,0,,,,46.487214,4.801087932,,,,
17677.046,10.62,56.225,23.08,8848.08,19.92,1414.43,0,,,,46.50555182,4.81841633,,,,
17686.049,10.62,56.225,23.08,8854.37,19.92,1414.87,0,,,,46.54082548,4.820883804,,,,
17695.047,10.63,56.224,23.08,8854.1,19.91,1417.34,0,,,,46.53931135,4.834735307,,,,
17703.992,10.62,56.224,23.08,8859.38,19.91,1416.42,0,,,,46.56892104,4.829576043,,,,
17713.086,10.63,56.222,23.08,8859.67,19.91,1417.74,0,,,,46.57054733,4.836978466,,,,
17722.041,10.62,56.222,23.08,8853.22,19.9,1418.1,0,,,,46.5343764,4.838997308,,,,
17731.005,10.63,56.221,23.08,8851.96,19.9,1418.86,0,,,,46.52731045,4.843259309,,,,
17740.102,10.62,56.221,23.08,8854.9,19.9,1419.31,0,,,,46.54379767,4.845782862,,,,
17749.084,10.63,56.22,23.08,8856.63,19.9,1419.88,0,,,,46.55349933,4.848979363,,,,
17758.08,10.62,56.218,23.08,8859.86,19.9,1421.75,0,,,,46.57161283,4.859466128,,,,
17767.039,10.63,56.217,23.08,8869.65,19.89,1423.86,0,,,,46.62651413,4.871298789,,,,
17775.99,10.62,56.218,23.08,8869.51,19.89,1422.75,0,,,,46.62572903,4.865074024,,,,
17785.071,10.62,56.217,23.08,8861.16,19.89,1423.92,0,,,,46.5789031,4.871635262,,,,
17794.053,10.62,56.216,23.08,8879.36,19.89,1425.25,0,,,,46.6809668,4.879093764,,,,
17803.054,10.62,56.215,23.08,8862.5,19.89,1427.01,0,,,,46.58641768,4.888963661,,,,
17813.118,10.61,56.218,23.08,8866.03,19.89,1426.95,0,,,,46.60621355,4.888627187,,,,
17822.117,10.62,56.216,23.08,8873.69,19.88,1427.69,0,,,,46.64917003,4.89277703,,,,
17831.08,10.62,56.216,23.08,8865.33,19.88,1429.68,0,,,,46.60228802,4.903936743,,,,
17840.069,10.63,56.218,23.08,8884.89,19.88,1432.17,0,,,,46.71197847,4.917900404,,,,
17850.041,10.62,56.219,23.08,8890.38,19.87,1432.89,0,,,,46.74276581,4.921938089,,,,
17859.127,10.63,56.217,23.08,8885.15,19.87,1432.49,0,,,,46.71343652,4.91969493,,,,
17868.091,10.62,56.216,23.08,8889.34,19.86,1433.38,0,,,,46.7369336,4.924685958,,,,
17877.077,10.62,56.216,23.07,8896.2,19.86,1433.76,0,,,,46.77540377,4.926816958,,,,
17886.012,10.67,56.216,23.07,8873.34,19.86,1436.03,0,,,,46.64720727,4.939546882,,,,
17895.123,10.67,56.216,23.07,8875.81,19.85,1436.17,0,,,,46.66105877,4.940331987,,,,
17904.123,10.66,56.216,23.07,8901.4,19.86,1438.41,0,,,,46.80456483,4.952893674,,,,
17913.077,10.67,56.216,23.08,8903.07,19.86,1440.6,0,,,,46.81393001,4.965174966,,,,
17922.159,10.67,56.216,23.08,8893.93,19.86,1439.21,0,,,,46.76267384,4.957379991,,,,
17932.129,10.67,56.216,23.08,8885.14,19.86,1441.13,0,,,,46.71338044,4.968147151,,,,
17941.139,10.67,56.216,23.08,8909.56,19.86,1444.89,0,,,,46.85032526,4.98923284,,,,
17950.077,10.67,56.215,23.08,8892.93,19.86,1445.7,0,,,,46.75706595,4.993775236,,,,
17959.15,10.66,56.214,23.07,8915.23,19.86,1449.76,0,,,,46.88212203,5.016543293,,,,
17968.137,10.67,56.215,23.07,8907.59,19.86,1448.8,0,,,,46.8392777,5.011159713,,,,
17977.13,10.67,56.214,23.07,8885.74,19.86,1450.08,0,,,,46.71674518,5.01833782,,,,
17986.125,10.67,56.215,23.07,8902.75,19.86,1451.77,0,,,,46.81213549,5.027815164,,,,
17995.077,10.68,56.212,23.07,8916.14,19.87,1454.26,0,,,,46.88722521,5.041778825,,,,
18004.16,10.66,56.21,23.07,8922.78,19.86,1455.31,0,,,,46.92446164,5.047667115,,,,
18013.138,10.67,56.211,23.07,8924.36,19.86,1455.01,0,,,,46.93332212,5.045984747,,,,
18022.133,10.67,56.211,23.07,8910.06,19.86,1455.87,0,,,,46.85312921,5.050807537,,,,
18031.121,10.67,56.21,23.07,8928.67,19.86,1458.82,0,,,,46.95749215,5.06735083,,,,
18040.172,10.73,56.211,23.07,8907.16,19.86,1455.92,0,,,,46.83686631,5.051087932,,,,
18049.139,10.72,56.208,23.07,8919.72,19.86,1459.26,0,,,,46.90730148,5.069818304,,,,
18058.126,10.72,56.209,23.07,8918.98,19.86,1462.13,0,,,,46.90315164,5.085912965,,,,
18067.101,10.72,56.209,23.08,8924.19,19.85,1464.05,0,,,,46.93236878,5.096680126,,,,
18076.18,10.72,56.209,23.07,8926.05,19.85,1464.38,0,,,,46.94279946,5.098530731,,,,
18085.155,10.72,56.211,23.07,8928.64,19.85,1449.6,0,,,,46.95732391,5.01564603,,,,
18094.151,10.72,56.208,23.07,8931.91,19.85,1458.98,0,,,,46.97566173,5.068248093,,,,
18103.2,10.72,56.209,23.07,8930.9,19.85,1448.55,0,,,,46.96999776,5.009757739,,,,
18113.211,10.71,56.21,23.07,8936.29,19.84,1463.81,0,,,,47.00022432,5.095334231,,,,
18122.157,10.71,56.209,23.07,8937.57,19.85,1458.99,0,,,,47.00740242,5.068304172,,,,
18131.159,10.71,56.209,23.07,8938.97,19.84,1453.8,0,,,,47.01525348,5.039199192,,,,
18140.152,10.72,56.209,23.07,8941.02,19.84,1458.93,0,,,,47.02674966,5.067967699,,,,
18149.208,10.72,56.21,23.07,8939.16,19.84,1463.06,0,,,,47.01631898,5.091128309,,,,
18158.191,10.72,56.21,23.07,8939.27,19.84,1459.78,0,,,,47.01693585,5.07273441,,,,
18167.167,10.72,56.212,23.07,8945.97,19.85,1440.9,0,,,,47.05450875,4.966857335,,,,
18176.237,10.72,56.211,23.07,8944.51,19.84,1460.45,0,,,,47.04632122,5.0764917,,,,
18185.241,10.73,56.212,23.07,8946.87,19.84,1449.38,0,,,,47.05955585,5.014412293,,,,
18194.21,10.77,56.209,23.07,8945.88,19.84,1460.83,0,,,,47.05400404,5.078622701,,,,
18204.182,10.77,56.213,23.07,8950.13,19.84,1460.46,0,,,,47.0778376,5.076547779,,,,
18213.256,10.78,56.212,23.07,8950.75,19.84,1452.45,0,,,,47.08131449,5.031628533,,,,
18222.221,10.77,56.213,23.07,8951.12,19.84,1460.77,0,,,,47.08338941,5.078286227,,,,
18231.21,10.77,56.212,23.07,8955.34,19.84,1454.06,0,,,,47.10705473,5.040657245,,,,
18240.179,10.77,56.213,23.07,8956.03,19.84,1463.01,0,,,,47.11092418,5.090847914,,,,
18249.267,10.78,56.213,23.07,8956.78,19.84,1459.7,0,,,,47.1151301,5.072285778,,,,
18258.248,10.77,56.211,23.07,8953.88,19.85,1442.22,0,,,,47.09886721,4.974259758,,,,
18267.246,10.77,56.213,23.07,8962.97,19.85,1458.78,0,,,,47.14984298,5.067126514,,,,
18276.212,10.77,56.21,23.07,8975.12,19.86,1458.25,0,,,,47.21797891,5.064154329,,,,
18285.286,10.78,56.21,23.07,8928.61,19.86,1457.49,0,,,,46.95715568,5.059892328,,,,
18294.265,10.77,56.212,23.07,8975.33,19.87,1459.95,0,,,,47.21915657,5.073687752,,,,
18303.247,10.77,56.208,23.07,8930.4,19.87,1458.16,0,,,,46.96719381,5.063649619,,,,
18312.216,10.76,56.209,23.07,8931.37,19.87,1457.83,0,,,,46.97263347,5.061799013,,,,
18321.301,10.77,56.208,23.07,8937.22,19.87,1461.38,0,,,,47.00543966,5.081707044,,,,
18331.262,10.77,56.21,23.07,8983.91,19.86,1462.6,0,,,,47.26727232,5.088548677,,,,
18340.253,10.78,56.209,23.07,8959.6,19.86,1460.69,0,,,,47.13094437,5.077837595,,,,
18349.23,10.77,56.209,23.07,8949.65,19.86,1459.97,0,,,,47.07514581,5.07379991,,,,
18358.313,10.82,56.208,23.07,8992.82,19.86,1460.87,0,,,,47.31723867,5.078847017,,,,
18368.264,10.84,56.209,23.07,8945.1,19.86,1460.44,0,,,,47.04962988,5.076435621,,,,
18377.252,10.82,56.209,23.07,8939.22,19.86,1459.13,0,,,,47.01665545,5.069089278,,,,
18386.242,10.83,56.209,23.07,8948.41,19.86,1459.75,0,,,,47.06819201,5.072566173,,,,
18395.348,10.83,56.21,23.07,8972.91,19.86,1461.42,0,,,,47.20558546,5.081931359,,,,
18405.291,10.82,56.21,23.07,8994.06,19.86,1463.03,0,,,,47.32419246,5.090960072,,,,
18414.249,10.84,56.211,23.07,8954.18,19.86,1461.55,0,,,,47.10054957,5.082660386,,,,
18423.243,10.84,56.21,23.07,8962.98,19.86,1462.02,0,,,,47.14989906,5.085296097,,,,
18432.335,10.82,56.21,23.07,8963.31,19.87,1462.8,0,,,,47.15174966,5.089670256,,,,
18442.323,10.82,56.211,23.07,9008.41,19.87,1466.61,0,,,,47.40466577,5.111036339,,,,
18451.289,10.83,56.21,23.07,8965.56,19.86,1463.81,0,,,,47.16436743,5.095334231,,,,
18460.295,10.83,56.21,23.07,8963.29,19.87,1465.08,0,,,,47.15163751,5.102456258,,,,
18469.237,10.83,56.21,23.07,9011.02,19.87,1467.6,0,,,,47.41930238,5.116588156,,,,
18478.296,10.83,56.211,23.07,9010.24,19.88,1468.8,0,,,,47.41492822,5.123317631,,,,
18487.295,10.81,56.212,23.07,8986.36,19.87,1468.16,0,,,,47.28101166,5.119728578,,,,
18496.257,10.82,56.212,23.07,9008.18,19.87,1468.78,0,,,,47.40337595,5.123205473,,,,
18505.368,10.82,56.212,23.07,9013.19,19.88,1470.4,0,,,,47.43147151,5.132290265,,,,
18514.299,10.83,56.212,23.07,9002.93,19.89,1470.53,0,,,,47.3739345,5.133019291,,,,
18523.281,10.82,56.215,23.07,8977.39,19.89,1469.08,0,,,,47.23070884,5.124887842,,,,
18532.286,10.81,56.215,23.07,8991.89,19.89,1472.81,0,,,,47.31202333,5.145805294,,,,
18541.346,10.82,56.216,23.07,9018.12,19.89,1474.24,0,,,,47.45911844,5.153824585,,,,
18550.331,10.83,56.215,23.08,8983.88,19.89,1473.61,0,,,,47.26710408,5.150291611,,,,
18559.311,10.83,56.216,23.07,8988.09,19.89,1472.48,0,,,,47.29071332,5.143954688,,,,
18568.318,10.83,56.214,23.07,9020.6,19.9,1476.8,0,,,,47.47302602,5.168180799,,,,
18577.376,10.82,56.215,23.07,8990.31,19.9,1475.1,0,,,,47.30316285,5.158647376,,,,
18586.349,10.82,56.214,23.07,8991.32,19.9,1475.83,0,,,,47.30882683,5.16274114,,,,
18595.34,10.83,56.216,23.07,9031.56,19.91,1480.96,0,,,,47.53448856,5.191509646,,,,
18604.309,10.82,56.214,23.08,9033.7,19.92,1482.1,0,,,,47.54648946,5.197902647,,,,
18613.386,10.83,56.213,23.08,9019.66,19.92,1482.03,0,,,,47.4677546,5.197510094,,,,
18623.386,10.82,56.213,23.08,9030.69,19.92,1484.55,0,,,,47.52960969,5.211641992,,,,
18632.356,10.81,56.213,23.08,9002.17,19.92,1484.88,0,,,,47.3696725,5.213492598,,,,
18641.319,10.82,56.212,23.08,9022,19.93,1487.28,0,,,,47.48087707,5.226951548,,,,
18650.408,,56.213,23.08,9005.74,19.92,1485.44,0,,,,47.38969269,5.216633019,,,,
18660.371,10.86,56.212,23.08,9035.66,19.93,1490.45,0,,,,47.55748093,5.244728578,,,,
18669.355,10.86,56.212,23.08,9040.48,19.94,1491.37,0,,,,47.58451099,5.249887842,,,,
18678.323,10.86,56.211,23.08,9041.02,19.94,1492.94,0,,,,47.58753926,5.258692239,,,,
18687.396,10.86,56.212,23.08,9000.01,19.94,1493.54,0,,,,47.35755944,5.262056976,,,,
18696.39,10.86,56.211,23.09,9005.91,19.95,1492.87,0,,,,47.39064603,5.258299686,,,,
18705.35,10.85,56.21,23.08,9034.88,19.95,1496.66,0,,,,47.55310677,5.279553611,,,,
18714.356,10.86,56.212,23.09,9039.46,19.96,1497.25,0,,,,47.57879094,5.28286227,,,,
18723.43,10.85,56.212,23.09,9013.93,19.96,1497.79,0,,,,47.43562135,5.285890534,,,,
18732.412,10.85,56.212,23.08,9042.34,19.97,1499.4,0,,,,47.59494168,5.294919246,,,,
18741.387,10.86,56.216,23.09,9018.01,19.97,1500.16,0,,,,47.45850157,5.299181247,,,,
18750.355,10.86,56.216,23.09,9017.76,19.98,1501.89,0,,,,47.4570996,5.308882907,,,,
18759.333,10.85,56.216,23.09,9021.06,19.98,1503.54,0,,,,47.47560565,5.318135935,,,,
18768.427,10.85,56.216,23.09,9045.81,19.98,1506.9,0,,,,47.61440108,5.336978466,,,,
18777.388,10.86,56.217,23.09,9038.58,19.99,1506.59,0,,,,47.57385599,5.335240018,,,,
18786.375,10.86,56.217,23.09,9031.81,19.99,1507.33,0,,,,47.53589053,5.339389861,,,,
18795.446,10.86,56.218,23.1,9029.16,19.99,1508.74,0,,,,47.52102961,5.347296994,,,,
18804.427,10.91,56.219,23.1,9032.34,19.99,1508.43,0,,,,47.53886272,5.345558546,,,,
18813.414,10.92,56.218,23.1,9057.62,19.99,1512.74,0,,,,47.68063033,5.369728578,,,,
18822.388,10.91,56.217,23.1,9060.03,19.99,1512.34,0,,,,47.69414536,5.367485419,,,,
18831.468,10.92,56.217,23.1,9060.6,19.99,1514.19,0,,,,47.69734186,5.377860027,,,,
18840.431,10.9,56.217,23.1,9053.07,20,1515.51,0,,,,47.6551144,5.38526245,,,,
18849.409,10.91,56.216,23.1,9058.37,20,1518.62,0,,,,47.68483625,5.402703006,,,,
18858.406,10.91,56.216,23.1,9062.74,20,1520.99,0,,,,47.70934275,5.415993719,,,,
18867.368,10.91,56.214,23.11,9049.7,20,1520.66,0,,,,47.63621579,5.414143114,,,,
18876.431,10.91,56.213,23.11,9053.96,20,1522.42,0,,,,47.66010543,5.42401301,,,,
18885.432,10.91,56.215,23.11,9066.1,20.01,1525.43,0,,,,47.72818528,5.440892777,,,,
18894.408,10.91,56.214,23.11,9059.97,20,1526.15,0,,,,47.69380888,5.444930462,,,,
18903.383,10.91,56.215,23.1,9055.18,20.01,1526.83,0,,,,47.66694706,5.448743831,,,,
18912.453,10.91,56.215,23.11,9061.63,20,1528.37,0,,,,47.70311799,5.457379991,,,,
18921.445,10.91,56.214,23.11,9071.72,20.01,1527.92,0,,,,47.75970166,5.454856438,,,,
18930.434,10.91,56.214,23.11,9064.62,20,1529.59,0,,,,47.7198856,5.464221624,,,,
18939.418,10.92,56.216,23.11,9078.3,20,1535.05,0,,,,47.79660162,5.494840736,,,,
18948.479,10.91,56.217,23.12,9080.39,20,1534.78,0,,,,47.80832212,5.493326604,,,,
18957.438,10.91,56.218,23.11,9081.27,20,1536.38,0,,,,47.81325707,5.502299237,,,,
18966.417,10.97,56.219,23.11,9083.37,19.99,1522.49,0,,,,47.82503365,5.424405563,,,,
18975.396,10.97,56.218,23.12,9084.71,19.99,1535.82,0,,,,47.83254823,5.499158816,,,,
18984.481,10.97,56.219,23.12,9086.99,19.99,1526.65,0,,,,47.84533423,5.44773441,,,,
18993.465,10.96,56.219,23.12,9088.31,19.99,1534.22,0,,,,47.85273665,5.490186182,,,,
19002.444,10.96,56.218,23.12,9090.24,19.99,1533.64,0,,,,47.86355989,5.486933603,,,,
19011.4,10.96,56.219,23.12,9091.73,19.99,1516.11,0,,,,47.87191566,5.388627187,,,,
19020.499,10.97,56.218,23.12,9093.38,20,1534.34,0,,,,47.88116869,5.49085913,,,,
19029.491,10.97,56.218,23.12,9093.29,20,1518.23,0,,,,47.88066397,5.400515926,,,,
19038.456,10.97,56.219,23.12,9096.18,20,1532.13,0,,,,47.89687079,5.47846568,,,,
19047.525,10.96,56.217,23.12,9097.08,20,1518.08,0,,,,47.9019179,5.399674742,,,,
19056.52,10.97,56.219,23.12,9098.92,19.99,1532.01,0,,,,47.91223643,5.477792732,,,,
19065.481,10.96,56.218,23.12,9100.41,19.99,1516.18,0,,,,47.92059219,5.38901974,,,,
19074.467,10.98,56.218,23.13,9102.26,19.99,1532.78,0,,,,47.9309668,5.482110812,,,,
19083.456,10.98,56.218,23.13,9104.37,19.98,1519.42,0,,,,47.94279946,5.407189323,,,,
19092.511,10.97,56.219,23.13,9104.99,19.98,1533.03,0,,,,47.94627636,5.483512786,,,,
19101.505,10.98,56.218,23.12,9106.67,19.99,1531.11,0,,,,47.95569762,5.472745626,,,,
19110.471,10.96,56.217,23.13,9107.69,19.99,1516.47,0,,,,47.96141768,5.39064603,,,,
19119.481,10.97,56.218,23.13,9110.06,19.98,1533.43,0,,,,47.97470839,5.485755944,,,,
19128.549,10.98,56.217,23.12,9110.76,19.98,1534.73,0,,,,47.97863392,5.493046209,,,,
19137.533,11.03,56.219,23.13,9112.31,19.98,1527.15,0,,,,47.98732616,5.450538358,,,,
19146.51,11.02,56.218,23.12,9113.39,19.97,1497.91,0,,,,47.99338268,5.286563481,,,,
19155.476,11.03,56.217,23.12,9115.83,19.97,1536.28,0,,,,48.00706595,5.501738448,,,,
19164.564,11.03,56.218,23.13,9115.73,19.97,1534.41,0,,,,48.00650516,5.491251682,,,,
19173.543,11.03,56.217,23.13,9116.68,19.97,1523.22,0,,,,48.01183266,5.428499327,,,,
19182.488,11.03,56.218,23.12,9114.53,19.97,1519.99,0,,,,47.99977568,5.410385823,,,,
19191.484,11.03,56.218,23.13,9111.22,19.96,1529.33,0,,,,47.98121355,5.462763571,,,,
19200.57,11.02,56.218,23.13,9112.08,19.96,1529.61,0,,,,47.98603634,5.464333782,,,,
19209.552,11.03,56.219,23.13,9115.15,19.96,1530.98,0,,,,48.00325258,5.472016599,,,,
19218.531,11.03,56.22,23.12,9117.37,19.96,1532.11,0,,,,48.01570211,5.478353522,,,,
19227.499,11.04,56.219,23.13,9117.52,19.96,1532.06,0,,,,48.01654329,5.478073127,,,,
19236.614,11.04,56.217,23.13,9118.88,19.96,1532.47,0,,,,48.02417003,5.480372364,,,,
19245.585,11.03,56.218,23.13,9119.43,19.96,1532.11,0,,,,48.02725437,5.478353522,,,,
19254.528,11.02,56.219,23.13,9120.6,19.95,1534.24,0,,,,48.03381561,5.49029834,,,,
19263.508,11.03,56.218,23.13,9122.52,19.95,1532.5,0,,,,48.04458277,5.480540601,,,,
19272.623,11.03,56.216,23.13,9124.65,19.95,1532.6,0,,,,48.05652759,5.481101391,,,,
19281.586,11.03,56.216,23.13,9125.68,19.95,1533.15,0,,,,48.06230372,5.484185734,,,,
19290.565,11.03,56.216,23.13,9127.5,19.95,1533.48,0,,,,48.07251009,5.486036339,,,,
19299.508,11.08,56.215,23.13,9128.03,19.95,1533.62,0,,,,48.07548228,5.486821445,,,,
19308.612,11.09,56.215,23.13,9129.89,19.95,1533.45,0,,,,48.08591297,5.485868102,,,,
19317.603,11.09,56.215,23.13,9130.1,19.94,1534.99,0,,,,48.08709062,5.494504262,,,,
19327.534,11.09,56.217,23.13,9132.86,19.94,1535.46,0,,,,48.10256842,5.497139973,,,,
19336.538,11.09,56.216,23.13,9133.91,19.94,1535.89,0,,,,48.10845671,5.499551368,,,,
19345.61,11.09,56.217,23.13,9134.41,19.94,1537.38,0,,,,48.11126066,5.507907133,,,,
19354.605,11.09,56.218,23.13,9135.78,19.94,1538.59,0,,,,48.11894347,5.514692687,,,,
19363.588,11.08,56.22,23.13,9137.59,19.93,1538.64,0,,,,48.12909376,5.514973082,,,,
19372.556,11.08,56.221,23.13,9138.79,19.93,1539.61,0,,,,48.13582324,5.520412741,,,,
19381.626,11.08,56.219,23.13,9140.62,19.93,1539.97,0,,,,48.14608569,5.522431584,,,,
19390.638,11.08,56.219,23.13,9142.12,19.93,1540.74,0,,,,48.15449753,5.526749664,,,,
19399.574,11.08,56.221,23.13,9143.93,19.94,1540.54,0,,,,48.16464782,5.525628084,,,,
19408.579,11.09,56.219,23.13,9145.09,19.93,1541.61,0,,,,48.17115298,5.531628533,,,,
19417.649,11.09,56.22,23.13,9145.98,19.93,1544.3,0,,,,48.17614401,5.546713773,,,,
19427.624,11.09,56.22,23.13,9146.82,19.93,1544.72,0,,,,48.18085464,5.549069089,,,,
19436.583,11.09,56.221,23.13,9148.75,19.94,1545.25,0,,,,48.19167788,5.552041274,,,,
19445.561,11.09,56.22,23.13,9151.37,19.94,1547.53,0,,,,48.20637057,5.564827277,,,,
19454.642,,56.221,23.13,9151.71,19.93,1547.23,0,,,,48.20827725,5.563144908,,,,
19464.652,11.13,56.221,23.13,9154.72,19.93,1549.11,0,,,,48.22515702,5.573687752,,,,
19473.599,11.12,56.221,23.12,9156.85,19.92,1550.21,0,,,,48.23710184,5.579856438,,,,
19482.611,11.12,56.219,23.13,9159.55,19.93,1550.9,0,,,,48.25224316,5.583725886,,,,
19491.655,11.12,56.22,23.13,9155.14,19.93,1552.36,0,,,,48.22751234,5.591913414,,,,
19500.666,11.13,56.221,23.13,9162.93,19.93,1553.88,0,,,,48.27119785,5.600437416,,,,
19509.626,11.12,56.22,23.13,9156.81,19.92,1554.99,0,,,,48.23687752,5.60666218,,,,
19518.626,11.11,56.221,23.13,9164.68,19.92,1555.9,0,,,,48.28101166,5.611765366,,,,
19527.72,11.13,56.221,23.13,9159.44,19.92,1556.68,0,,,,48.25162629,5.616139524,,,,
19536.662,11.13,56.222,23.13,9158.65,19.92,1558.07,0,,,,48.24719605,5.6239345,,,,
19546.657,11.13,56.222,23.13,9159.9,19.92,1559.23,0,,,,48.25420592,5.630439659,,,,
19555.596,11.13,56.222,23.13,9167.89,19.93,1561.56,0,,,,48.29901301,5.643506057,,,,
19564.723,11.13,56.222,23.13,9162.56,19.92,1562.88,0,,,,48.26912293,5.650908479,,,,
19573.677,11.11,56.223,23.13,9163.85,19.92,1562.85,0,,,,48.27635711,5.650740242,,,,
19583.655,11.14,56.222,23.13,9166.19,19.92,1563.68,0,,,,48.28947959,5.655394796,,,,
19592.616,11.14,56.222,23.13,9168.57,19.92,1566.61,0,,,,48.30282638,5.671825931,,,,
19601.716,11.13,56.223,23.13,9164.18,19.92,1567.32,0,,,,48.27820772,5.675807537,,,,
19610.697,11.12,56.223,23.13,9184.85,19.92,1569.39,0,,,,48.39412293,5.687415882,,,,
19619.679,11.13,56.222,23.13,9167.47,19.92,1569.12,0,,,,48.29665769,5.68590175,,,,
19628.651,11.12,56.224,23.13,9184.13,19.91,1571.05,0,,,,48.39008524,5.696724989,,,,
19637.739,11.12,56.224,23.13,9168.21,19.91,1571.83,0,,,,48.30080754,5.701099148,,,,
19646.711,11.12,56.224,23.13,9192.02,19.92,1572.29,0,,,,48.43433154,5.70367878,,,,
19656.682,11.13,56.224,23.12,9193.99,19.92,1574.43,0,,,,48.44537909,5.715679677,,,,
19665.644,11.13,56.225,23.12,9169.3,19.91,1575,0,,,,48.30692014,5.718876178,,,,
19674.731,11.13,56.224,23.13,9196.43,19.91,1577,0,,,,48.45906236,5.730091969,,,,
19683.696,11.13,56.224,23.12,9193.59,19.91,1576.34,0,,,,48.44313594,5.726390758,,,,
19692.678,11.13,56.225,23.13,9202.26,19.9,1580.14,0,,,,48.49175639,5.747700763,,,,
19701.645,11.13,56.224,23.13,9194.99,19.9,1579.26,0,,,,48.45098699,5.742765814,,,,
19710.765,11.12,56.224,23.13,9180.69,19.9,1580.55,0,,,,48.37079408,5.75,,,,
19719.712,11.12,56.225,23.13,9208.38,19.9,1583.31,0,,,,48.52607672,5.765477793,,,,
19728.71,11.13,56.226,23.13,9194.79,19.9,1583.2,0,,,,48.44986541,5.764860924,,,,
19737.684,11.13,56.225,23.13,9185.29,19.9,1585.07,0,,,,48.3965904,5.77534769,,,,
19746.771,11.12,56.225,23.12,9203.22,19.9,1585.35,0,,,,48.49713997,5.7769179,,,,
19755.755,11.13,56.227,23.13,9216.23,19.9,1586.78,0,,,,48.5700987,5.784937192,,,,
19764.712,11.12,56.226,23.12,9177.79,19.9,1587.04,0,,,,48.35453118,5.786395245,,,,
19773.706,11.14,56.226,23.12,9175.44,19.9,1589.16,0,,,,48.34135262,5.798283984,,,,
19782.792,11.12,56.226,23.12,9176.33,19.9,1590.56,0,,,,48.34634365,5.806135038,,,,
19792.745,11.13,56.227,23.13,9182.13,19.89,1592.33,0,,,,48.37886945,5.816061014,,,,
19801.735,11.17,56.228,23.13,9202.71,19.89,1594.66,0,,,,48.49427995,5.829127411,,,,
19810.71,11.17,56.226,23.13,9220.97,19.89,1597.46,0,,,,48.59668013,5.84482952,,,,
19819.762,11.18,56.226,23.13,9230.3,19.89,1598.96,0,,,,48.64900179,5.853241364,,,,
19828.729,11.18,56.227,23.12,9219.12,19.88,1600.26,0,,,,48.58630552,5.860531629,,,,
19837.749,11.17,56.227,23.13,9202.7,19.89,1599.18,0,,,,48.49422387,5.854475101,,,,
19846.683,11.17,56.228,23.12,9227,19.89,1602.26,0,,,,48.63049574,5.87174742,,,,
19855.794,11.18,56.228,23.12,9190.59,19.9,1599.04,0,,,,48.42631225,5.853689996,,,,
19864.78,11.19,56.227,23.13,9185.02,19.9,1602.68,0,,,,48.39507627,5.874102737,,,,
19873.759,11.18,56.228,23.13,9187.96,19.91,1600.42,0,,,,48.41156348,5.861428892,,,,
19882.701,11.17,56.228,23.13,9228.18,19.91,1603.37,0,,,,48.63711306,5.877972185,,,,
19891.82,11.17,56.229,23.12,9192.69,19.91,1601.71,0,,,,48.43808883,5.868663078,,,,
19900.781,11.17,56.228,23.12,9231.01,19.91,1608.62,0,,,,48.6529834,5.907413638,,,,
19909.784,11.17,56.23,23.13,9229.52,19.92,1609.35,0,,,,48.64462764,5.911507402,,,,
19918.746,11.17,56.228,23.13,9230.02,19.92,1610.31,0,,,,48.64743158,5.916890983,,,,
19927.824,11.17,56.231,23.13,9234.09,19.93,1600.57,0,,,,48.67025572,5.862270076,,,,
19936.804,11.17,56.23,23.13,9234.76,19.93,1610.2,0,,,,48.67401301,5.916274114,,,,
19945.761,11.17,56.232,23.13,9239.18,19.94,1605.88,0,,,,48.69879991,5.892048004,,,,
19954.75,11.17,56.23,23.13,9238.51,19.94,1611.81,0,,,,48.69504262,5.925302826,,,,
19963.814,11.17,56.231,23.13,9240.27,19.94,1609.08,0,,,,48.70491252,5.909993271,,,,
19972.772,11.24,56.231,23.13,9237.73,19.95,1587.87,0,,,,48.69066846,5.791049798,,,,
19981.787,11.23,56.232,23.13,9241.93,19.95,1610.5,0,,,,48.71422162,5.917956483,,,,
19990.776,11.23,56.233,23.13,9239.72,19.94,1603.06,0,,,,48.70182817,5.876233737,,,,
19999.832,11.22,56.233,23.13,9240.82,19.95,1608.34,0,,,,48.70799686,5.905843428,,,,
20008.835,11.22,56.233,23.13,9245.13,19.95,1602.48,0,,,,48.73216689,5.872981157,,,,
20018.813,11.22,56.234,23.13,9247.3,19.95,1607.64,0,,,,48.74433603,5.9019179,,,,
20027.752,11.22,56.234,23.13,9249.57,19.95,1604.14,0,,,,48.75706595,5.882290265,,,,
20036.835,11.22,56.234,23.14,9252.59,19.95,1598.66,0,,,,48.77400179,5.851558995,,,,
20045.868,11.22,56.234,23.13,9254.58,19.95,1604.51,0,,,,48.78516151,5.884365186,,,,
20055.831,11.22,56.23,23.13,9250.82,19.95,1604.07,0,,,,48.76407582,5.881897712,,,,
20064.797,11.22,56.231,23.14,9253.12,19.95,1603.75,0,,,,48.77697398,5.880103185,,,,
20073.883,11.23,56.232,23.14,9254.34,19.96,1589.83,0,,,,48.78381561,5.802041274,,,,
20082.835,11.22,56.231,23.13,9261.8,19.95,1606.31,0,,,,48.82565052,5.894459399,,,,
20092.824,11.22,56.232,23.14,9260.6,19.96,1609.68,0,,,,48.81892104,5.913358008,,,,
20101.792,11.23,56.231,23.14,9259.29,19.97,1603.26,0,,,,48.8115747,5.877355316,,,,
20110.87,11.22,56.233,23.14,9258.92,19.96,1582.36,0,,,,48.80949978,5.760150292,,,,
20119.865,11.22,56.232,23.14,9266.21,19.97,1610.21,0,,,,48.85038134,5.916330193,,,,
20129.816,11.22,56.236,23.14,9262.31,19.97,1611.67,0,,,,48.82851054,5.924517721,,,,
20138.846,11.22,56.236,23.14,9269.7,19.98,1599.1,0,,,,48.86995289,5.854026469,,,,
20147.878,11.28,56.236,23.14,9264.39,19.98,1610.11,0,,,,48.84017497,5.915769403,,,,
20156.851,11.28,56.236,23.14,9234.3,19.98,1603.52,0,,,,48.67143338,5.878813369,,,,
20166.84,11.28,56.238,23.14,9283.68,19.98,1606.72,0,,,,48.94835128,5.896758636,,,,
20175.807,11.28,56.236,23.15,9236.27,19.98,1604.88,0,,,,48.68248093,5.886440108,,,,
20184.877,11.28,56.237,23.15,9237.57,19.99,1605.84,0,,,,48.6897712,5.891823688,,,,
20193.894,11.28,56.237,23.15,9239.87,19.99,1607.19,0,,,,48.70266936,5.899394347,,,,
20203.851,11.28,56.237,23.14,9287.83,19.99,1611.09,0,,,,48.97162405,5.921265141,,,,
20212.815,11.28,56.238,23.15,9264.48,20,1608.27,0,,,,48.84067968,5.905450875,,,,
20221.934,11.28,56.236,23.15,9254,20,1611.82,0,,,,48.78190893,5.925358905,,,,
20231.884,11.28,56.236,23.15,9261.68,20,1609.93,0,,,,48.82497757,5.914759982,,,,
20240.888,11.28,56.238,23.15,9294.92,20,1612.29,0,,,,49.01138403,5.927994616,,,,
20249.825,11.28,56.238,23.15,9255.96,20.01,1609.84,0,,,,48.7929004,5.914255271,,,,
20258.929,11.28,56.238,23.15,9272.59,20.01,1610.91,0,,,,48.88615971,5.92025572,,,,
20268.906,11.28,56.238,23.15,9281.92,20.01,1611.25,0,,,,48.93848138,5.922162405,,,,
20277.895,11.28,56.238,23.16,9269.67,20.01,1611.48,0,,,,48.86978466,5.923452221,,,,
20286.861,11.28,56.239,23.16,9269.67,20.02,1611.89,0,,,,48.86978466,5.925751458,,,,
20295.926,11.27,56.237,23.16,9272.28,20.02,1612.78,0,,,,48.88442127,5.930742485,,,,
20305.913,11.27,56.239,23.16,9264.94,20.02,1613.96,0,,,,48.84325931,5.937359803,,,,
20314.886,11.28,56.239,23.16,9298.75,20.02,1618.27,0,,,,49.03286227,5.961529834,,,,
20323.861,11.34,56.239,23.16,9273.37,20.03,1616.28,0,,,,48.89053387,5.950370121,,,,
20332.973,11.33,56.239,23.16,9293.06,20.03,1618.65,0,,,,49.00095334,5.963660834,,,,
20342.931,11.33,56.239,23.16,9297.48,20.03,1618.67,0,,,,49.02574024,5.963772992,,,,
20351.921,11.34,56.239,23.16,9296.77,20.03,1619.7,0,,,,49.02175864,5.969549125,,,,
20360.894,11.33,56.24,23.16,9305.71,20.04,1621.55,0,,,,49.07189323,5.979923733,,,,
20369.966,11.34,56.239,23.16,9277.71,20.03,1620.11,0,,,,48.91487214,5.971848362,,,,
20379.956,11.33,56.241,23.16,9311.71,20.04,1623.27,0,,,,49.1055406,5.989569314,,,,
20388.928,11.34,56.241,23.16,9304.45,20.04,1623.24,0,,,,49.06482728,5.989401077,,,,
20397.914,11.33,56.24,23.17,9310.43,20.05,1624.95,0,,,,49.09836249,5.998990579,,,,
20406.972,11.34,56.24,23.17,9309.71,20.05,1626.35,0,,,,49.09432481,6.006841633,,,,
20416.944,11.33,56.24,23.17,9315.55,20.05,1628.03,0,,,,49.12707492,6.016262898,,,,
20425.91,11.35,56.243,23.17,9291,20.05,1627.4,0,,,,48.98940108,6.012729924,,,,
20434.876,11.34,56.243,23.17,9316.51,20.05,1630.57,0,,,,49.1324585,6.030506954,,,,
20443.97,11.34,56.243,23.18,9294.39,20.05,1629.64,0,,,,49.00841184,6.025291611,,,,
20453.959,11.34,56.243,23.17,9311.22,20.05,1631.69,0,,,,49.10279273,6.036787797,,,,
20462.944,11.34,56.244,23.17,9319.63,20.05,1631.75,0,,,,49.14995514,6.037124271,,,,
20471.921,11.34,56.245,23.17,9305.43,20.04,1631.92,0,,,,49.07032301,6.038077613,,,,
20480.969,11.35,56.245,23.18,9321.57,20.04,1633.62,0,,,,49.16083445,6.047611036,,,,
20489.988,11.38,56.243,23.18,9304.36,20.05,1633.32,0,,,,49.06432257,6.045928668,,,,
20498.973,11.39,56.245,23.18,9304.83,20.04,1634.77,0,,,,49.06695828,6.054060117,,,,
20507.923,11.38,56.247,23.17,9310.45,20.04,1635.46,0,,,,49.09847465,6.057929565,,,,
20517.091,11.39,56.245,23.18,9311.91,20.04,1638.5,0,,,,49.10666218,6.074977568,,,,
20526.015,11.39,56.246,23.18,9323.6,20.04,1638.72,0,,,,49.17221848,6.076211306,,,,
20535.988,11.38,56.245,23.18,9321.65,20.02,1640.15,0,,,,49.16128309,6.084230597,,,,
20544.955,11.39,56.247,23.18,9324.66,20.03,1641.87,0,,,,49.17816285,6.093876178,,,,
20554.004,11.39,56.248,23.18,9319.02,20.02,1642.56,0,,,,49.14653432,6.097745626,,,,
20563.001,11.39,56.246,23.18,9324.84,20.02,1644.14,0,,,,49.17917227,6.106606101,,,,
20571.995,11.39,56.247,23.18,9322.96,20.01,1646.51,0,,,,49.16862943,6.119896815,,,,
20580.947,11.4,56.247,23.18,9327.98,20.02,1647.96,0,,,,49.19678107,6.128028264,,,,
20590.028,11.4,56.248,23.18,9327.24,20.01,1648.32,0,,,,49.19263122,6.130047106,,,,
20599.003,11.38,56.248,23.18,9327.99,20.01,1649.79,0,,,,49.19683715,6.138290713,,,,
20607.999,11.38,56.248,23.18,9332.63,20,1650.5,0,,,,49.22285778,6.142272319,,,,
20616.967,11.38,56.248,23.18,9332.91,20,1651.08,0,,,,49.22442799,6.145524899,,,,
20626.052,11.38,56.248,23.18,9332.72,20,1652.31,0,,,,49.22336249,6.152422611,,,,
20636.025,11.39,56.249,23.18,9335.17,20,1653.74,0,,,,49.23710184,6.160441902,,,,
20645.024,11.38,56.246,23.18,9336.57,20,1654.28,0,,,,49.24495289,6.163470166,,,,
20654.964,11.39,56.246,23.18,9337.51,20,1655.65,0,,,,49.25022432,6.171152983,,,,
20664.036,11.39,56.247,23.18,9338.51,19.99,1656.99,0,,,,49.25583221,6.178667564,,,,
20673.032,11.38,56.247,23.18,9340.33,19.99,1659.73,0,,,,49.26603858,6.194033199,,,,
20681.989,11.38,56.246,23.18,9342.12,19.99,1659.99,0,,,,49.27607672,6.195491252,,,,
20690.959,11.39,56.248,23.18,9342.81,19.98,1661.21,0,,,,49.27994616,6.202332885,,,,
20700.057,11.39,56.246,23.18,9343.08,19.98,1662.01,0,,,,49.2814603,6.206819201,,,,
20709.073,11.38,56.247,23.18,9344.77,19.98,1663.37,0,,,,49.29093764,6.21444594,,,,
20718.029,11.39,56.248,23.18,9345.6,19.98,1663.06,0,,,,49.29559219,6.212707492,,,,
20727.009,11.39,56.249,23.18,9347.43,19.97,1664.86,0,,,,49.30585464,6.222801705,,,,
20736.076,11.38,56.248,23.18,9348.21,19.96,1665.15,0,,,,49.3102288,6.224427995,,,,
20745.073,11.39,56.247,23.18,9350.06,19.96,1668.12,0,,,,49.32060341,6.241083445,,,,
20754.056,11.38,56.248,23.18,9350.97,19.96,1669.2,0,,,,49.32570659,6.247139973,,,,
20763.001,11.37,56.248,23.18,9352.79,19.96,1668.97,0,,,,49.33591297,6.245850157,,,,
20772.114,11.39,56.249,23.18,9354.54,19.96,1670.75,0,,,,49.34572678,6.255832212,,,,
20782.065,11.38,56.25,23.18,9355.4,19.95,1671.96,0,,,,49.35054957,6.262617766,,,,
20791.085,11.38,56.25,23.18,9355.54,19.96,1672.87,0,,,,49.35133468,6.267720951,,,,
20800.043,11.39,56.25,23.18,9358.03,19.96,1675.42,0,,,,49.36529834,6.282021086,,,,
20809.113,11.39,56.251,23.18,9358.84,19.97,1674.84,0,,,,49.36984074,6.278768506,,,,
20819.086,11.39,56.252,23.18,9360.56,19.97,1676,0,,,,49.37948632,6.285273665,,,,
20828.066,11.39,56.252,23.18,9361.99,19.96,1677.66,0,6.76483,3.26,0.54954,49.38750561,6.294582773,,,,
20837.031,11.43,56.253,23.18,9362.53,19.97,1680.03,0,,,,49.39053387,6.307873486,,,,
20846.145,11.43,56.253,23.18,9374.23,19.97,1683.18,0,,,,49.45614625,6.325538358,,,,
20856.097,11.44,56.252,23.18,9376.15,19.97,1684.85,0,,,,49.46691341,6.334903544,,,,
20865.074,11.43,56.252,23.18,9378.1,19.97,1683.87,0,,,,49.47784881,6.329407806,,,,
20875.045,11.42,56.253,23.18,9380.2,19.97,1658.9,0,,,,49.48962539,6.189378645,,,,
20884.136,11.44,56.253,23.18,9381.49,19.96,1683.37,0,,,,49.49685958,6.326603858,,,,
20893.1,11.44,56.253,23.18,9380.12,19.96,1665.51,0,,,,49.48917676,6.226446837,,,,
20902.1,11.42,56.253,23.18,9383.06,19.96,1672.39,0,,,,49.50566397,6.265029161,,,,
20912.034,11.43,56.253,23.18,9383.83,19.97,1660.51,0,,,,49.50998205,6.198407358,,,,
20921.128,11.43,56.252,23.18,9385.84,19.97,1679.33,0,,,,49.52125393,6.303947959,,,,
20930.11,11.44,56.253,23.18,9386.36,19.97,1647.82,0,,,,49.52417003,6.127243158,,,,
20939.119,11.43,56.254,23.18,9387.06,19.97,1680.14,0,,,,49.52809556,6.308490354,,,,
20949.057,11.43,56.254,23.18,9389.48,19.97,1672.85,0,,,,49.54166667,6.267608793,,,,
20958.152,11.43,56.252,23.18,9390.7,19.97,1650.02,0,,,,49.5485083,6.139580529,,,,
20967.122,11.44,56.253,23.18,9390.82,19.97,1676.32,0,,,,49.54918125,6.287068192,,,,
20976.098,11.43,56.252,23.18,9392.52,19.97,1671.97,0,,,,49.55871467,6.262673845,,,,
20985.075,11.43,56.254,23.18,9393.85,19.98,1646.78,0,,,,49.56617317,6.121410947,,,,
20994.16,11.44,56.253,23.18,9395.17,19.98,1680.78,0,,,,49.57357559,6.312079408,,,,
21004.127,11.49,56.252,23.18,9397.29,19.98,1680.43,0,,,,49.58546433,6.310116644,,,,
21013.118,11.49,56.254,23.19,9397.62,19.98,1674.95,0,,,,49.58731494,6.279385375,,,,
21022.079,11.49,56.254,23.19,9398.56,19.98,1655.16,0,,,,49.59258636,6.168405114,,,,
21031.154,11.48,56.251,23.18,9399.65,19.99,1680.22,0,,,,49.59869897,6.308938986,,,,
21040.139,11.48,56.254,23.18,9402.66,19.99,1683.1,0,,,,49.61557873,6.325089726,,,,
21049.105,11.49,56.252,23.18,9405.73,19.99,1678,0,,,,49.63279498,6.296489457,,,,
21058.099,11.49,56.253,23.18,9404.1,20,1663.41,0,,,,49.6236541,6.214670256,,,,
21067.159,11.49,56.253,23.19,9406.2,20,1683.95,0,,,,49.63543069,6.329856438,,,,
21076.178,11.48,56.252,23.18,9408.37,19.99,1675.83,0,,,,49.64759982,6.284320323,,,,
21086.138,11.48,56.252,23.19,9406.37,20,1683.48,0,,,,49.63638403,6.327220727,,,,
21095.112,11.49,56.252,23.19,9392.32,20,1680.84,0,,,,49.55759309,6.312415882,,,,
21104.2,11.48,56.251,23.19,9408.98,20,1680.39,0,,,,49.65102064,6.309892328,,,,
21113.181,11.48,56.252,23.19,9398.69,20.01,1680.86,0,,,,49.59331539,6.312528039,,,,
21123.139,11.47,56.251,23.19,9400.34,20.01,1682.57,0,,,,49.60256842,6.322117541,,,,
21132.106,11.48,56.25,23.19,9403.64,20.02,1682.4,0,,,,49.62107447,6.321164199,,,,
21141.203,11.48,56.249,23.19,9414.71,20.02,1684.19,0,,,,49.68315388,6.331202333,,,,
21150.173,11.48,56.249,23.19,9413.37,20.03,1685.58,0,,,,49.6756393,6.338997308,,,,
21160.179,11.49,56.25,23.19,9420.2,20.03,1685.85,0,,,,49.71394123,6.34051144,,,,
21169.161,11.49,56.249,23.19,9404.62,20.04,1685.47,0,,,,49.62657021,6.33838044,,,,
21178.214,11.55,56.249,23.19,9420.87,20.04,1686.05,0,,,,49.71769852,6.341633019,,,,
21187.183,11.54,56.248,23.19,9410.92,20.04,1685.74,0,,,,49.66189996,6.339894572,,,,
21196.176,11.54,56.248,23.2,9414.1,20.05,1686.65,0,,,,49.67973306,6.344997757,,,,
21205.149,11.53,56.247,23.2,9401.99,20.04,1686.25,0,,,,49.61182144,6.342754598,,,,
21214.245,11.53,56.249,23.19,9430.95,20.05,1689.26,0,,,,49.77422611,6.359634365,,,,
21223.206,11.54,56.247,23.2,9429.36,20.05,1688.03,0,,,,49.76530956,6.352736653,,,,
21233.191,11.54,56.25,23.2,9407.14,20.06,1688.73,0,,,,49.64070211,6.35666218,,,,
21242.167,11.54,56.25,23.2,9432.13,20.06,1691.84,0,,,,49.78084343,6.374102737,,,,
21251.251,11.53,56.248,23.2,9408.89,20.07,1690.32,0,,,,49.65051593,6.365578735,,,,
21260.22,11.54,56.248,23.2,9439.72,20.07,1692.59,0,,,,49.82340736,6.378308659,,,,
21270.205,11.54,56.248,23.2,9409.79,20.07,1691.59,0,,,,49.65556303,6.372700763,,,,
21279.177,11.54,56.248,23.2,9444.3,20.07,1694.34,0,,,,49.84909152,6.388122476,,,,
21288.243,11.53,56.247,23.2,9415.3,20.07,1694.46,0,,,,49.68646254,6.388795424,,,,
21297.236,11.53,56.246,23.21,9447.5,20.07,1697.46,0,,,,49.86703679,6.405619112,,,,
21307.21,11.53,56.247,23.21,9442.03,20.08,1698.46,0,,,,49.8363616,6.411227008,,,,
21316.207,11.53,56.247,23.21,9429.28,20.08,1696.58,0,,,,49.76486092,6.400684163,,,,
21325.264,11.53,56.24,23.21,9449.01,20.08,1701.04,0,,,,49.87550471,6.425695379,,,,
21334.267,11.53,56.24,23.21,9436.1,20.08,1700.29,0,,,,49.80310677,6.421489457,,,,
21344.205,11.53,56.241,23.21,9460.77,20.09,1702.58,0,,,,49.94145357,6.434331539,,,,
21353.173,11.54,56.24,23.21,9455.66,20.09,1704.78,0,,,,49.91279722,6.44666891,,,,
21362.276,,56.239,23.22,9425.07,20.09,1702.06,0,,,,49.74125168,6.431415433,,,,
21371.247,11.58,56.24,23.22,9465.52,20.1,1707.81,0,,,,49.96809107,6.463660834,,,,
21380.228,11.58,56.243,23.22,9425.43,20.1,1707.91,0,,,,49.74327052,6.464221624,,,,
21389.213,11.59,56.241,23.22,9442.87,20.1,1706.18,0,,,,49.84107223,6.454519964,,,,
21398.262,11.59,56.24,23.22,9425.51,20.11,1705.92,0,,,,49.74371916,6.453061911,,,,
21407.271,11.59,56.241,23.22,9464.93,20.11,1709.48,0,,,,49.96478241,6.473026021,,,,
21416.26,11.58,56.241,23.23,9462.07,20.11,1709,0,,,,49.94874383,6.470334231,,,,
21425.204,11.58,56.239,23.23,9466.4,20.1,1709.36,0,,,,49.97302602,6.472353073,,,,
21435.318,11.58,56.239,23.23,9476.88,20.11,1712.68,0,,,,50.03179677,6.490971288,,,,
21444.267,11.58,56.239,23.23,9440.71,20.11,1713.34,0,,,,49.82895917,6.494672499,,,,
21453.279,11.59,56.238,23.23,9484.49,20.11,1716.06,0,,,,50.07447286,6.509925976,,,,
21462.244,11.59,56.237,23.23,9462.04,20.11,1716.7,0,,,,49.94857559,6.513515029,,,,
21471.332,11.58,56.234,23.23,9480.72,20.12,1720.64,0,,,,50.05333109,6.535610139,,,,
21480.27,11.59,56.232,23.24,9446.09,20.12,1719.2,0,,,,49.85912965,6.527534769,,,,
21489.266,11.59,56.232,23.24,9454.98,20.13,1721.59,0,,,,49.90898385,6.54093764,,,,
21498.238,11.58,56.233,23.24,9475.65,20.13,1724.32,0,,,,50.02489906,6.556247196,,,,
21507.326,11.59,56.233,23.24,9469.62,20.12,1723.34,0,,,,49.99108345,6.550751458,,,,
21516.278,11.59,56.235,23.24,9472.7,20.13,1725.83,0,,,,50.00835576,6.564715119,,,,
21525.292,11.59,56.234,23.25,9438.5,20.14,1725.55,0,,,,49.81656572,6.563144908,,,,
21534.234,11.58,56.233,23.25,9455.43,20.14,1727.63,0,,,,49.9115074,6.574809332,,,,
21543.321,11.62,56.232,23.25,9451.44,20.14,1729.15,0,,,,49.8891319,6.583333333,,,,
21552.326,11.63,56.232,23.25,9491.83,20.15,1732.03,0,,,,50.11563481,6.599484074,,,,
21562.284,11.63,56.233,23.25,9492.91,20.15,1733.41,0,,,,50.12169134,6.60722297,,,,
21571.25,11.63,56.23,23.25,9490.26,20.16,1735.81,0,,,,50.10683042,6.62068192,,,,
21580.358,11.64,56.23,23.26,9456.4,20.16,1735.14,0,,,,49.91694706,6.61692463,,,,
21589.324,11.63,56.23,23.26,9457.44,20.16,1735.48,0,,,,49.92277927,6.618831314,,,,
21598.329,11.63,56.228,23.26,9497.14,20.16,1740.21,0,,,,50.14541274,6.645356662,,,,
21607.271,11.63,56.231,23.26,9490.22,20.17,1742.24,0,,,,50.1066061,6.656740691,,,,
21616.372,11.63,56.228,23.27,9486.34,20.17,1741.63,0,,,,50.08484747,6.653319874,,,,
21625.34,11.64,56.226,23.26,9461.34,20.18,1741.48,0,,,,49.94465007,6.65247869,,,,
21634.31,11.64,56.226,23.27,9490.4,20.18,1744.26,0,,,,50.10761552,6.668068641,,,,
21643.284,11.63,56.224,23.27,9518.69,20.18,1745.09,0,,,,50.2662629,6.672723194,,,,
21652.392,11.64,56.224,23.27,9488.91,20.18,1746.24,0,,,,50.09925976,6.679172275,,,,
21661.341,11.63,56.223,23.27,9462.81,20.19,1746.79,0,,,,49.95289367,6.682256617,,,,
21670.326,11.64,56.222,23.27,9517.11,20.19,1748.6,0,,,,50.25740242,6.692406909,,,,
21679.313,11.65,56.221,23.28,9482.89,20.18,1749.97,0,,,,50.06550022,6.700089726,,,,
21688.404,11.63,56.22,23.28,9529.63,20.19,1752.71,0,,,,50.32761328,6.715455361,,,,
21698.365,11.65,56.22,23.28,9520.79,20.18,1753.34,0,,,,50.27803948,6.718988336,,,,
21707.352,11.64,56.218,23.28,9467.13,20.18,1747.65,0,,,,49.97711978,6.687079408,,,,
21716.314,11.64,56.219,23.28,9534.23,20.18,1754.5,0,,,,50.3534096,6.725493495,,,,
21725.398,11.64,56.219,23.28,9484.18,20.17,1750.82,0,,,,50.07273441,6.704856438,,,,
21735.37,11.65,56.218,23.29,9472.33,20.17,1751.22,0,,,,50.00628084,6.707099596,,,,
21744.375,11.64,56.218,23.29,9486.39,20.17,1753.35,0,,,,50.08512786,6.719044415,,,,
21753.33,11.63,56.218,23.29,9498.89,20.17,1756.17,0,,,,50.15522656,6.734858681,,,,
21762.399,11.63,56.218,23.29,9524.45,20.17,1761.62,0,,,,50.29856438,6.765421714,,,,
21772.394,11.64,56.217,23.29,9522.19,20.17,1763.48,0,,,,50.28589053,6.7758524,,,,
21781.37,11.64,56.217,23.29,9525.84,20.16,1764.49,0,,,,50.30635935,6.781516375,,,,
21790.351,11.64,56.216,23.29,9526.89,20.16,1742.36,0,,,,50.31224764,6.657413638,,,,
21799.419,11.64,56.215,23.29,9526.81,20.16,1763.84,0,,,,50.31179901,6.777871243,,,,
21809.423,11.64,56.214,23.29,9530.83,20.16,1758.51,0,,,,50.33434275,6.747981157,,,,
21818.401,11.64,56.214,23.29,9527.04,20.16,1763.55,0,,,,50.31308883,6.776244953,,,,
21827.354,11.63,56.214,23.29,9534.09,20.15,1760.22,0,,,,50.3526245,6.757570659,,,,
21836.446,11.64,56.214,23.3,9533.97,20.16,1737.15,0,,,,50.35195155,6.628196501,,,,
21846.408,11.69,56.212,23.3,9534.68,20.15,1759.81,0,,,,50.35593315,6.755271422,,,,
21855.397,11.69,56.211,23.29,9537.08,20.16,1758.05,0,,,,50.3693921,6.745401525,,,,
21864.372,11.7,56.21,23.3,9538.45,20.15,1739.12,0,,,,50.37707492,6.639244056,,,,
21873.424,11.69,56.21,23.3,9542.4,20.15,1760.37,0,,,,50.39922611,6.758411844,,,,
21883.443,11.69,56.208,23.3,9535.94,20.15,1755.83,0,,,,50.3629991,6.732951996,,,,
21892.387,11.69,56.208,23.3,9539.95,20.15,1738.67,0,,,,50.38548677,6.636720502,,,,
21901.369,11.69,56.206,23.3,9539.27,20.14,1757.93,0,,,,50.3816734,6.744728578,,,,
21910.466,11.69,56.207,23.3,9539.77,20.15,1741.18,0,,,,50.38447734,6.650796321,,,,
21919.464,11.69,56.207,23.3,9539.42,20.14,1755.67,0,,,,50.38251458,6.732054733,,,,
21928.414,11.69,56.206,23.3,9547.2,20.15,1758.42,0,,,,50.42614401,6.747476447,,,,
21937.393,11.69,56.206,23.3,9546.53,20.15,1760.4,0,,,,50.42238672,6.758580081,,,,
21946.47,11.69,56.205,23.3,9551.5,20.15,1746.72,0,,,,50.45025796,6.681864065,,,,
21955.476,11.69,56.204,23.3,9552.53,20.15,1759.83,0,,,,50.4560341,6.75538358,,,,
21965.395,11.69,56.202,23.3,9546.6,20.15,1761.92,0,,,,50.42277927,6.767104083,,,,
21974.398,11.69,56.204,23.3,9555.18,20.15,1760.96,0,,,,50.47089502,6.761720502,,,,
21983.489,11.69,56.203,23.3,9551.57,20.15,1750.08,0,,,,50.45065052,6.700706595,,,,
21992.474,11.69,56.201,23.31,9552.96,20.15,1763.36,0,,,,50.45844549,6.775179453,,,,
22002.453,11.69,56.2,23.31,9560.23,20.15,1763.89,0,,,,50.49921489,6.778151638,,,,
22011.406,11.68,56.199,23.31,9552.47,20.14,1754.04,0,,,,50.45569762,6.722913863,,,,
22020.492,11.69,56.2,23.31,9561.96,20.14,1758.46,0,,,,50.50891655,6.747700763,,,,
22029.474,11.75,56.198,23.31,9565.69,20.14,1760.23,0,,,,50.52983401,6.757626738,,,,
22039.462,11.75,56.197,23.31,9582.21,20.14,1759.87,0,,,,50.62247645,6.755607896,,,,
22048.46,11.75,56.196,23.31,9570.01,20.14,1758.49,0,,,,50.55406012,6.747869,,,,
22057.396,11.74,56.198,23.3,9538.5,20.14,1757.95,0,,,,50.37735532,6.744840736,,,,
22066.507,11.74,56.197,23.31,9584,20.14,1762.69,0,,,,50.63251458,6.771422162,,,,
22076.468,11.73,56.199,23.31,9557.92,20.14,1762.57,0,,,,50.48626066,6.770749215,,,,
22085.461,11.74,56.195,23.31,9522.57,20.14,1760.97,0,,,,50.28802153,6.761776581,,,,
22094.533,11.74,56.197,23.3,9527.41,20.14,1760.18,0,,,,50.31516375,6.757346344,,,,
22103.521,11.74,56.196,23.31,9536.25,20.14,1762.74,0,,,,50.36473755,6.771702557,,,,
22113.488,11.75,56.196,23.31,9571.28,20.15,1767.03,0,,,,50.56118214,6.795760431,,,,
22122.461,11.74,56.195,23.31,9527.93,20.14,1764.61,0,,,,50.31807986,6.782189323,,,,
22131.538,11.75,56.196,23.31,9593.45,20.14,1768.53,0,,,,50.6855092,6.804172275,,,,
22140.516,11.74,56.194,23.31,9592.06,20.14,1769.35,0,,,,50.67771422,6.808770749,,,,
22150.502,11.74,56.193,23.31,9537.79,20.13,1766.21,0,,,,50.37337371,6.791161956,,,,
22159.476,11.74,56.193,23.31,9535.16,20.13,1767.13,0,,,,50.35862494,6.79632122,,,,
22168.466,11.75,56.192,23.31,9574.72,20.13,1769.61,0,,,,50.58047331,6.810228802,,,,
22177.527,11.75,56.191,23.31,9588.34,20.13,1772.37,0,,,,50.65685285,6.825706595,,,,
22187.514,11.74,56.191,23.3,9540.76,20.13,1769.04,0,,,,50.39002916,6.807032301,,,,
22196.49,11.73,56.19,23.31,9597.13,20.13,1773.85,0,,,,50.70614625,6.834006281,,,,
22205.57,11.74,56.19,23.31,9567.68,20.12,1772.17,0,,,,50.54099372,6.824585016,,,,
22215.542,11.8,56.19,23.31,9559.51,20.12,1773.11,0,,,,50.49517721,6.829856438,,,,
22224.518,11.8,56.188,23.31,9586.27,20.12,1777,0,,,,50.6452445,6.851671153,,,,
22233.511,11.8,56.187,23.31,9586.92,20.12,1777.68,0,,,,50.64888964,6.855484522,,,,
22242.553,11.8,56.186,23.31,9600.24,20.12,1776.17,0,,,,50.72358681,6.847016599,,,,
22252.565,11.79,56.188,23.31,9581.01,20.12,1778,0,,,,50.61574697,6.857279049,,,,
22261.538,11.8,56.188,23.31,9592.29,20.11,1780.61,0,,,,50.67900404,6.871915657,,,,
22270.509,11.8,56.186,23.31,9598.27,20.12,1781.11,0,,,,50.71253926,6.874719605,,,,
22279.498,11.8,56.187,23.31,9576.93,20.12,1782.37,0,,,,50.59286676,6.881785554,,,,
22288.575,11.8,56.187,23.31,9561.73,20.11,1782.37,0,,,,50.50762674,6.881785554,,,,
22298.557,11.8,56.184,23.31,9564.86,20.11,1783.17,0,,,,50.52517945,6.886271871,,,,
22307.513,11.8,56.185,23.31,9600.23,20.12,1785.41,0,,,,50.72353073,6.898833558,,,,
22316.498,11.79,56.184,23.31,9567.54,20.11,1784.35,0,,,,50.54020861,6.892889188,,,,
22325.586,11.8,56.184,23.31,9581.65,20.11,1785.5,0,,,,50.61933603,6.899338268,,,,
22335.544,11.79,56.184,23.3,9568.25,20.11,1786.34,0,,,,50.54419022,6.904048901,,,,
22344.535,11.8,56.18,23.3,9598.01,20.11,1791.52,0,,,,50.7110812,6.933097802,,,,
22353.609,11.8,56.18,23.3,9577.35,20.1,1791.13,0,,,,50.59522207,6.930910722,,,,
22363.607,11.79,56.182,23.31,9602.4,20.1,1794.15,0,,,,50.73569987,6.947846568,,,,
22372.594,11.79,56.182,23.31,9575.64,20.1,1792,0,,,,50.58563257,6.935789592,,,,
22381.588,11.8,56.179,23.3,9576.45,20.1,1793.95,0,,,,50.59017497,6.946724989,,,,
22390.642,11.8,56.179,23.3,9606.35,20.1,1795.1,0,,,,50.75785105,6.953174069,,,,
22399.606,11.79,56.178,23.3,9580.09,20.1,1796.52,0,,,,50.61058771,6.961137281,,,,
22409.592,11.85,56.179,23.31,9582.17,20.1,1798.14,0,,,,50.62225213,6.970222073,,,,
22418.568,11.85,56.178,23.3,9582.87,20.1,1798.16,0,,,,50.62617766,6.970334231,,,,
22427.53,11.85,56.177,23.3,9602.74,20.1,1799.66,0,,,,50.73760655,6.978746074,,,,
22436.623,11.85,56.177,23.3,9588.67,20.09,1799.92,0,,,,50.65870345,6.980204127,,,,
22446.628,11.85,56.176,23.3,9604.2,20.09,1802.66,0,,,,50.74579408,6.995569762,,,,
22455.584,11.85,56.176,23.3,9603.14,20.09,1801.88,0,,,,50.73984971,6.991195603,,,,
22464.563,11.85,56.175,23.3,9608.05,20.09,1802.96,0,,,,50.76738448,6.997252131,,,,
22474.624,11.84,56.175,23.3,9604.75,20.09,1805.53,0,,,,50.74887842,7.011664424,,,,
22483.619,11.85,56.174,23.3,9608.72,20.08,1805.12,0,,,,50.77114177,7.009365186,,,,
22492.578,11.85,56.175,23.3,9609.62,20.08,1807.71,0,,,,50.77618887,7.023889637,,,,
22501.566,11.85,56.174,23.3,9599.98,20.08,1808.9,0,,,,50.72212876,7.030563033,,,,
22510.641,11.84,56.172,23.29,9603.77,20.08,1809.66,0,,,,50.74338268,7.034825034,,,,
22520.635,11.84,56.172,23.3,9605.08,20.08,1809.91,0,,,,50.75072903,7.036227008,,,,
22529.62,11.85,56.173,23.3,9602.23,20.08,1812.38,0,,,,50.73474652,7.050078511,,,,
22538.59,11.85,56.172,23.29,9609.22,20.07,1813.39,0,,,,50.77394572,7.055742485,,,,
22547.664,11.85,56.172,23.29,9608.69,20.08,1814.35,0,,,,50.77097353,7.061126066,,,,
22557.634,11.85,56.17,23.29,9608.54,20.08,1815.45,0,,,,50.77013235,7.067294751,,,,
22566.621,11.85,56.171,23.29,9613.08,20.08,1817.25,0,,,,50.79559219,7.077388964,,,,
22575.624,11.84,56.17,23.29,9609.58,20.08,1817.61,0,,,,50.77596456,7.079407806,,,,
22584.693,11.84,56.169,23.29,9612.61,20.08,1819.31,0,,,,50.79295648,7.088941229,,,,
22594.647,11.84,56.169,23.29,9613.16,20.08,1819.91,0,,,,50.79604083,7.092305967,,,,
22603.63,11.84,56.167,23.29,9614.58,20.07,1820.82,0,,,,50.80400404,7.097409152,,,,
22612.636,11.84,56.17,23.29,9615.14,20.08,1822.22,0,,,,50.80714446,7.105260206,,,,
22621.68,11.86,56.168,23.29,9618.66,20.08,1824.75,0,,,,50.82688425,7.119448183,,,,
22631.673,11.85,56.167,23.28,9617.5,20.08,1824.14,0,,,,50.82037909,7.116027367,,,,
22640.641,11.85,56.166,23.29,9618.73,20.08,1827.49,0,,,,50.82727681,7.134813818,,,,
22649.654,11.85,56.166,23.29,9619.97,20.08,1825.82,0,,,,50.8342306,7.125448632,,,,
22658.712,11.84,56.165,23.29,9624.02,20.08,1826.32,0,,,,50.85694258,7.12825258,,,,
22668.659,11.85,56.165,23.29,9624.17,20.08,1826.87,0,,,,50.85778376,7.131336922,,,,
22677.664,11.84,56.163,23.29,9622.79,20.07,1828.85,0,,,,50.85004486,7.142440556,,,,
22686.639,11.84,56.163,23.29,9625.5,20.07,1827.52,0,,,,50.86524226,7.134982055,,,,
22695.72,11.84,56.164,23.29,9628.41,20.08,1828.07,0,,,,50.88156124,7.138066397,,,,
22705.701,,56.162,23.29,9636.68,20.08,1834.62,0,,,,50.92793854,7.174798116,,,,
22714.648,11.84,56.163,23.29,9642.74,20.08,1834.62,0,,,,50.96192239,7.174798116,,,,
22723.642,11.85,56.163,23.29,9645.22,20.08,1835.83,0,,,,50.97582997,7.18158367,,,,
22732.752,11.84,56.162,23.29,9643.56,20.07,1828.62,0,,,,50.96652086,7.14115074,,,,
22742.709,11.83,56.161,23.28,9642.82,20.08,1814.14,0,,,,50.96237102,7.059948407,,,,
22751.73,11.85,56.161,23.29,9643.59,20.07,1803.25,0,,,,50.9666891,6.998878421,,,,
22761.638,11.84,56.16,23.29,9644.54,20.07,1816.66,0,,,,50.9720166,7.074080305,,,,
22770.728,11.86,56.16,23.29,9647.49,20.07,1819.39,0,,,,50.98855989,7.089389861,,,,
22779.713,11.84,56.158,23.28,9649.31,20.07,1823.18,0,,,,50.99876626,7.110643786,,,,
22788.705,11.84,56.159,23.28,9650.52,20.07,1813.11,0,,,,51.00555182,7.054172275,,,,
22798.674,11.85,56.158,23.29,9650.92,20.05,1832.2,0,,,,51.00779498,7.161227008,,,,
22808.745,11.85,56.157,23.29,9651.02,20.05,1814.65,0,,,,51.00835576,7.062808434,,,,
22817.776,,56.155,23.29,9653.38,20.05,1830.98,0,,,,51.0215904,7.154385375,,,,
22826.726,11.88,56.157,23.29,9656.61,20.05,1822.25,0,,,,51.0397039,7.105428443,,,,
22835.686,11.88,56.155,23.29,9656.3,20.06,1828.52,0,,,,51.03796546,7.140589951,,,,
22845.771,11.89,56.154,23.29,9657.1,20.06,1827.58,0,,,,51.04245177,7.135318528,,,,
22854.748,11.89,56.154,23.29,9656.8,20.06,1819.68,0,,,,51.0407694,7.091016151,,,,
22863.704,11.88,56.153,23.29,9661.96,20.06,1792.43,0,,,,51.06970615,6.938200987,,,,
22872.712,11.88,56.152,23.29,9662.77,20.06,1826.4,0,,,,51.07424854,7.128701211,,,,
22881.795,11.88,56.153,23.29,9664.05,20.06,1828.61,0,,,,51.08142665,7.141094661,,,,
22890.768,11.88,56.151,23.29,9663.25,20.06,1827.08,0,,,,51.07694033,7.132514581,,,,
22899.729,11.88,56.152,23.29,9663.9,20.07,1810.81,0,,,,51.08058546,7.041274114,,,,
22908.73,11.88,56.152,23.29,9665.27,20.07,1829.89,0,,,,51.08826828,7.148272768,,,,
22917.811,11.88,56.151,23.29,9668.27,20.08,1831.87,0,,,,51.10509197,7.159376402,,,,
22927.743,11.89,56.151,23.29,9664.68,20.08,1828.16,0,,,,51.08495962,7.138571108,,,,
22936.74,11.88,56.15,23.3,9666.22,20.08,1810.96,0,,,,51.09359578,7.042115298,,,,
22945.753,11.88,56.15,23.3,9670.16,20.08,1835.47,0,,,,51.11569089,7.179564827,,,,
22954.841,11.87,56.149,23.3,9672.19,20.09,1836.86,0,,,,51.12707492,7.187359803,,,,
22964.789,11.89,56.148,23.29,9671.14,20.09,1827.8,0,,,,51.12118663,7.136552266,,,,
22973.756,11.89,56.148,23.3,9668.6,20.09,1818.44,0,,,,51.10694258,7.08406236,,,,
22982.755,11.88,56.147,23.3,9663.8,20.09,1812.42,0,,,,51.08002467,7.050302826,,,,
22991.83,11.88,56.147,23.3,9663.64,20.09,1825.04,0,,,,51.07912741,7.121074473,,,,
23001.832,11.89,56.145,23.3,9668.79,20.09,1824.79,0,,,,51.10800808,7.119672499,,,,
23011.789,11.94,56.145,23.3,9665.39,20.09,1819.61,0,,,,51.08894123,7.090623598,,,,
23020.748,11.94,56.144,23.3,9666.34,20.09,1835.17,0,,,,51.09426873,7.177882459,,,,
23030.825,11.93,56.144,23.3,9670.91,20.09,1835.01,0,,,,51.11989681,7.176985195,,,,
23040.79,11.93,56.144,23.3,9672.96,20.1,1835.07,0,,,,51.131393,7.177321669,,,,
23049.789,11.93,56.144,23.31,9675.44,20.11,1834.95,0,,,,51.14530058,7.176648721,,,,
23058.79,11.93,56.143,23.3,9673.82,20.11,1836.55,0,,,,51.13621579,7.185621355,,,,
23067.84,11.92,56.142,23.3,9673.43,20.11,1836.11,0,,,,51.13402871,7.183153881,,,,
23077.839,11.93,56.142,23.3,9676.86,20.12,1836.88,0,,,,51.1532638,7.187471961,,,,
23086.814,11.93,56.14,23.31,9676.34,20.11,1838.93,0,,,,51.15034769,7.198968147,,,,
23096.783,11.94,56.139,23.31,9679.35,20.12,1839.26,0,,,,51.16722746,7.200818753,,,,
23106.86,11.94,56.139,23.3,9682.16,20.12,1839.92,0,,,,51.18298564,7.204519964,,,,
23116.839,11.93,56.14,23.31,9679.62,20.12,1841.96,0,,,,51.16874159,7.215960072,,,,
23126.784,11.94,56.138,23.31,9681.67,20.12,1841.57,0,,,,51.18023777,7.213772992,,,,
23135.781,11.94,56.137,23.31,9683.07,20.13,1843.03,0,,,,51.18808883,7.22196052,,,,
23145.876,11.93,56.137,23.31,9684.15,20.13,1843.96,0,,,,51.19414536,7.227175864,,,,
23154.84,11.94,56.138,23.31,9687.68,20.14,1845.67,0,,,,51.21394123,7.236765366,,,,
23163.803,11.94,56.137,23.31,9689.17,20.14,1845.82,0,,,,51.22229699,7.23760655,,,,
23172.806,11.93,56.139,23.31,9687.25,20.14,1847.52,0,,,,51.21152983,7.247139973,,,,
23182.882,11.93,56.139,23.31,9691.91,20.14,1849.56,0,,,,51.23766263,7.258580081,,,,
23192.855,11.93,56.138,23.31,9690.5,20.14,1850.92,0,,,,51.2297555,7.266206819,,,,
23201.805,11.98,56.137,23.31,9690.49,20.14,1852.72,0,,,,51.22969942,7.276301032,,,,
23210.804,11.99,56.137,23.32,9692.62,20.15,1854.01,0,,,,51.24164424,7.283535218,,,,
23219.904,11.99,56.136,23.31,9694.73,20.15,1856.43,0,,,,51.2534769,7.297106326,,,,
23229.889,11.99,56.134,23.32,9696.62,20.14,1857.56,0,,,,51.26407582,7.303443248,,,,
23238.862,11.98,56.136,23.32,9697.45,20.14,1858.86,0,,,,51.26873037,7.310733513,,,,
23248.821,11.98,56.136,23.32,9704.18,20.13,1860.83,0,,,,51.30647151,7.321781068,,,,
23257.9,11.99,56.134,23.32,9702.69,20.13,1864.17,0,,,,51.29811575,7.34051144,,,,
23266.885,11.99,56.134,23.32,9695.64,20.13,1864.4,0,,,,51.25858008,7.341801256,,,,
23275.835,11.99,56.133,23.32,9706.33,20.12,1867.36,0,,,,51.31852849,7.358400628,,,,
23285.857,11.98,56.132,23.32,9705.69,20.12,1868.94,0,,,,51.31493943,7.367261104,,,,
23294.922,11.98,56.132,23.32,9708.38,20.12,1870.33,0,,,,51.33002467,7.375056079,,,,
23303.857,11.98,56.131,23.32,9702.03,20.11,1871.21,0,,,,51.29441454,7.379991027,,,,
23312.87,11.99,56.13,23.32,9699.03,20.12,1873.04,0,,,,51.27759085,7.390253477,,,,
23322.868,11.99,56.13,23.32,9701.24,20.12,1874.03,0,,,,51.2899843,7.395805294,,,,
23331.912,11.99,56.129,23.32,9711.42,20.11,1875.18,0,,,,51.34707268,7.402254374,,,,
23340.906,11.98,56.129,23.32,9704.59,20.11,1878.12,0,,,,51.30877075,7.418741588,,,,
23349.894,11.99,56.129,23.32,9718.34,20.11,1878.72,0,,,,51.38587932,7.422106326,,,,
23358.838,11.99,56.126,23.32,9715.43,20.11,1880.77,0,,,,51.36956034,7.433602512,,,,
23367.935,11.99,56.125,23.32,9710.62,20.11,1883.48,0,,,,51.34258636,7.44879991,,,,
23376.886,11.99,56.124,23.32,9722.75,20.11,1883.26,0,,,,51.41061014,7.447566173,,,,
23385.883,11.99,56.122,23.31,9718.41,20.1,1885.57,0,,,,51.38627187,7.460520413,,,,
23394.879,11.99,56.123,23.32,9707.14,20.1,1886.77,0,,,,51.32307088,7.467249888,,,,
23403.93,11.98,56.122,23.32,9724.07,20.1,1887.79,0,,,,51.41801256,7.472969942,,,,
23413.94,11.98,56.122,23.31,9715.62,20.1,1887.61,0,,,,51.37062584,7.47196052,,,,
23422.96,11.99,56.121,23.32,9729.72,20.09,1889.16,0,,,,51.44969717,7.480652759,,,,
23431.901,12.03,56.12,23.31,9716.58,20.09,1890.18,0,,,,51.37600942,7.486372813,,,,
23440.964,12.02,56.119,23.32,9720.44,20.08,1892.49,0,,,,51.3976559,7.499327052,,,,
23450.928,12.04,56.12,23.31,9732.66,20.08,1893.53,0,,,,51.46618439,7.505159264,,,,
23459.902,12.04,56.119,23.31,9713.79,20.08,1892.43,0,,,,51.36036339,7.498990579,,,,
23468.885,12.04,56.119,23.31,9735.17,20.07,1895.37,0,,,,51.48026021,7.515477793,,,,
23477.979,12.04,56.118,23.32,9707.62,20.07,1896.65,0,,,,51.32576267,7.5226559,,,,
23487.933,12.03,56.118,23.31,9721.4,20.07,1898.85,0,,,,51.40303948,7.534993271,,,,
23496.913,12.04,56.117,23.31,9741.4,20.07,1901.25,0,,,,51.5151974,7.548452221,,,,
23505.91,12.04,56.117,23.31,9732.78,20.07,1902.37,0,,,,51.46685734,7.554733064,,,,
23515.978,12.04,56.117,23.31,9726.17,20.07,1904.25,0,,,,51.42978914,7.565275908,,,,
23524.929,12.04,56.115,23.31,9746.67,20.07,1905.25,0,,,,51.54475101,7.570883804,,,,
23533.938,12.04,56.113,23.31,9713.04,20.07,1905.34,0,,,,51.35615747,7.571388515,,,,
23542.913,12.03,56.116,23.31,9727.87,20.07,1906.55,0,,,,51.43932257,7.578174069,,,,
23552.004,12.04,56.115,23.31,9735.45,20.07,1908.81,0,,,,51.48183042,7.590847914,,,,
23561.98,12.03,56.113,23.31,9716.53,20.06,1906.62,0,,,,51.37572903,7.578566622,,,,
23570.962,12.04,56.113,23.31,9736.9,20.06,1907.32,0,,,,51.48996187,7.582492149,,,,
23579.94,12.04,56.115,23.31,9718.89,20.06,1906.31,0,,,,51.38896366,7.576828174,,,,
23589.013,12.04,56.112,23.31,9716.16,20.06,1905.99,0,,,,51.3736541,7.575033647,,,,
23597.992,12.03,56.112,23.31,9721.72,20.05,1906.16,0,,,,51.40483401,7.57598699,,,,
23606.978,12.04,56.112,23.31,9722.84,20.05,1907.46,0,,,,51.41111485,7.583277254,,,,
23615.955,12.04,56.113,23.31,9719.21,20.06,1905.79,0,,,,51.39075819,7.573912068,,,,
23625.034,,56.111,23.31,9718.57,20.06,1906.15,0,,,,51.38716913,7.575930911,,,,
23635.009,12.09,56.11,23.31,9742.46,20.06,1908.46,0,,,,51.52114177,7.58888515,,,,
23643.995,12.09,56.11,23.3,9748.96,20.06,1909.41,0,,,,51.55759309,7.594212651,,,,
23652.972,12.09,56.109,23.3,9757.53,20.06,1916.87,0,,,,51.60565276,7.636047555,,,,
23661.919,12.08,56.109,23.3,9753.9,20.06,1915.91,0,,,,51.5852961,7.630663975,,,,
23671.034,12.09,56.108,23.3,9756.47,20.05,1916.57,0,,,,51.59970839,7.634365186,,,,
23680.002,12.1,56.107,23.3,9757.96,20.05,1909.17,0,,,,51.60806415,7.592866756,,,,
23688.973,12.09,56.107,23.31,9764.12,20.05,1916.49,0,,,,51.64260879,7.633916555,,,,
23697.948,12.09,56.108,23.3,9763.39,20.05,1917.14,0,,,,51.63851503,7.637561687,,,,
23707.039,12.09,56.106,23.3,9763.16,20.05,1907.7,0,,,,51.63722521,7.584623149,,,,
23717.006,12.09,56.105,23.3,9758.22,20.04,1915.84,0,,,,51.60952221,7.630271422,,,,
23725.99,12.09,56.105,23.3,9765.15,20.04,1913.7,0,,,,51.64838493,7.618270525,,,,
23734.97,12.09,56.106,23.3,9763.63,20.03,1905.04,0,,,,51.63986092,7.569706146,,,,
23744.052,12.09,56.105,23.3,9762.2,20.03,1913.42,0,,,,51.63184163,7.616700314,,,,
23754.01,12.09,56.105,23.3,9766.23,20.03,1912.97,0,,,,51.65444145,7.614176761,,,,
23763.008,12.09,56.103,23.3,9766.25,20.03,1910.86,0,,,,51.65455361,7.6023441,,,,
23772.08,12.1,56.105,23.3,9771.07,20.03,1889.83,0,,,,51.68158367,7.484410049,,,,
23781.045,12.09,56.104,23.3,9766.61,20.02,1911.11,0,,,,51.65657245,7.603746074,,,,
23790.039,12.08,56.103,23.3,9767.88,20.03,1898.71,0,,,,51.66369448,7.534208165,,,,
23800.004,12.08,56.105,23.3,9766.81,20.02,1907.74,0,,,,51.65769403,7.584847465,,,,
23808.99,12.08,56.102,23.3,9773.92,20.02,1900.73,0,,,,51.69756617,7.545536115,,,,
23818.082,12.09,56.103,23.3,9770.22,20.02,1903.49,0,,,,51.67681696,7.561013908,,,,
23828.048,12.08,56.104,23.3,9776.79,20.02,1888.35,0,,,,51.71366083,7.476110363,,,,
23837.036,12.09,56.103,23.3,9768.35,20.02,1901.98,0,,,,51.66633019,7.552545985,,,,
23846.024,12.08,56.102,23.29,9774.32,20.02,1907.52,0,,,,51.69980933,7.583613728,,,,
23855.071,12.09,56.103,23.3,9778.48,20.02,1909.82,0,,,,51.72313818,7.596511889,,,,
23865.078,12.09,56.103,23.29,9776.63,20.01,1903.62,0,,,,51.71276357,7.561742934,,,,
23874.065,12.08,56.102,23.3,9782.3,20.02,1882.85,0,,,,51.74456034,7.445266936,,,,
23883.018,12.08,56.102,23.29,9783.1,20.01,1908.18,0,,,,51.74904666,7.587314939,,,,
23892.086,12.09,56.103,23.29,9778.05,20.01,1910.11,0,,,,51.72072678,7.598138179,,,,
23902.086,12.09,56.103,23.29,9782.68,20.01,1910.41,0,,,,51.74669134,7.599820547,,,,
23911.041,12.08,56.103,23.29,9779.13,20.01,1903.97,0,,,,51.72678331,7.563705698,,,,
23920.108,12.08,56.101,23.29,9782.4,20.01,1911.36,0,,,,51.74512113,7.605148048,,,,
23929.134,12.09,56.102,23.29,9776.31,20.01,1910.81,0,,,,51.71096904,7.602063706,,,,
23939.061,12.09,56.1,23.29,9784.14,20.01,1903.86,0,,,,51.75487887,7.563088829,,,,
23948.047,12.09,56.103,23.3,9742.26,20.01,1900.2,0,,,,51.52002019,7.54256393,,,,
23957.05,12.08,56.101,23.29,9776.21,20.02,1905.1,0,,,,51.71040825,7.57004262,,,,
23966.121,12.09,56.102,23.29,9761.77,20.01,1904.46,0,,,,51.62943024,7.566453567,,,,
23976.089,12.09,56.102,23.29,9812.46,20.01,1911.8,0,,,,51.91369448,7.607615523,,,,
23985.091,12.09,56.101,23.29,9740.36,20.01,1907.75,0,,,,51.50936519,7.584903544,,,,
23994.063,12.09,56.102,23.29,9799.87,20.01,1911.6,0,,,,51.84309107,7.606493943,,,,
24003.183,12.13,56.103,23.29,9744.17,20.01,1909.8,0,,,,51.53073127,7.596399731,,,,
24013.101,12.12,56.103,23.29,9744.75,20.01,1910.01,0,,,,51.53398385,7.597577389,,,,
24022.112,12.13,56.102,23.29,9782.36,20.01,1914.61,0,,,,51.74489681,7.62337371,,,,
24031.087,12.13,56.102,23.29,9819.36,20.02,1918.32,0,,,,51.95238896,7.644179004,,,,
24040.152,12.13,56.102,23.29,9807.59,20.02,1918.96,0,,,,51.88638403,7.647768057,,,,
24050.144,12.13,56.104,23.29,9786.02,20.03,1915.89,0,,,,51.76542171,7.630551817,,,,
24059.099,12.13,56.104,23.29,9746.87,20.03,1916.51,0,,,,51.54587259,7.634028712,,,,
24068.103,12.12,56.103,23.29,9823.04,20.03,1921.19,0,,,,51.97302602,7.660273665,,,,
24077.172,12.13,56.103,23.28,9805.35,20.03,1918.55,0,,,,51.87382234,7.64546882,,,,
24087.145,12.12,56.104,23.29,9751.18,20.04,1916.41,0,,,,51.57004262,7.633467923,,,,
24096.121,12.13,56.103,23.29,9753.81,20.04,1919.81,0,,,,51.58479139,7.652534769,,,,
24105.107,12.12,56.103,23.29,9749.51,20.04,1919.34,0,,,,51.56067743,7.649899058,,,,
24114.166,12.14,56.103,23.29,9782.46,20.04,1922.58,1,,,,51.7454576,7.668068641,,,,
24124.168,12.13,56.104,23.29,9809.9,20.04,1926.87,0,,,,51.89933827,7.692126514,,,,
24133.138,12.14,56.105,23.28,9754.29,20.05,1924.87,0,,,,51.58748318,7.680910722,,,,
24142.108,12.15,56.105,23.28,9767.27,20.05,1927.85,0,,,,51.66027367,7.697622252,,,,
24151.187,12.14,56.105,23.28,9809.6,20.05,1932.14,0,,,,51.8976559,7.721680126,,,,
24161.176,12.14,56.105,23.29,9767.83,20.05,1929.5,0,,,,51.66341409,7.70687528,,,,
24170.151,12.14,56.104,23.29,9777.6,20.05,1930.74,0,,,,51.71820323,7.713829071,,,,
24179.1,12.13,56.104,23.29,9774.26,20.05,1934.91,0,,,,51.69947286,7.737213997,,,,
24188.21,12.14,56.104,23.29,9821.69,20.05,1939.43,0,,,,51.96545536,7.762561687,,,,
24198.181,12.15,56.105,23.29,9762.94,20.05,1935.36,0,,,,51.63599148,7.73973755,,,,
24207.155,12.15,56.106,23.29,9828.51,20.06,1940.3,0,,,,52.00370121,7.767440556,,,,
24216.131,12.15,56.107,23.29,9775.69,20.06,1938.94,0,,,,51.70749215,7.759813818,,,,
24225.216,12.14,56.106,23.29,9833.91,20.06,1944.05,0,,,,52.03398385,7.788470166,,,,
24235.216,12.14,56.106,23.29,9823.33,20.06,1946.13,0,,,,51.97465231,7.80013459,,,,
24244.15,12.14,56.107,23.29,9823.09,20.06,1949.19,0,,,,51.97330642,7.817294751,,,,
24253.136,12.13,56.106,23.29,9801.25,20.06,1945.02,0,,,,51.85082997,7.793909825,,,,
24262.246,12.14,56.106,23.29,9840.51,20.06,1950.64,0,,,,52.07099596,7.8254262,,,,
24272.18,12.14,56.107,23.29,9834.12,20.06,1952.65,0,,,,52.03516151,7.836698071,,,,
24281.21,12.14,56.107,23.29,9837.53,20.06,1952.33,0,,,,52.05428443,7.834903544,,,,
24290.164,12.14,56.108,23.29,9814.06,20.07,1952.44,0,,,,51.92266712,7.835520413,,,,
24299.241,,56.108,23.29,9818,20.07,1954.59,0,,,,51.94476223,7.847577389,,,,
24309.209,12.19,56.108,23.29,9781.55,20.07,1951.93,0,,,,51.74035442,7.832660386,,,,
24318.182,12.19,56.11,23.29,9783.69,20.07,1953.58,0,,,,51.75235532,7.841913414,,,,
24327.2,12.19,56.11,23.29,9842,20.07,1958.32,0,,,,52.07935173,7.868494841,,,,
24336.252,12.19,56.109,23.29,9795.63,20.08,1956.22,0,,,,51.81931359,7.856718259,,,,
24346.203,12.19,56.11,23.29,9799.22,20.08,1955.81,0,,,,51.83944594,7.854419022,,,,
24355.2,12.19,56.109,23.3,9823.47,20.09,1959.16,0,,,,51.97543742,7.873205473,,,,
24364.192,12.19,56.11,23.3,9790.74,20.09,1959.88,0,,,,51.79189098,7.877243158,,,,
24373.258,12.18,56.112,23.3,9791.76,20.1,1959.67,0,,,,51.79761104,7.8760655,,,,
24383.242,12.18,56.111,23.29,9846.85,20.1,1964.18,0,,,,52.10655002,7.901357111,,,,
24392.232,12.19,56.111,23.29,9822.22,20.1,1965.93,0,,,,51.96842755,7.911170929,,,,
24401.18,12.19,56.111,23.3,9796.57,20.11,1964.22,0,,,,51.82458502,7.901581427,,,,
24410.284,12.19,56.112,23.3,9835.16,20.11,1969.36,0,,,,52.04099372,7.930406012,,,,
24420.254,12.19,56.111,23.3,9848.06,20.11,1969.2,0,,,,52.11333558,7.929508748,,,,
24429.216,12.2,56.113,23.3,9849.23,20.11,1967.67,0,,,,52.11989681,7.920928668,,,,
24438.198,12.2,56.113,23.3,9820.92,20.11,1969.06,0,,,,51.96113728,7.928723643,,,,
24447.271,12.18,56.112,23.3,9841.35,20.11,1970.01,0,,,,52.07570659,7.934051144,,,,
24457.251,12.18,56.114,23.3,9846.16,20.12,1971.28,0,,,,52.10268057,7.941173172,,,,
24466.243,12.19,56.114,23.3,9833.5,20.12,1972.67,0,,,,52.03168461,7.948968147,,,,
24475.253,12.19,56.113,23.3,9818.44,20.13,1971.02,0,,,,51.9472297,7.939715119,,,,
24484.363,12.19,56.115,23.31,9860.45,20.13,1973.79,0,,,,52.18281741,7.955248991,,,,
24494.265,12.19,56.115,23.3,9814.33,20.14,1971.09,0,,,,51.92418125,7.940107672,,,,
24503.264,,56.116,23.3,9861.83,20.14,1975.18,0,,,,52.1905563,7.963043966,,,,
24512.241,12.25,56.115,23.31,9853.3,20.14,1972.43,0,,,,52.14272095,7.947622252,,,,
24521.325,12.25,56.117,23.31,9860.47,20.14,1972.74,0,,,,52.18292956,7.9493607,,,,
24531.303,12.26,56.117,23.31,9830.18,20.14,1972.43,0,,,,52.0130664,7.947622252,,,,
24540.269,12.25,56.118,23.31,9819.37,20.13,1969.3,0,,,,51.95244504,7.930069538,,,,
24549.25,12.25,56.119,23.31,9859.42,20.12,1973.09,0,,,,52.17704127,7.951323463,,,,
24558.305,12.24,56.12,23.31,9823.22,20.12,1971.48,0,,,,51.97403544,7.942294751,,,,
24568.325,12.24,56.122,23.32,9859.36,20.12,1978.96,0,,,,52.1767048,7.984241812,,,,
24577.312,12.24,56.12,23.31,9860.99,20.12,1978.34,0,,,,52.18584567,7.980764917,,,,
24586.277,12.24,56.123,23.32,9863.07,20.12,1980.06,0,,,,52.19751009,7.990410498,,,,
24595.33,12.24,56.122,23.32,9862.67,20.12,1976.22,0,,,,52.19526694,7.968876178,,,,
24605.327,12.24,56.123,23.31,9867.14,20.13,1943.7,0,,,,52.22033423,7.786507402,,,,
24614.316,12.25,56.123,23.32,9863.49,20.13,1979.85,0,,,,52.19986541,7.98923284,,,,
24623.249,12.26,56.125,23.32,9867.65,20.12,1977.51,0,,,,52.22319426,7.976110363,,,,
24632.344,12.24,56.126,23.32,9864.91,20.12,1957.76,0,,,,52.20782862,7.865354419,,,,
24642.321,12.24,56.126,23.32,9868.45,20.12,1979.16,0,,,,52.22768057,7.985363392,,,,
24651.297,12.25,56.126,23.32,9867.94,20.12,1978.06,0,,,,52.22482055,7.979194706,,,,
24660.304,12.24,56.128,23.33,9867.51,20.13,1959.61,0,,,,52.22240915,7.875729026,,,,
24669.357,12.23,56.128,23.32,9871.36,20.13,1978.67,0,,,,52.24399955,7.982615523,,,,
24679.342,12.24,56.127,23.32,9874.27,20.13,1976.8,0,,,,52.26031853,7.972128757,,,,
24688.323,12.25,56.128,23.32,9873.86,20.13,1961.31,0,,,,52.25801929,7.88526245,,,,
24697.322,12.25,56.13,23.32,9876.53,20.12,1973.83,0,,,,52.27299237,7.955473306,,,,
24707.354,12.24,56.13,23.33,9875.73,20.12,1970.65,0,,,,52.26850606,7.937640197,,,,
24716.362,12.3,56.131,23.33,9875.82,20.12,1977.83,0,,,,52.26901077,7.97790489,,,,
24725.347,12.29,56.132,23.33,9878.11,20.12,1975.82,0,,,,52.28185285,7.966633019,,,,
24734.312,12.3,56.132,23.33,9879.75,20.13,1958.58,0,,,,52.2910498,7.869952894,,,,
24743.388,12.3,56.132,23.33,9877.8,20.13,1979.12,0,,,,52.2801144,7.985139076,,,,
24753.365,12.31,56.133,23.33,9882.16,20.13,1979.34,0,,,,52.30456483,7.986372813,,,,
24762.369,12.3,56.133,23.33,9882.7,20.12,1980.51,0,,,,52.30759309,7.992934051,,,,
24771.325,12.31,56.134,23.33,9883.55,20.12,1970.73,0,,,,52.3123598,7.938088829,,,,
24781.419,12.3,56.136,23.33,9885.71,20.12,1979.63,0,,,,52.32447286,7.987999103,,,,
24790.408,12.32,56.136,23.33,9885.46,20.11,1979.19,0,,,,52.32307088,7.985531629,,,,
24799.372,12.3,56.137,23.33,9886.68,20.11,1969.05,0,,,,52.32991252,7.928667564,,,,
24808.348,12.3,56.138,23.33,9885.39,20.12,1979.49,0,,,,52.32267833,7.987213997,,,,
24818.409,12.31,56.139,23.33,9887.64,20.11,1981.18,0,,,,52.3352961,7.996691341,,,,
24827.392,12.31,56.141,23.33,9890.72,20.12,1981.83,0,,,,52.35256842,8.000336474,,,,
24836.345,12.31,56.141,23.33,9888.18,20.11,1979.41,0,,,,52.33832436,7.986765366,,,,
24845.36,12.3,56.142,23.33,9889.2,20.11,1962.27,0,,,,52.34404441,7.89064603,,,,
24855.434,12.3,56.142,23.33,9895.57,20.1,1978.76,0,,,,52.37976671,7.983120233,,,,
24864.412,12.31,56.142,23.33,9871.87,20.1,1975.36,0,,,,52.24685958,7.964053387,,,,
24873.367,12.31,56.142,23.33,9874.7,20.1,1975.8,0,,,,52.26272992,7.966520861,,,,
24882.381,12.3,56.144,23.33,9872.33,20.1,1977.3,0,,,,52.24943921,7.974932705,,,,
24892.44,12.3,56.145,23.33,9882.62,20.09,1978.07,0,,,,52.30714446,7.979250785,,,,
24901.425,12.31,56.145,23.33,9874.65,20.1,1978.55,0,,,,52.26244953,7.981942575,,,,
24910.417,12.3,56.146,23.33,9882.64,20.1,1979.71,0,,,,52.30725662,7.988447734,,,,
24919.379,12.3,56.147,23.33,9884,20.1,1979.47,0,,,,52.31488336,7.987101839,,,,
24928.465,12.31,56.146,23.33,9900.11,20.09,1979.4,0,,,,52.40522656,7.986709287,,,,
24938.454,12.3,56.148,23.33,9892.62,20.09,1981.47,0,,,,52.36322342,7.998317631,,,,
24947.409,12.3,56.149,23.33,9896.26,20.09,1981.1,0,,,,52.38363616,7.99624271,,,,
24956.397,12.3,56.148,23.33,9895.85,20.09,1981.27,0,,,,52.38133692,7.997196052,,,,
24965.391,12.3,56.15,23.33,9897.71,20.09,1983.2,0,,,,52.39176761,8.008019291,,,,
24974.459,12.3,56.152,23.32,9883.92,20.09,1983.96,0,,,,52.31443472,8.012281292,,,,
24983.454,12.3,56.153,23.32,9892.86,20.09,1985.54,0,,,,52.36456931,8.021141768,,,,
24992.419,12.31,56.153,23.32,9893.71,20.08,1985.02,0,,,,52.36933603,8.018225662,,,,
25001.395,12.3,56.153,23.33,9892.38,20.08,1988.92,0,,,,52.36187752,8.040096456,,,,
25011.474,12.3,56.154,23.32,9893.71,20.08,1988.21,0,,,,52.36933603,8.03611485,,,,
25020.463,12.3,56.154,23.33,9893.58,20.08,1989.52,0,,,,52.368607,8.043461193,,,,
25029.425,12.3,56.156,23.32,9892.33,20.08,1989.03,0,,,,52.36159713,8.040713324,,,,
25038.507,12.29,56.156,23.32,9893.53,20.08,1990.27,0,,,,52.3683266,8.047667115,,,,
25047.482,12.3,56.156,23.32,9895.05,20.08,1992.36,0,,,,52.37685061,8.059387618,,,,
25056.466,12.31,56.156,23.32,9899.83,20.08,1994.17,0,,,,52.40365635,8.069537909,,,,
25065.427,12.3,56.156,23.32,9900.59,20.08,1993.09,0,,,,52.40791835,8.063481382,,,,
25074.437,12.31,56.155,23.32,9900.25,20.08,1996.69,0,,,,52.40601166,8.083669807,,,,
25083.503,12.3,56.156,23.32,9903.43,20.08,1995.73,0,,,,52.42384477,8.078286227,,,,
25093.451,12.3,56.159,23.32,9898.64,20.08,1998.88,0,,,,52.39698295,8.095951099,,,,
25103.45,12.3,56.159,23.31,9900.67,20.09,2000.27,0,,,,52.40836698,8.103746074,,,,
25112.43,12.3,56.16,23.32,9901.77,20.09,2002.21,0,,,,52.41453567,8.114625393,,,,
25121.505,12.3,56.159,23.31,9906.16,20.08,2003.53,0,,,,52.43915433,8.122027815,,,,
25130.49,12.3,56.161,23.32,9906.96,20.08,2004.62,0,,,,52.44364065,8.128140422,,,,
25139.483,12.3,56.162,23.32,9906,20.08,2008.24,0,,,,52.43825707,8.148441005,,,,
25148.441,,56.162,23.32,9909.02,20.07,2008.61,0,,,,52.45519291,8.150515926,,,,
25157.52,12.36,56.164,23.32,9907.15,20.07,2010.47,0,,,,52.44470615,8.160946613,,,,
25167.523,12.35,56.164,23.31,9909.72,20.07,2011.49,0,,,,52.45911844,8.166666667,,,,
25176.465,12.36,56.163,23.31,9910.81,20.07,2012.7,0,,,,52.46523105,8.173452221,,,,
25185.462,12.36,56.166,23.31,9908.44,20.07,2013.79,0,,,,52.45194033,8.179564827,,,,
25194.539,12.35,56.165,23.31,9911.43,20.06,2016.96,0,,,,52.46870794,8.197341857,,,,
25203.526,12.34,56.166,23.31,9911.84,20.06,2015.62,0,,,,52.47100718,8.189827277,,,,
25212.503,12.35,56.166,23.31,9911.21,20.05,2017.32,0,,,,52.4674742,8.1993607,,,,
25222.494,12.36,56.169,23.3,9912.04,20.05,2020.53,0,,,,52.47212876,8.217362046,,,,
25231.559,12.35,56.17,23.3,9912.35,20.05,2019.61,0,,,,52.47386721,8.212202782,,,,
25240.548,12.35,56.171,23.31,9916.39,20.05,2022.71,0,,,,52.4965231,8.229587259,,,,
25249.504,12.36,56.171,23.3,9912.78,20.05,2024.56,0,,,,52.4762786,8.239961866,,,,
25258.507,12.35,56.171,23.3,9913.07,20.05,2024.44,0,,,,52.47790489,8.239288919,,,,
25267.581,12.35,56.173,23.3,9914.41,20.05,2027.82,0,,,,52.48541947,8.258243607,,,,
25276.547,12.35,56.175,23.3,9917.6,20.05,2026.82,0,,,,52.50330866,8.252635711,,,,
25285.532,12.35,56.173,23.3,9920.43,20.04,2030.6,0,,,,52.519179,8.273833558,,,,
25294.522,12.35,56.174,23.3,9919.4,20.04,2030.99,0,,,,52.51340287,8.276020637,,,,
25304.475,12.35,56.175,23.3,9918.83,20.04,2030.97,0,,,,52.51020637,8.275908479,,,,
25313.583,12.34,56.175,23.3,9919.72,20.03,2034.08,0,,,,52.5151974,8.293349035,,,,
25322.539,12.35,56.175,23.3,9924.54,20.03,2033.13,0,,,,52.54222746,8.288021534,,,,
25331.491,12.35,56.176,23.3,9921.1,20.03,2034.78,0,,,,52.52293629,8.297274563,,,,
25340.473,12.36,56.176,23.3,9919.71,20.03,2037.62,0,,,,52.51514132,8.313200987,,,,
25349.611,12.35,56.178,23.29,9924.39,20.03,2036.27,0,,,,52.54138627,8.305630328,,,,
25358.553,12.4,56.177,23.29,9931.4,20.02,2039.55,0,,,,52.58069762,8.324024226,,,,
25368.537,12.4,56.179,23.29,9925.5,20.03,2039.92,0,,,,52.54761104,8.326099148,,,,
25378.578,12.41,56.18,23.29,9924.55,20.02,2042.29,0,,,,52.54228354,8.339389861,,,,
25387.589,12.41,56.18,23.29,9924.41,20.03,2042.45,0,,,,52.54149843,8.340287124,,,,
25396.564,12.41,56.18,23.29,9939.74,20.02,2043.62,0,,,,52.62746747,8.346848362,,,,
25405.528,12.4,56.18,23.29,9928.03,20.02,2044.78,0,,,,52.56179901,8.353353522,,,,
25415.525,12.4,56.182,23.29,9926.9,20.01,2045.87,0,,,,52.55546209,8.359466128,,,,
25424.63,12.4,56.184,23.29,9927.71,20.01,2048.08,0,,,,52.56000449,8.371859578,,,,
25433.602,12.41,56.183,23.28,9931,20.01,2046.94,0,,,,52.57845446,8.365466577,,,,
25442.573,12.42,56.183,23.28,9929.59,20.01,2048.09,0,,,,52.57054733,8.371915657,,,,
25452.54,12.41,56.185,23.28,9929.15,20.01,2049.22,0,,,,52.56807986,8.37825258,,,,
25461.617,12.4,56.183,23.28,9931.16,20.01,2050.17,0,,,,52.57935173,8.383580081,,,,
25470.614,12.4,56.183,23.28,9936.4,20.01,2050.06,0,,,,52.6087371,8.382963212,,,,
25479.559,12.4,56.181,23.28,9936.46,20.01,2051.83,0,,,,52.60907358,8.392889188,,,,
25489.557,12.41,56.183,23.28,9932.92,20.01,2055.31,0,,,,52.58922162,8.412404666,,,,
25498.618,12.4,56.183,23.28,9937.42,20.01,2052.94,0,,,,52.61445716,8.399113952,,,,
25507.594,12.41,56.183,23.28,9936.75,20.01,2054.7,0,,,,52.61069987,8.408983849,,,,
25516.601,12.4,56.183,23.28,9937.95,20.02,2059.64,0,,,,52.61742934,8.436686855,,,,
25526.57,12.41,56.186,23.27,9949.56,20.02,2064.3,0,,,,52.68253701,8.46281965,,,,
25536.622,12.4,56.186,23.27,9957.99,20.02,2063.21,0,,,,52.72981157,8.456707044,,,,
25545.63,12.4,56.186,23.27,9962.04,20.02,2064.02,0,,,,52.75252355,8.461249439,,,,
25554.616,12.41,56.186,23.28,9956.56,20.02,2052.69,0,,,,52.72179228,8.397711978,,,,
25563.572,,56.188,23.27,9954.35,20.02,2040.8,0,,,,52.70939883,8.331034096,,,,
25573.653,12.45,56.188,23.27,9959.58,20.02,2063.63,0,,,,52.73872813,8.45906236,,,,
25582.642,12.45,56.189,23.27,9959.24,20.01,2045.17,0,,,,52.73682144,8.355540601,,,,
25591.593,12.47,56.188,23.27,9955.55,20.01,2050.39,0,,,,52.71612831,8.384813818,,,,
25600.693,12.44,56.189,23.27,9961.28,20.01,2056.41,0,,,,52.74826155,8.418573351,,,,
25609.663,12.46,56.19,23.27,9958.25,20.02,2037.26,0,,,,52.73126963,8.311182144,,,,
25618.662,12.46,56.19,23.27,9960.38,20.02,2062.52,0,,,,52.74321445,8.452837595,,,,
25627.637,12.45,56.191,23.27,9968.07,20.03,2045.33,0,,,,52.78633917,8.356437865,,,,
25637.599,12.46,56.191,23.27,9961.97,20.02,2061.23,0,,,,52.752131,8.44560341,,,,
25646.703,12.46,56.194,23.27,9965.62,20.02,2057.01,0,,,,52.77259982,8.421938089,,,,
25655.656,12.45,56.193,23.27,9971.61,20.02,2038.47,0,,,,52.80619112,8.317967699,,,,
25664.641,12.45,56.194,23.27,9962.72,20.03,2056.9,0,,,,52.75633692,8.42132122,,,,
25674.609,12.45,56.193,23.27,9965.68,20.02,2055.24,0,,,,52.77293629,8.412012113,,,,
25684.725,12.45,56.195,23.27,9967.89,20.02,2040.56,0,,,,52.78532974,8.329688201,,,,
25693.697,12.45,56.197,23.27,9968.94,20.01,2055.05,0,,,,52.79121803,8.410946613,,,,
25702.644,12.46,56.197,23.27,9972.98,20.01,2056.37,0,,,,52.81387393,8.418349035,,,,
25711.645,12.44,56.196,23.27,9965.81,20.01,2057.82,0,,,,52.77366532,8.426480485,,,,
25720.708,12.45,56.196,23.27,9982,20.01,2055.74,0,,,,52.86445716,8.414816061,,,,
25729.699,12.45,56.197,23.27,9971.72,20,2042.74,0,,,,52.80680799,8.341913414,,,,
25738.675,12.44,56.199,23.28,9981.98,20.01,2058.83,0,,,,52.864345,8.432144459,,,,
25748.629,12.45,56.199,23.27,9986.42,20,2061.05,0,,,,52.88924406,8.444593988,,,,
25757.722,12.45,56.201,23.28,9972.35,20.01,2061.39,0,,,,52.81034096,8.446500673,,,,
25766.726,12.45,56.2,23.27,9973.02,20.02,2054.36,0,,,,52.81409825,8.407077165,,,,
25775.655,12.45,56.202,23.28,9977.11,20.03,2033.96,0,,,,52.83703454,8.292676088,,,,
25784.66,12.51,56.201,23.28,9976.93,20.03,2061.78,0,,,,52.83602512,8.448687752,,,,
25793.727,12.51,56.205,23.27,9982.31,20.04,2065.16,0,,,,52.8661956,8.467642441,,,,
25802.71,12.5,56.207,23.28,9979.88,20.04,2065.34,0,,,,52.85256842,8.468651862,,,,
25811.711,12.5,56.207,23.28,9994.38,20.04,2062.65,0,,,,52.93388291,8.453566622,,,,
25820.692,12.5,56.208,23.28,9981.25,20.04,2041.15,0,,,,52.86025123,8.33299686,,,,
25829.722,12.5,56.208,23.28,9989.18,20.04,2064.26,0,,,,52.90472185,8.462595334,,,,
25838.757,12.5,56.211,23.28,9967.44,20.05,2057.02,0,,,,52.78280619,8.421994168,,,,
25847.718,12.5,56.21,23.28,9984.73,20.05,2056.98,0,,,,52.87976671,8.421769852,,,,
25856.69,12.51,56.21,23.28,9963.58,20.06,2058.72,0,,,,52.76115971,8.431527591,,,,
25865.759,12.51,56.21,23.28,10001.13,20.06,2061.68,0,,,,52.9717362,8.448126963,,,,
25874.733,12.5,56.211,23.28,10000.83,20.06,2061.28,0,,,,52.97005384,8.445883804,,,,
25884.73,12.5,56.212,23.28,9953.41,20.06,2061.8,0,,,,52.70412741,8.44879991,,,,
25893.717,12.49,56.211,23.28,9966.62,20.06,2060.86,0,,,,52.77820772,8.443528488,,,,
25902.801,12.5,56.214,23.28,9993.18,20.05,2065.22,0,,,,52.92715343,8.467978914,,,,
25912.754,12.5,56.214,23.28,9952.43,20.06,2064.28,0,,,,52.69863167,8.462707492,,,,
25921.746,12.5,56.214,23.29,9963.49,20.06,2064.43,0,,,,52.760655,8.463548677,,,,
25930.684,12.51,56.216,23.28,9977.31,20.06,2065.79,0,,,,52.83815612,8.471175415,,,,
25939.774,12.5,56.216,23.29,10011.2,20.06,2069.82,0,,,,53.02820772,8.493775236,,,,
25948.763,12.5,56.217,23.29,9957.79,20.06,2067.92,0,,,,52.72869,8.483120233,,,,
25957.767,12.5,56.217,23.29,10009.82,20.06,2072.4,0,,,,53.02046882,8.508243607,,,,
25966.745,12.5,56.217,23.29,10027.21,20.06,2072.64,0,,,,53.11799013,8.509589502,,,,
25975.812,12.51,56.218,23.29,9953.91,20.06,2071.41,0,,,,52.70693136,8.50269179,,,,
25984.769,12.51,56.218,23.29,9958.75,20.06,2070.16,0,,,,52.73407358,8.49568192,,,,
25993.765,12.51,56.22,23.29,9967.94,20.05,2071.75,0,,,,52.78561014,8.504598475,,,,
26003.753,12.51,56.22,23.29,10014.71,20.05,2076.67,0,,,,53.04789143,8.532189323,,,,
26012.792,12.5,56.221,23.29,9995,20.05,2076.11,0,,,,52.9373598,8.529048901,,,,
26021.789,12.49,56.221,23.3,9996.57,20.06,2076.74,0,,,,52.9461642,8.532581875,,,,
26030.792,12.5,56.222,23.29,9962.42,20.06,2076.65,0,,,,52.75465455,8.532077165,,,,
26040.744,12.51,56.222,23.29,9998.14,20.07,2078.17,0,,,,52.9549686,8.540601166,,,,
26049.731,12.5,56.222,23.3,9982.26,20.06,2076.2,0,,,,52.86591521,8.529553611,,,,
26058.786,12.5,56.224,23.3,10043.04,20.07,2083.97,0,,,,53.20676312,8.573126963,,,,
26067.8,12.5,56.225,23.3,10040.47,20.07,2085.83,0,,,,53.19235083,8.583557649,,,,
26077.756,12.5,56.224,23.3,10044.78,20.07,2086.7,0,,,,53.21652086,8.588436519,,,,
26086.757,12.5,56.225,23.3,9996.37,20.07,2083.37,0,,,,52.94504262,8.569762225,,,,
26095.816,12.5,56.226,23.3,10048.13,20.08,2088.94,0,,,,53.23530731,8.600998205,,,,
26104.798,12.5,56.226,23.3,9985.24,20.08,2083.57,0,,,,52.88262674,8.570883804,,,,
26114.755,12.5,56.227,23.3,10047.25,20.08,2089.16,0,,,,53.23037236,8.602231943,,,,
26123.883,12.5,56.228,23.3,10048.95,20.09,2089.59,0,,,,53.23990579,8.604643338,,,,
26132.826,12.49,56.227,23.3,9972.27,20.09,2088.23,0,,,,52.80989233,8.597016599,,,,
26141.824,12.5,56.229,23.3,10042.06,20.09,2092.75,0,,,,53.20126738,8.622364289,,,,
26151.789,12.5,56.23,23.3,9982.72,20.09,2090.9,0,,,,52.86849484,8.611989681,,,,
26160.768,12.51,56.231,23.31,9980.32,20.1,2092.75,0,,,,52.85503589,8.622364289,,,,
26169.831,12.5,56.231,23.31,9995.99,20.1,2094.56,0,,,,52.94291162,8.632514581,,,,
26178.845,12.5,56.232,23.31,9992.87,20.1,2096.6,0,,,,52.92541498,8.643954688,,,,
26188.816,12.51,56.232,23.31,9975.37,20.1,2096.49,0,,,,52.82727681,8.64333782,,,,
26197.786,12.5,56.232,23.31,10038.13,20.1,2097.89,0,,,,53.17922835,8.651188874,,,,
26206.857,12.51,56.231,23.3,9993.82,20.1,2099.78,0,,,,52.93074249,8.661787797,,,,
26215.841,12.5,56.232,23.31,9978.19,20.1,2100.37,0,,,,52.84309107,8.665096456,,,,
26225.834,12.49,56.234,23.31,9983.54,20.1,2101.99,0,,,,52.87309332,8.674181247,,,,
26234.894,12.55,56.235,23.31,10039.48,20.1,2105.43,0,,,,53.18679901,8.693472409,,,,
26243.885,12.55,56.233,23.31,10063.67,20.1,2109.95,0,,,,53.32245402,8.718820099,,,,
26252.852,12.54,56.235,23.31,9991.35,20.1,2107.98,0,,,,52.91689098,8.707772544,,,,
26262.852,12.55,56.235,23.31,10058.22,20.1,2111.63,0,,,,53.29189098,8.728241364,,,,
26271.922,12.54,56.236,23.31,10081.98,20.1,2113.17,0,,,,53.42513459,8.736877524,,,,
26280.889,12.55,56.236,23.31,10029.37,20.09,2111.94,0,,,,53.13010319,8.729979812,,,,
26289.87,12.55,56.237,23.32,10069.57,20.1,2115.43,0,,,,53.3555406,8.749551368,,,,
26299.853,12.56,56.239,23.31,10002.26,20.1,2110.8,0,,,,52.97807313,8.72358681,,,,
26308.912,12.55,56.238,23.31,10021.76,20.09,2112.9,0,,,,53.0874271,8.735363392,,,,
26317.881,12.55,56.239,23.31,10039.62,20.09,2116.39,0,,,,53.18758412,8.754934948,,,,
26326.903,12.56,56.238,23.31,10033.63,20.09,2113.68,0,,,,53.15399282,8.73973755,,,,
26336.879,12.56,56.239,23.32,10064.69,20.09,2120.35,0,,,,53.32817407,8.777142216,,,,
26345.846,12.57,56.24,23.31,10073.63,20.09,2122.14,0,,,,53.37830866,8.78718035,,,,
26354.93,12.55,56.241,23.31,10011.47,20.09,2121.27,0,,,,53.02972185,8.78230148,,,,
26364.873,12.56,56.243,23.32,10077.62,20.09,2123.21,0,,,,53.40068416,8.793180799,,,,
26373.856,12.55,56.242,23.32,10030.32,20.09,2123.45,0,,,,53.13543069,8.794526694,,,,
26382.941,12.56,56.243,23.31,10094.26,20.09,2125.75,0,,,,53.49399955,8.807424854,,,,
26391.94,12.56,56.243,23.32,10021.47,20.08,2128.85,0,,,,53.08580081,8.824809332,,,,
26401.923,12.55,56.243,23.32,10053.35,20.08,2125.75,0,,,,53.26458053,8.807424854,,,,
26410.908,12.55,56.244,23.32,10021.19,20.08,2125.51,0,,,,53.0842306,8.806078959,,,,
26419.875,12.56,56.245,23.32,10061.59,20.08,2129.15,0,,,,53.31078959,8.8264917,,,,
26428.948,12.55,56.244,23.32,10018.64,20.08,2125.37,0,,,,53.06993046,8.805293854,,,,
26438.922,,56.246,23.32,10071.08,20.08,2130.46,0,,,,53.36400852,8.833838044,,,,
26447.913,12.61,56.247,23.31,10047.12,20.08,2127.36,0,,,,53.22964334,8.816453567,,,,
26456.878,12.61,56.248,23.32,10069.76,20.08,2130.59,0,,,,53.3566061,8.83456707,,,,
26465.934,12.6,56.246,23.32,10031.71,20.07,2124.52,0,,,,53.14322566,8.800527142,,,,
26475.92,12.6,56.249,23.32,10070.57,20.07,2128.82,0,,,,53.3611485,8.824641095,,,,
26484.897,12.61,56.249,23.32,10071.26,20.07,2129.88,0,,,,53.36501795,8.830585464,,,,
26493.887,12.61,56.249,23.32,10066.57,20.07,2127.63,0,,,,53.33871691,8.817967699,,,,
26502.933,12.61,56.25,23.32,10088.85,20.06,2127.55,0,,,,53.46366083,8.817519067,,,,
26512.931,12.61,56.249,23.32,10074.72,20.06,2130.15,0,,,,53.38442127,8.832099596,,,,
26521.939,12.61,56.249,23.32,10091.39,20.06,2136.17,0,,,,53.47790489,8.86585913,,,,
26530.873,12.61,56.25,23.32,10079.34,20.06,2136.69,0,,,,53.41032974,8.868775236,,,,
26539.951,12.61,56.251,23.32,10072.24,20.07,2139.08,0,,,,53.37051368,8.882178107,,,,
26549.955,12.6,56.253,23.32,10079.47,20.06,2128.18,0,,,,53.41105877,8.821052041,,,,
26558.922,12.61,56.253,23.32,10079.41,20.05,2136.51,0,,,,53.4107223,8.867765814,,,,
26567.881,12.61,56.254,23.32,10101.6,20.04,2137.4,0,,,,53.53516151,8.872756842,,,,
26576.978,12.61,56.255,23.32,10084.79,20.04,2131.28,0,,,,53.44089278,8.838436519,,,,
26586.958,12.61,56.256,23.32,10092.78,20.05,2092.68,0,,,,53.48569987,8.621971736,,,,
26595.957,12.62,56.255,23.32,10083.72,20.05,2131.51,0,,,,53.43489233,8.839726335,,,,
26604.916,12.61,56.256,23.32,10085.33,20.04,2131.55,0,,,,53.44392104,8.839950651,,,,
26614.019,12.61,56.255,23.32,10115.63,20.04,2114.48,0,,,,53.61384029,8.744223867,,,,
26623.966,12.61,56.257,23.32,10087.33,20.04,2130.95,0,,,,53.45513683,8.836585913,,,,
26632.952,12.62,56.258,23.32,10088.33,20.03,2131.33,0,,,,53.46074473,8.838716913,,,,
26641.961,12.61,56.257,23.32,10110.41,20.04,2118.91,0,,,,53.58456707,8.769066846,,,,
26651.019,12.61,56.258,23.32,10114.96,20.03,2131.94,0,,,,53.610083,8.84213773,,,,
26660.993,12.61,56.258,23.32,10088.24,20.03,2126.34,0,,,,53.46024002,8.810733513,,,,
26669.966,12.61,56.258,23.32,10094.45,20.03,2105.94,0,,,,53.49506505,8.696332436,,,,
26678.967,12.62,56.259,23.32,10094.53,20.04,2127.51,0,,,,53.49551368,8.817294751,,,,
26688.062,12.65,56.259,23.32,10093.26,20.03,2123.36,0,,,,53.48839166,8.794021983,,,,
26697.002,12.66,56.26,23.32,10091.97,20.04,2103.07,0,,,,53.48115747,8.680237775,,,,
26707.02,12.65,56.26,23.32,10097.95,20.04,2131.82,0,,,,53.51469269,8.841464782,,,,
26715.97,12.66,56.262,23.32,10101,20.04,2123.47,0,,,,53.53179677,8.794638852,,,,
26725.061,12.65,56.262,23.32,10098.27,20.04,2079.78,0,,,,53.51648721,8.549629879,,,,
26734.006,12.64,56.262,23.33,10097.75,20.04,2126.91,0,,,,53.51357111,8.813930013,,,,
26744,12.65,56.263,23.32,10095.31,20.05,2129.82,0,,,,53.49988784,8.830248991,,,,
26753,12.66,56.263,23.32,10120.1,20.04,2132.43,0,,,,53.63890758,8.844885599,,,,
26762.061,12.66,56.264,23.33,10099.23,20.04,2122.31,0,,,,53.52187079,8.788133692,,,,
26772.047,12.65,56.265,23.32,10096.72,20.04,2133.38,0,,,,53.50779498,8.8502131,,,,
26780.998,12.66,56.263,23.33,10102.12,20.04,2133.84,0,,,,53.53807761,8.852792732,,,,
26789.993,12.66,56.264,23.32,10135.44,20.04,2134.43,0,,,,53.72493271,8.856101391,,,,
26799.064,12.66,56.261,23.33,10116.02,20.04,2135.58,0,,,,53.61602737,8.862550471,,,,
26809.027,12.66,56.263,23.32,10109.35,20.05,2123.16,0,,,,53.5786227,8.792900404,,,,
26818.008,12.65,56.261,23.33,10101.37,20.05,2138.59,0,,,,53.53387169,8.879430238,,,,
26827.019,12.65,56.262,23.32,10109.25,20.04,2135.7,0,,,,53.57806191,8.863223419,,,,
26836.055,12.66,56.262,23.32,10107.78,20.04,2132.47,0,,,,53.5698183,8.845109915,,,,
26845.057,12.65,56.264,23.32,10129.79,20.03,2135.03,0,,,,53.69324809,8.859466128,,,,
26855.038,12.66,56.263,23.32,10128.21,20.02,2122.58,0,,,,53.68438762,8.789647824,,,,
26864.002,12.65,56.265,23.33,10103.99,20.03,2136.3,0,,,,53.54856438,8.866588156,,,,
26873.097,12.66,56.268,23.32,10095.35,20.03,2129.7,0,,,,53.50011216,8.829576043,,,,
26882.058,12.66,56.267,23.32,10114.46,20.03,2131.51,0,,,,53.60727905,8.839726335,,,,
26892.062,12.66,56.27,23.32,10128.09,20.03,2131.77,0,,,,53.68371467,8.841184388,,,,
26901.025,12.7,56.269,23.33,10126.5,20.03,2132,0,,,,53.67479812,8.842474204,,,,
26910.129,12.72,56.269,23.32,10104.16,20.02,2132.77,0,,,,53.54951772,8.846792284,,,,
26919.077,12.71,56.27,23.33,10109.88,20.02,2133.61,0,,,,53.58159489,8.851502916,,,,
26929.079,12.7,56.271,23.32,10151.11,20.01,2133.85,0,,,,53.81280843,8.852848811,,,,
26938.042,12.71,56.271,23.32,10110.91,20.02,2133.3,0,,,,53.58737102,8.849764468,,,,
26947.131,12.7,56.272,23.32,10140.93,20.01,2134.72,0,,,,53.75572005,8.857727681,,,,
26956.106,12.71,56.271,23.33,10103.5,20.01,2134.82,0,,,,53.54581651,8.85828847,,,,
26966.055,12.71,56.274,23.32,10115.39,20.01,2136.45,0,,,,53.61249439,8.867429341,,,,
26975.046,12.71,56.273,23.32,10106.82,20.01,2136.32,0,,,,53.56443472,8.866700314,,,,
26984.117,12.71,56.273,23.32,10104.94,20,2137.27,0,,,,53.55389188,8.872027815,,,,
26993.113,12.71,56.273,23.31,10111.97,20.01,2137.01,0,,,,53.59331539,8.870569762,,,,
27003.087,12.71,56.274,23.32,10192.53,20.01,2137.74,0,,,,54.04508748,8.874663526,,,,
27012.07,12.71,56.274,23.32,10140.58,20.01,2139.94,0,,,,53.75375729,8.887000897,,,,
27022.139,12.71,56.273,23.32,10121.54,20.01,2140.02,0,,,,53.64698295,8.887449529,,,,
27032.114,12.71,56.27,23.32,10128.46,20.01,2141.5,0,,,,53.68578959,8.895749215,,,,
27041.093,12.71,56.27,23.32,10138.23,20,2139.69,0,,,,53.74057873,8.885598923,,,,
27051.084,12.7,56.271,23.32,10145,20,2141.54,0,,,,53.77854419,8.895973531,,,,
27060.138,12.7,56.272,23.32,10150.57,20,2142.34,0,,,,53.80978017,8.900459847,,,,
27069.156,12.7,56.271,23.32,10129,20,2145.26,0,,,,53.68881786,8.916834904,,,,
27078.125,12.71,56.272,23.32,10155.73,19.99,2144.63,0,,,,53.83871691,8.913301929,,,,
27088.065,12.7,56.272,23.32,10139.88,19.98,2144.66,0,,,,53.74983176,8.913470166,,,,
27098.178,12.7,56.272,23.32,10155.59,19.99,2146.78,0,,,,53.83793181,8.925358905,,,,
27108.142,12.71,56.273,23.32,10136.23,19.99,2149.16,0,,,,53.72936294,8.938705698,,,,
27117.132,12.7,56.273,23.32,10138.16,19.99,2150.86,0,,,,53.74018618,8.948239121,,,,
27126.125,12.7,56.273,23.32,10142.08,19.99,2150.97,0,,,,53.76216913,8.948855989,,,,
27135.178,12.71,56.276,23.32,10132.05,19.99,2154.02,0,,,,53.70592194,8.965960072,,,,
27145.16,12.7,56.273,23.32,10171.48,19.99,2154.25,0,,,,53.92704127,8.967249888,,,,
27155.138,12.7,56.273,23.32,10172.39,20,2155.89,0,,,,53.93214446,8.976446837,,,,
27164.11,12.7,56.274,23.32,10152.21,20,2157.4,0,,,,53.81897712,8.98491476,,,,
27174.216,12.7,56.276,23.32,10142.16,20,2159.35,0,,,,53.76261777,8.995850157,,,,
27184.153,12.71,56.275,23.32,10148.07,20.01,2160.98,0,,,,53.79576043,9.004991027,,,,
27193.133,12.71,56.279,23.32,10160.24,20.02,2161.09,0,,,,53.86400852,9.005607896,,,,
27202.088,12.7,56.278,23.32,10171.08,20.02,2162.76,0,,,,53.92479812,9.014973082,,,,
27211.201,12.7,56.278,23.32,10165.12,20.02,2162.86,0,,,,53.89137506,9.015533872,,,,
27221.169,12.69,56.278,23.32,10178.13,20.02,2164.39,0,,,,53.96433378,9.024113952,,,,
27230.153,12.7,56.278,23.33,10186.9,20.03,2168.23,0,,,,54.01351503,9.045648273,,,,
27239.153,12.69,56.28,23.32,10152.24,20.03,2167.62,0,,,,53.81914536,9.042227456,,,,
27248.222,12.7,56.28,23.32,10169.34,20.04,2170.19,0,,,,53.91504038,9.056639749,,,,
27258.186,12.69,56.28,23.32,10155.64,20.04,2172.23,0,,,,53.8382122,9.068079856,,,,
27267.176,12.75,56.278,23.32,10173.67,20.05,2172.16,0,,,,53.93932257,9.067687304,,,,
27276.157,12.75,56.279,23.33,10166.01,20.05,2175.07,0,,,,53.89636608,9.084006281,,,,
27285.221,12.75,56.281,23.33,10163.18,20.05,2176.69,0,,,,53.88049574,9.093091072,,,,
27295.172,12.75,56.28,23.33,10164.58,20.05,2177.76,0,,,,53.88834679,9.099091521,,,,
27304.18,12.75,56.282,23.33,10164.97,20.06,2177.61,0,,,,53.89053387,9.098250336,,,,
27313.167,12.75,56.282,23.33,10180.7,20.06,2180.36,0,,,,53.97874607,9.11367205,,,,
27322.231,12.74,56.282,23.33,10163.04,20.06,2182.2,0,,,,53.87971063,9.123990579,,,,
27332.217,12.74,56.282,23.33,10172.24,20.06,2182.59,0,,,,53.93130328,9.126177658,,,,
27341.181,12.75,56.282,23.33,10174.35,20.06,2184.3,0,,,,53.94313594,9.13576716,,,,
27350.161,12.75,56.282,23.33,10194.86,20.05,2186.09,0,,,,54.05815388,9.145805294,,,,
27359.26,12.75,56.282,23.33,10156.96,20.05,2186.68,0,,,,53.84561463,9.149113952,,,,
27369.205,12.75,56.282,23.33,10181.17,20.05,2187.76,0,,,,53.98138179,9.15517048,,,,
27378.2,12.75,56.281,23.33,10214.37,20.05,2191.11,0,,,,54.16756393,9.173956931,,,,
27387.193,12.74,56.281,23.34,10181.82,20.06,2190.15,0,,,,53.98502692,9.168573351,,,,
27396.252,12.74,56.281,23.34,10203.5,20.07,2191.63,0,,,,54.1066061,9.176873037,,,,
27406.238,12.74,56.282,23.34,10191.72,20.07,2194.11,0,,,,54.04054509,9.190780619,,,,
27415.207,12.74,56.283,23.34,10191.98,20.08,2195.7,0,,,,54.04200314,9.199697174,,,,
27424.164,12.75,56.282,23.34,10183.39,20.08,2197.31,0,,,,53.99383131,9.208725886,,,,
27433.286,12.75,56.283,23.34,10185.63,20.08,2199.52,0,,,,54.006393,9.221119336,,,,
27443.253,12.75,56.279,23.34,10173.8,20.08,2199.21,0,,,,53.94005159,9.219380888,,,,
27452.234,12.76,56.281,23.34,10204.38,20.09,2198.36,0,,,,54.11154105,9.214614177,,,,
27462.201,12.74,56.282,23.34,10200.85,20.08,2197.99,0,,,,54.09174518,9.212539255,,,,
27472.269,12.74,56.281,23.34,10200.07,20.09,2198.45,0,,,,54.08737102,9.215118887,,,,
27482.267,12.79,56.282,23.35,10203.31,20.09,2199.3,0,,,,54.1055406,9.219885599,,,,
27491.244,12.8,56.283,23.34,10225.35,20.09,2200.2,0,,,,54.22913863,9.224932705,,,,
27500.334,12.8,56.282,23.34,10202.82,20.1,2200.25,0,,,,54.10279273,9.2252131,,,,
27509.314,12.79,56.282,23.35,10196.13,20.1,2201.52,0,,,,54.06527591,9.232335128,,,,
27519.291,12.8,56.286,23.35,10195.35,20.1,2201.34,0,,,,54.06090175,9.231325707,,,,
27529.243,12.81,56.287,23.34,10205.3,20.1,2204.03,0,,,,54.11670031,9.246410947,,,,
27538.331,12.8,56.288,23.34,10213.47,20.1,2207.31,0,,,,54.16251682,9.264804845,,,,
27548.284,12.8,56.288,23.35,10223.97,20.09,2210.33,0,,,,54.22139973,9.281740691,,,,
27558.282,12.8,56.288,23.35,10234.17,20.08,2210.96,0,,,,54.27860027,9.285273665,,,,
27567.237,12.79,56.288,23.35,10235.22,20.09,2211.54,0,,,,54.28448856,9.288526245,,,,
27576.355,12.79,56.287,23.35,10237.15,20.09,2197.71,0,,,,54.2953118,9.210969044,,,,
27585.297,12.81,56.29,23.35,10223.34,20.09,2211.43,0,,,,54.21786676,9.287909376,,,,
27595.302,12.8,56.289,23.35,10255.62,20.09,2204.18,0,,,,54.39888964,9.247252131,,,,
27604.26,12.8,56.289,23.35,10261.88,20.09,2181.41,0,,,,54.43399507,9.119560341,,,,
27613.333,12.8,56.289,23.35,10241.53,20.09,2207.16,0,,,,54.31987438,9.263963661,,,,
27622.324,12.8,56.291,23.36,10252.5,20.1,2191.56,0,,,,54.381393,9.176480485,,,,
27632.294,12.8,56.292,23.35,10224.54,20.1,2199.68,0,,,,54.22459623,9.222016599,,,,
27641.298,12.8,56.29,23.36,10230.25,20.1,2195.47,0,,,,54.25661732,9.198407358,,,,
27651.361,12.8,56.29,23.36,10231.42,20.1,2163.5,0,,,,54.26317856,9.019122925,,,,
27661.339,12.83,56.289,23.36,10236.96,20.1,2197.42,0,,,,54.2942463,9.209342755,,,,
27671.338,12.83,56.29,23.36,10255.18,20.1,2200,0,,,,54.39642216,9.223811126,,,,
27680.295,12.83,56.293,23.36,10237.36,20.1,2181.93,0,,,,54.29648946,9.122476447,,,,
27690.372,12.83,56.292,23.36,10264.4,20.1,2191.82,0,,,,54.44812696,9.177938537,,,,
27700.354,12.83,56.292,23.36,10248.95,20.1,2199.25,0,,,,54.36148497,9.219605204,,,,
27710.329,12.83,56.292,23.36,10248.01,20.1,2187.75,0,,,,54.35621355,9.155114401,,,,
27719.305,12.83,56.292,23.36,10263.69,20.1,2199.48,0,,,,54.44414536,9.22089502,,,,
27728.388,12.82,56.292,23.36,10240.74,20.09,2197.99,0,,,,54.31544415,9.212539255,,,,
27737.359,12.83,56.293,23.36,10240.2,20.09,2193.02,0,,,,54.31241588,9.184668013,,,,
27747.354,12.83,56.293,23.36,10232.08,20.09,2197.14,0,,,,54.26687977,9.207772544,,,,
27756.31,12.83,56.292,23.36,10255.3,20.09,2201.32,0,,,,54.39709511,9.231213549,,,,
27765.396,12.83,56.293,23.36,10268.97,20.09,2198.74,0,,,,54.47375505,9.216745177,,,,
27774.375,12.83,56.295,23.36,10256.17,20.1,2188.13,0,,,,54.40197398,9.157245402,,,,
27784.373,12.83,56.294,23.36,10333.34,20.09,2202.77,0,,,,54.83473531,9.239344998,,,,
27794.306,12.83,56.294,23.36,10269.81,20.1,2202.55,0,,,,54.47846568,9.238111261,,,,
27803.412,12.82,56.294,23.36,10318.24,20.1,2206.54,0,,,,54.75005608,9.260486765,,,,
27813.365,12.83,56.294,23.36,10298.14,20.1,2198.51,0,,,,54.63733737,9.215455361,,,,
27823.355,12.83,56.295,23.37,10256.59,20.1,2185.57,0,,,,54.4043293,9.142889188,,,,
27832.34,12.83,56.295,23.37,10287.68,20.1,2205,0,,,,54.57867878,9.251850606,,,,
27841.443,12.83,56.295,23.37,10264.05,20.1,2210.95,0,,,,54.4461642,9.285217586,,,,
27850.383,12.84,56.295,23.36,10258.42,20.11,2211.59,0,,,,54.41459175,9.28880664,,,,
27860.351,12.84,56.295,23.37,10255.4,20.11,2212.95,0,,,,54.3976559,9.296433378,,,,
27869.352,,56.295,23.36,10304.58,20.1,2203.98,0,,,,54.67345222,9.246130552,,,,
27879.435,12.89,56.296,23.37,10262.19,20.11,2209.59,0,,,,54.43573351,9.277590848,,,,
27888.416,12.88,56.297,23.37,10278.35,20.1,2211.35,0,,,,54.52635711,9.287460745,,,,
27897.407,12.89,56.298,23.37,10272.27,20.1,2214.33,0,,,,54.4922611,9.304172275,,,,
27906.358,12.89,56.296,23.37,10263.8,20.1,2199.92,0,,,,54.44476223,9.223362494,,,,
27916.438,12.9,56.298,23.37,10273.35,20.11,2207.14,0,,,,54.49831763,9.263851503,,,,
27925.431,12.88,56.299,23.37,10271.94,20.1,2206.96,0,,,,54.4904105,9.262842082,,,,
27934.41,12.89,56.298,23.37,10287.71,20.09,2207.21,0,,,,54.57884702,9.264244056,,,,
27943.385,12.89,56.298,23.37,10252.22,20.09,2207.34,0,,,,54.37982279,9.264973082,,,,
27953.48,12.88,56.298,23.37,10332.58,20.1,2208.31,0,,,,54.83047331,9.270412741,,,,
27962.453,12.88,56.298,23.37,10291.26,20.1,2209.09,0,,,,54.59875505,9.2747869,,,,
27971.41,12.9,56.298,23.37,10266.06,20.09,2208.28,0,,,,54.45743607,9.270244504,,,,
27980.46,12.89,56.299,23.37,10276.83,20.09,2209.36,0,,,,54.51783311,9.276301032,,,,
27989.47,12.89,56.301,23.37,10332.13,20.09,2209.01,0,,,,54.82794975,9.274338268,,,,
27999.429,12.89,56.301,23.37,10288.9,20.1,2209.79,0,,,,54.58552041,9.278712427,,,,
28008.396,12.89,56.299,23.37,10268.63,20.09,2211.47,0,,,,54.47184836,9.288133692,,,,
28017.423,12.89,56.302,23.37,10346.07,20.09,2207.17,0,,,,54.90612382,9.26401974,,,,
28026.503,12.88,56.297,23.36,10326.53,20.09,2207.43,0,,,,54.79654554,9.265477793,,,,
28036.456,12.89,56.297,23.37,10281.05,20.09,2206.54,0,,,,54.54149843,9.260486765,,,,
28045.419,12.89,56.298,23.37,10267.44,20.09,2208.09,0,,,,54.46517497,9.269179004,,,,
28054.438,12.89,56.296,23.37,10326.25,20.08,2206.75,0,,,,54.79497533,9.261664424,,,,
28063.489,12.88,56.298,23.37,10302.01,20.08,2208.77,0,,,,54.65903993,9.272992373,,,,
28073.48,12.88,56.298,23.37,10334.24,20.08,2209.71,0,,,,54.83978241,9.278263795,,,,
28082.461,12.88,56.299,23.37,10295.44,20.08,2207.91,0,,,,54.62219605,9.268169583,,,,
28091.425,12.88,56.298,23.37,10278.21,20.09,2210.02,0,,,,54.52557201,9.280002243,,,,
28100.505,12.88,56.3,23.37,10337.98,20.09,2210.56,0,,,,54.86075594,9.283030507,,,,
28110.464,12.89,56.301,23.37,10262.13,20.09,2211.38,0,,,,54.43539704,9.287628982,,,,
28119.457,12.89,56.301,23.37,10315.36,20.08,2212.63,0,,,,54.73390534,9.294638852,,,,
28128.449,12.89,56.301,23.37,10263.2,20.09,2213.15,0,,,,54.44139749,9.297554957,,,,
28137.521,12.89,56.302,23.37,10302.53,20.09,2215.92,0,,,,54.66195603,9.313088829,,,,
28147.505,12.89,56.302,23.37,10356.31,20.08,2217.6,0,,,,54.96354868,9.322510094,,,,
28156.48,12.89,56.301,23.37,10317.77,20.08,2220.07,0,,,,54.74742037,9.336361597,,,,
28165.446,12.89,56.303,23.37,10316.63,20.07,2222.72,0,,,,54.74102737,9.351222521,,,,
28174.524,12.89,56.304,23.37,10283.15,20.07,2220.5,0,,,,54.55327501,9.338772992,,,,
28184.519,12.89,56.304,23.37,10304.14,20.07,2224.3,0,,,,54.67098475,9.360082997,,,,
28193.485,12.89,56.302,23.37,10334.69,20.06,2223.31,0,,,,54.84230597,9.35453118,,,,
28202.459,12.89,56.302,23.37,10288.01,20.06,2224.04,0,,,,54.58052939,9.358624944,,,,
28211.536,12.89,56.303,23.37,10295.65,20.04,2223.69,0,,,,54.62337371,9.35666218,,,,
28221.531,12.89,56.304,23.37,10321.94,20.04,2228.37,0,,,,54.77080529,9.382907133,,,,
28230.508,12.88,56.303,23.37,10311.47,20.04,2226.43,0,,,,54.71209062,9.372027815,,,,
28239.463,12.88,56.304,23.37,10289.28,20.04,2226.31,0,,,,54.58765141,9.371354868,,,,
28248.472,12.88,56.304,23.37,10287.57,20.05,2227.72,0,,,,54.57806191,9.379262001,,,,
28258.534,12.89,56.303,23.38,10338.47,20.05,2227.81,0,,,,54.86350381,9.379766712,,,,
28267.534,12.9,56.304,23.38,10375.73,20.06,2232.03,0,,,,55.07245402,9.403432032,,,,
28276.481,12.89,56.303,23.37,10336.24,20.05,2233.42,0,,,,54.85099821,9.411227008,,,,
28285.566,12.88,56.304,23.37,10391.68,20.05,2233.32,0,,,,55.16189996,9.410666218,,,,
28295.551,12.89,56.3,23.37,10344.12,20.05,2232.02,0,,,,54.89518843,9.403375953,,,,
28304.526,12.88,56.3,23.37,10347.5,20.04,2237.03,0,,,,54.91414311,9.431471512,,,,
28313.512,12.88,56.3,23.37,10340.77,20.05,2238.03,0,,,,54.87640197,9.437079408,,,,
28322.607,,56.299,23.37,10391.53,20.04,2240.61,0,,,,55.16105877,9.451547779,,,,
28332.537,12.93,56.301,23.37,10383.81,20.05,2242.34,0,,,,55.11776581,9.461249439,,,,
28341.546,12.93,56.299,23.37,10350.84,20.05,2237.74,0,,,,54.93287349,9.435453118,,,,
28350.516,12.93,56.3,23.37,10341.62,20.06,2243.47,0,10.17519,3.29,0.51286,54.88116869,9.467586362,,,,
28359.502,12.93,56.301,23.37,10340.09,20.06,2243.27,0,,,,54.8725886,9.466464782,,,,
28368.556,12.94,56.3,23.37,10347.29,20.05,2242.34,0,,,,54.91296546,9.461249439,,,,
28377.551,12.94,56.302,23.37,10350.18,20.05,2245.35,0,,,,54.92917227,9.478129206,,,,
28386.524,12.94,56.307,23.37,10333.74,20.05,2242.98,0,,,,54.83697847,9.464838493,,,,
28395.516,12.93,56.306,23.37,10354.65,20.05,2248.7,0,,,,54.95423957,9.496915657,,,,
28405.6,12.93,56.305,23.37,10348.63,20.05,2247.55,0,,,,54.92048004,9.490466577,,,,
28414.533,12.94,56.307,23.37,10382.24,20.05,2248.3,0,,,,55.10896142,9.494672499,,,,
28423.551,12.93,56.306,23.37,10363.81,20.05,2249.39,0,,,,55.0056079,9.500785105,,,,
28432.555,12.92,56.305,23.37,10374.19,20.05,2256.97,0,,,,55.06381786,9.543292956,,,,
28442.59,12.93,56.305,23.37,10346.78,20.06,2258.34,0,,,,54.91010543,9.550975774,,,,
28451.569,12.92,56.306,23.37,10360.11,20.06,2256.89,0,,,,54.98485868,9.542844325,,,,
28460.543,12.93,56.306,23.37,10395.68,20.06,2261.67,0,,,,55.18433154,9.569650067,,,,
28469.506,12.93,56.307,23.37,10369.76,20.06,2260.99,0,,,,55.03897488,9.565836698,,,,
28479.635,12.94,56.307,23.37,10374.1,20.06,2261.94,0,,,,55.06331314,9.571164199,,,,
28488.6,12.94,56.307,23.37,10350.41,20.04,2260,0,,,,54.93046209,9.560284881,,,,
28497.567,12.94,56.306,23.37,10390.4,20.04,2262.65,0,,,,55.15472185,9.575145805,,,,
28506.557,12.93,56.307,23.37,10390.24,20.04,2263.56,0,,,,55.15382459,9.580248991,,,,
28516.608,12.93,56.307,23.37,10371.92,20.05,2263.89,0,,,,55.05108793,9.582099596,,,,
28525.584,12.93,56.306,23.37,10359.19,20.05,2263.34,0,,,,54.97969942,9.579015253,,,,
28534.556,12.93,56.304,23.37,10399.37,20.05,2265.63,0,,,,55.20502467,9.591857335,,,,
28543.66,12.97,56.305,23.37,10386.23,20.05,2272.55,0,,,,55.13133692,9.630663975,,,,
28553.639,12.98,56.305,23.37,10400.06,20.06,2274.35,0,,,,55.20889412,9.640758188,,,,
28562.632,12.98,56.305,23.37,10410.41,20.06,2274.15,0,,,,55.26693585,9.639636608,,,,
28571.579,12.98,56.305,23.37,10376.01,20.06,2274.4,0,,,,55.07402423,9.641038582,,,,
28580.56,12.97,56.305,23.37,10407.5,20.06,2256.59,0,,,,55.25061687,9.541161956,,,,
28590.653,12.98,56.305,23.37,10403.99,20.06,2274.44,0,,,,55.23093315,9.641262898,,,,
28599.656,12.98,56.305,23.37,10408.86,20.06,2274.36,0,,,,55.25824361,9.640814266,,,,
28608.589,12.98,56.306,23.37,10407.98,20.06,2260.61,0,,,,55.25330866,9.563705698,,,,
28617.662,12.98,56.307,23.37,10401.82,20.06,2269.69,0,,,,55.21876402,9.614625393,,,,
28627.672,12.99,56.306,23.37,10411.4,20.05,2267.54,0,,,,55.27248766,9.602568416,,,,
28636.649,12.98,56.306,23.37,10407.82,20.06,2263.2,0,,,,55.2524114,9.578230148,,,,
28645.626,12.98,56.306,23.38,10411.7,20.06,2239.44,0,,,,55.27417003,9.444986541,,,,
28654.595,12.98,56.306,23.38,10414.14,20.06,2266.81,0,,,,55.2878533,9.598474652,,,,
28664.69,12.97,56.306,23.38,10409.15,20.07,2262.15,0,,,,55.2598699,9.572341857,,,,
28673.645,12.97,56.305,23.37,10417.89,20.06,2233.38,0,,,,55.30888291,9.411002692,,,,
28682.624,12.98,56.305,23.38,10415.57,20.07,2265.8,0,,,,55.29587259,9.592810677,,,,
28691.723,12.98,56.305,23.38,10417.56,20.07,2269.51,0,,,,55.3070323,9.613615971,,,,
28701.725,12.97,56.305,23.38,10415.39,20.08,2256.64,0,,,,55.29486317,9.541442351,,,,
28710.676,12.98,56.305,23.38,10418.09,20.08,2262.04,0,,,,55.31000449,9.571724989,,,,
28719.63,12.98,56.304,23.37,10417.46,20.08,2269.33,0,,,,55.30647151,9.61260655,,,,
28728.716,12.97,56.304,23.38,10425.04,20.07,2250.04,0,,,,55.34897936,9.504430238,,,,
28738.706,,56.306,23.38,10424.05,20.07,2268.71,0,,,,55.34342755,9.609129655,,,,
28747.669,12.98,56.305,23.38,10423.82,20.06,2269.69,0,,,,55.34213773,9.614625393,,,,
28756.669,,56.305,23.38,10419.38,20.05,2271.11,0,,,,55.31723867,9.622588605,,,,
28765.623,13.04,56.305,23.38,10425.58,20.05,2272.35,0,,,,55.35200763,9.629542396,,,,
28775.715,13.04,56.305,23.38,10429.28,20.05,2258.34,0,,,,55.37275684,9.550975774,,,,
28784.671,13.03,56.305,23.38,10421.01,20.05,2273.99,0,,,,55.32637954,9.638739345,,,,
28793.688,13.04,56.303,23.38,10422.92,20.06,2272.75,0,,,,55.33709062,9.631785554,,,,
28802.658,13.04,56.303,23.38,10432.44,20.06,2277.46,0,,,,55.39047779,9.658198744,,,,
28812.719,13.04,56.303,23.39,10431.82,20.06,2280.87,0,,,,55.3870009,9.677321669,,,,
28821.693,13.03,56.304,23.39,10428.03,20.06,2272.73,0,,,,55.36574697,9.631673396,,,,
28830.683,13.03,56.303,23.39,10438.89,20.07,2258.09,0,,,,55.42664872,9.5495738,,,,
28839.732,13.04,56.303,23.39,10429.59,20.07,2281.35,0,,,,55.37449529,9.680013459,,,,
28849.727,13.03,56.302,23.39,10435.93,20.08,2283.67,0,,,,55.41004935,9.693023777,,,,
28858.702,13.03,56.301,23.39,10437,20.08,2276.29,0,,,,55.4160498,9.651637506,,,,
28867.695,13.03,56.303,23.39,10433.98,20.1,2246,0,,,,55.39911395,9.481774338,,,,
28876.661,13.03,56.302,23.39,10417.63,20.1,2279.56,0,,,,55.30742485,9.669975325,,,,
28886.749,13.03,56.3,23.39,10408.53,20.1,2275.23,0,,,,55.256393,9.645693136,,,,
28895.712,13.03,56.301,23.39,10440.71,20.11,2279.77,0,,,,55.43685509,9.671152983,,,,
28904.714,13.03,56.303,23.39,10425,20.1,2279.54,0,,,,55.34875505,9.669863167,,,,
28913.695,13.03,56.3,23.39,10472.7,20.1,2280.59,0,,,,55.61625168,9.675751458,,,,
28923.74,13.03,56.301,23.39,10396.96,20.1,2275.1,0,,,,55.19150965,9.644964109,,,,
28932.731,13.03,56.301,23.39,10460.69,20.1,2283.68,0,,,,55.54890085,9.693079856,,,,
28941.724,13.02,56.301,23.4,10445.47,20.1,2284.93,0,,,,55.46354868,9.700089726,,,,
28950.716,13.03,56.301,23.4,10466.96,20.1,2285.43,0,,,,55.58406236,9.702893674,,,,
28960.769,13.03,56.3,23.4,10424.06,20.11,2280.36,0,,,,55.34348362,9.674461642,,,,
28969.753,13.08,56.299,23.4,10390.06,20.11,2281.15,0,,,,55.15281516,9.67889188,,,,
28978.717,13.07,56.3,23.4,10461.78,20.1,2288.03,0,,,,55.55501346,9.717474204,,,,
28987.722,13.07,56.301,23.4,10395.2,20.11,2281.77,0,,,,55.18163975,9.682368775,,,,
28997.776,13.08,56.3,23.4,10421.72,20.11,2283.76,0,,,,55.33036115,9.693528488,,,,
29006.777,13.08,56.3,23.4,10451.54,20.12,2285.77,0,,,,55.4975886,9.704800359,,,,
29015.749,13.08,56.298,23.4,10417.12,20.12,2286.9,0,,,,55.30456483,9.711137281,,,,
29024.71,13.07,56.3,23.41,10419.78,20.12,2288.5,0,,,,55.31948183,9.720109915,,,,
29034.785,13.07,56.298,23.41,10470.47,20.11,2289.33,0,,,,55.60374607,9.724764468,,,,
29043.793,13.07,56.299,23.41,10474.02,20.11,2292.07,0,,,,55.6236541,9.740130103,,,,
29052.791,13.07,56.298,23.41,10397.23,20.1,2285.94,0,,,,55.19302378,9.705753701,,,,
29061.765,13.07,56.298,23.41,10465.46,20.1,2293.75,0,,,,55.57565052,9.749551368,,,,
29071.798,13.07,56.298,23.41,10409.56,20.11,2288.81,0,,,,55.26216913,9.721848362,,,,
29080.767,13.08,56.297,23.41,10486.42,20.11,2295.52,0,,,,55.69319201,9.759477344,,,,
29089.786,13.08,56.298,23.41,10461.02,20.11,2293.69,0,,,,55.55075146,9.749214895,,,,
29098.765,13.08,56.296,23.42,10409,20.12,2295.02,0,,,,55.25902871,9.756673396,,,,
29108.851,13.07,56.296,23.41,10414.33,20.12,2298.58,0,,,,55.2889188,9.776637506,,,,
29117.791,13.07,56.296,23.41,10472.83,20.12,2299.33,0,,,,55.61698071,9.780843428,,,,
29126.805,13.07,56.295,23.42,10401.4,20.13,2299.81,0,,,,55.2164087,9.783535218,,,,
29135.766,13.07,56.296,23.42,10437.2,20.13,2301.01,0,,,,55.41717138,9.790264693,,,,
29145.854,13.07,56.296,23.42,10454.96,20.13,2303.09,0,,,,55.51676761,9.801929116,,,,
29154.817,13.07,56.295,23.42,10487.37,20.12,2306.43,0,,,,55.69851952,9.820659489,,,,
29163.804,13.07,56.295,23.42,10474.4,20.13,2305.84,0,,,,55.62578511,9.81735083,,,,
29172.785,13.07,56.296,23.41,10484.78,20.13,2308.2,0,,,,55.68399507,9.830585464,,,,
29182.842,13.07,56.295,23.42,10479.97,20.13,2309.99,0,,,,55.65702109,9.840623598,,,,
29191.833,13.07,56.295,23.42,10496.49,20.13,2314.82,0,,,,55.74966353,9.867709735,,,,
29200.807,13.07,56.295,23.42,10456.57,20.14,2310.96,0,,,,55.52579632,9.846063257,,,,
29209.784,13.07,56.295,23.41,10504.26,20.14,2316.17,0,,,,55.79323688,9.875280395,,,,
29219.871,13.07,56.295,23.42,10504.29,20.14,2318.75,0,,,,55.79340511,9.889748766,,,,
29228.85,13.07,56.294,23.41,10502.79,20.15,2317.86,0,,,,55.78499327,9.884757739,,,,
29237.809,13.07,56.294,23.41,10444.14,20.14,2316.33,0,,,,55.45609017,9.876177658,,,,
29246.804,13.07,56.295,23.42,10499.11,20.15,2322.74,0,,,,55.76435621,9.912124271,,,,
29256.895,13.07,56.293,23.42,10485.04,20.15,2321.77,0,,,,55.68545312,9.906684612,,,,
29265.875,13.08,56.293,23.42,10437.99,20.15,2318.41,0,,,,55.42160162,9.887842082,,,,
29274.861,13.07,56.294,23.42,10469.25,20.16,2323.03,0,,,,55.59690444,9.913750561,,,,
29283.832,13.07,56.292,23.42,10497.87,20.15,2324.23,0,,,,55.75740242,9.920480036,,,,
29293.91,13.07,56.292,23.42,10471.88,20.16,2323.18,0,,,,55.61165321,9.914591745,,,,
29302.892,13.07,56.292,23.42,10493.53,20.16,2328.7,0,,,,55.73306415,9.945547331,,,,
29311.865,13.07,56.29,23.42,10434.45,20.16,2324.05,0,,,,55.40174966,9.919470615,,,,
29320.817,13.08,56.291,23.42,10482.1,20.16,2331.34,0,,,,55.6689659,9.960352176,,,,
29330.921,13.08,56.291,23.42,10508.34,20.17,2335.35,0,,,,55.81611709,9.982839838,,,,
29339.874,13.07,56.291,23.42,10427.98,20.17,2328.39,0,,,,55.36546658,9.943808883,,,,
29348.868,13.07,56.292,23.42,10430.29,20.16,2330.83,0,,,,55.37842082,9.957492149,,,,
29357.838,13.07,56.289,23.42,10505.75,20.16,2337.63,0,,,,55.80159264,9.995625841,,,,
29367.923,13.07,56.291,23.42,10457.58,20.16,2333.4,0,,,,55.5314603,9.971904441,,,,
29376.915,13.07,56.29,23.42,10469.89,20.16,2337.04,0,,,,55.60049349,9.992317183,,,,
29385.866,13.07,56.29,23.42,10436.21,20.15,2335.8,0,,,,55.41161956,9.985363392,,,,
29394.862,13.07,56.29,23.42,10440.11,20.15,2337.54,0,,,,55.43349035,9.995121131,,,,
29404.967,13.07,56.289,23.42,10510.33,20.16,2340.63,0,,,,55.82727681,10.01244953,,,,
29413.932,13.08,56.289,23.42,10493.57,20.16,2339.5,0,,,,55.73328847,10.00611261,,,,
29422.883,13.07,56.289,23.42,10489.25,20.15,2340.79,0,,,,55.70906236,10.01334679,,,,
29431.875,13.12,56.288,23.42,10447.17,20.14,2336.54,0,,,,55.4730821,9.989513235,,,,
29441.944,13.12,56.29,23.42,10456.43,20.14,2339.8,0,,,,55.52501122,10.00779498,,,,
29450.917,13.12,56.286,23.42,10511.91,20.14,2341.97,0,,,,55.83613728,10.01996411,,,,
29459.917,13.12,56.286,23.42,10459.37,20.15,2338.83,0,,,,55.54149843,10.00235532,,,,
29469.911,13.13,56.289,23.42,10510.64,20.15,2344.09,0,,,,55.82901525,10.03185285,,,,
29478.96,13.13,56.285,23.42,10464.5,20.15,2342.15,0,,,,55.57026694,10.02097353,,,,
29487.917,13.12,56.287,23.42,10454.12,20.16,2341.2,0,,,,55.51205698,10.01564603,,,,
29496.915,13.12,56.286,23.42,10481.85,20.16,2344.97,0,,,,55.66756393,10.0367878,,,,
29506.894,13.13,56.287,23.42,10457.21,20.16,2344.67,0,,,,55.52938537,10.03510543,,,,
29515.984,13.13,56.285,23.42,10513.68,20.16,2346.73,0,,,,55.84606326,10.04665769,,,,
29524.969,13.12,56.285,23.42,10454.76,20.16,2343.64,0,,,,55.51564603,10.0293293,,,,
29533.931,13.12,56.284,23.42,10495.92,20.16,2352.45,0,,,,55.74646703,10.07873486,,,,
29543.912,13.12,56.283,23.42,10505.22,20.16,2353.98,0,,,,55.79862046,10.08731494,,,,
29552.88,13.13,56.283,23.43,10500.63,20.16,2357.57,0,,,,55.77288022,10.10744729,,,,
29561.965,13.13,56.283,23.42,10502.23,20.15,2355.38,0,,,,55.78185285,10.09516599,,,,
29570.959,13.13,56.284,23.43,10500.66,20.15,2339.74,0,,,,55.77304845,10.0074585,,,,
29580.91,13.13,56.283,23.43,10504.85,20.14,2353.78,0,,,,55.79654554,10.08619336,,,,
29589.902,13.13,56.284,23.43,10505.64,20.14,2355.87,0,,,,55.80097577,10.09791386,,,,
29598.98,13.13,56.283,23.43,10506,20.13,2345.27,0,,,,55.80299462,10.03847017,,,,
29607.958,13.12,56.283,23.43,10510.16,20.13,2320.21,0,,,,55.82632346,9.897936294,,,,
29617.938,13.12,56.284,23.43,10508.45,20.13,2355.2,0,,,,55.81673396,10.09415657,,,,
29626.907,13.13,56.281,23.43,10510.94,20.12,2348.64,0,,,,55.83069762,10.05736878,,,,
29635.994,13.12,56.282,23.43,10513.01,20.1,2327.95,0,,,,55.84230597,9.941341409,,,,
29644.966,13.12,56.286,23.43,10512.56,20.1,2350.09,0,,,,55.83978241,10.06550022,,,,
29654.948,13.18,56.285,23.43,10510.84,20.1,2350.77,0,,,,55.83013683,10.06931359,,,,
29663.93,13.17,56.284,23.43,10512.3,20.11,2339.7,0,,,,55.83832436,10.00723419,,,,
29673.003,13.18,56.282,23.43,10517.59,20.11,2347.23,0,,,,55.86799013,10.04946164,,,,
29682.008,13.17,56.282,23.43,10512.85,20.11,2348.65,0,,,,55.8414087,10.05742485,,,,
29691.983,13.17,56.283,23.43,10516.83,20.11,2346.07,0,,,,55.86372813,10.04295648,,,,
29701.042,13.18,56.282,23.43,10518.25,20.12,2327.84,0,,,,55.87169134,9.94072454,,,,
29710.012,13.18,56.282,23.43,10521.15,20.12,2344.4,0,,,,55.88795424,10.0335913,,,,
29719.003,13.18,56.282,23.44,10520.95,20.12,2347.12,0,,,,55.88683266,10.04884477,,,,
29728.967,13.18,56.282,23.44,10518.12,20.12,2343.3,0,,,,55.87096231,10.02742261,,,,
29737.941,13.17,56.281,23.43,10521.6,20.12,2318.68,0,,,,55.89047779,9.889356214,,,,
29747.008,13.18,56.282,23.44,10523.38,20.12,2344.1,0,,,,55.90045985,10.03190893,,,,
29756.001,13.18,56.282,23.43,10523.5,20.13,2344.36,0,,,,55.90113279,10.03336698,,,,
29765.996,13.18,56.282,23.43,10521.02,20.13,2331.11,0,,,,55.88722521,9.95906236,,,,
29774.967,13.18,56.282,23.44,10524.2,20.13,2343.72,0,,,,55.90505832,10.02977793,,,,
29784.056,13.18,56.28,23.43,10521.65,20.13,2344.88,0,,,,55.89075819,10.03628309,,,,
29793.032,13.18,56.281,23.43,10524.68,20.13,2346.53,0,,,,55.90775011,10.04553611,,,,
29802.992,13.18,56.282,23.44,10525.17,20.13,2346.84,0,,,,55.91049798,10.04727456,,,,
29811.98,13.17,56.281,23.43,10528.24,20.13,2340.03,0,,,,55.92771422,10.00908479,,,,
29821.062,13.18,56.281,23.44,10528.25,20.13,2319.53,0,,,,55.9277703,9.894122925,,,,
29830.026,13.17,56.282,23.43,10525.16,20.13,2347.5,0,,,,55.9104419,10.05097577,,,,
29839.993,13.18,56.283,23.44,10529.53,20.13,2349.61,0,,,,55.93494841,10.06280843,,,,
29848.995,13.18,56.281,23.44,10527.64,20.12,2351.27,0,,,,55.92434948,10.07211754,,,,
29858.066,13.17,56.281,23.44,10528.48,20.11,2344.79,0,,,,55.92906012,10.03577838,,,,
29867.063,13.18,56.282,23.44,10531.31,20.1,2330.87,0,,,,55.94493046,9.957716465,,,,
29877.022,,56.281,23.44,10531.33,20.1,2351.05,0,,,,55.94504262,10.0708838,,,,
29886.002,13.24,56.28,23.44,10530.82,20.11,2351.28,0,,,,55.94218259,10.07217362,,,,
29895.084,13.23,56.281,23.43,10532.36,20.11,2351.78,0,,,,55.95081875,10.07497757,,,,
29904.057,13.23,56.281,23.44,10534.93,20.11,2338.61,0,,,,55.96523105,10.00112158,,,,
29914.057,13.23,56.28,23.44,10534.67,20.11,2349.68,0,,,,55.96377299,10.06320099,,,,
29923.038,13.24,56.28,23.44,10523.99,20.12,2345.5,0,,,,55.90388066,10.03975998,,,,
29932.105,13.23,56.279,23.44,10523.26,20.11,2345.97,0,,,,55.8997869,10.04239569,,,,
29941.082,13.23,56.28,23.44,10511.88,20.11,2342.38,0,,,,55.83596904,10.02226335,,,,
29951.069,13.23,56.28,23.44,10525.07,20.11,2345.26,0,,,,55.90993719,10.03841409,,,,
29960.052,13.23,56.282,23.44,10523.4,20.11,2346.84,0,,,,55.90057201,10.04727456,,,,
29969.129,13.23,56.28,23.44,10542.89,20.11,2346.93,0,,,,56.0098699,10.04777927,,,,
29979.085,13.23,56.279,23.44,10529.75,20.11,2347.71,0,,,,55.93618214,10.05215343,,,,
29989.051,13.22,56.281,23.44,10518.19,20.12,2348.42,0,,,,55.87135487,10.05613504,,,,
29998.052,13.22,56.28,23.44,10527.17,20.12,2349.94,0,,,,55.92171377,10.06465904,,,,
30007.12,13.23,56.279,23.44,10528.19,20.12,2351.52,0,,,,55.92743383,10.07351952,,,,
30017.111,13.22,56.281,23.44,10531.86,20.12,2352.29,0,,,,55.9480148,10.0778376,,,,
30026.071,13.23,56.282,23.45,10510.4,20.12,2353.16,0,,,,55.82766936,10.08271646,,,,
30035.065,13.23,56.28,23.45,10548.48,20.13,2357,0,,,,56.04121803,10.10425079,,,,
30044.148,13.23,56.283,23.44,10548.95,20.12,2357.41,0,,,,56.04385375,10.10655002,,,,
30054.112,13.23,56.283,23.45,10522.8,20.13,2357.58,0,,,,55.89720727,10.10750336,,,,
30063.14,13.22,56.284,23.45,10524.67,20.13,2357.7,0,,,,55.90769403,10.10817631,,,,
30072.087,13.22,56.282,23.45,10548.13,20.14,2362.27,0,,,,56.03925527,10.1338044,,,,
30082.157,13.23,56.283,23.45,10513.48,20.14,2361.45,0,,,,55.84494168,10.12920592,,,,
30091.107,13.23,56.282,23.45,10528.29,20.14,2360.89,0,,,,55.92799462,10.1260655,,,,
30100.094,13.23,56.282,23.45,10551.78,20.15,2366.27,0,,,,56.05972409,10.15623598,,,,
30109.105,13.23,56.282,23.45,10537.21,20.15,2365.86,0,,,,55.97801705,10.15393674,,,,
30119.147,13.22,56.282,23.45,10530.91,20.15,2367.28,0,,,,55.9426873,10.16189996,,,,
30128.149,13.23,56.283,23.45,10545.73,20.15,2368.34,0,,,,56.02579632,10.16784432,,,,
30137.117,13.23,56.281,23.45,10542.23,20.15,2368.95,0,,,,56.00616869,10.17126514,,,,
30146.096,13.23,56.281,23.45,10539.78,20.15,2370.84,0,,,,55.99242934,10.18186406,,,,
30156.146,13.23,56.281,23.45,10520.94,20.16,2370.38,0,,,,55.88677658,10.17928443,,,,
30165.147,13.23,56.281,23.46,10557.23,20.16,2377.17,0,,,,56.09028712,10.21736205,,,,
30174.112,13.23,56.281,23.45,10552.54,20.16,2375.53,0,,,,56.06398609,10.2081651,,,,
30183.085,13.24,56.281,23.45,10554.51,20.16,2377.77,0,,,,56.07503365,10.22072678,,,,
30192.178,13.23,56.282,23.45,10530.59,20.15,2377.09,0,,,,55.94089278,10.21691341,,,,
30202.197,13.23,56.283,23.45,10534,20.15,2376.18,0,,,,55.9600157,10.21181023,,,,
30211.152,13.23,56.282,23.45,10539.07,20.15,2378.93,0,,,,55.98844773,10.22723194,,,,
30220.139,13.23,56.282,23.46,10563.55,20.15,2380.76,0,,,,56.12572903,10.23749439,,,,
30230.217,13.27,56.281,23.46,10560.9,20.15,2383.27,0,,,,56.1108681,10.25157021,,,,
30239.181,13.27,56.282,23.46,10539.1,20.16,2382.96,0,,,,55.98861597,10.24983176,,,,
30248.156,13.27,56.283,23.46,10536.47,20.16,2383.41,0,,,,55.97386721,10.25235532,,,,
30257.144,13.28,56.282,23.46,10550,20.17,2383,0,,,,56.04974204,10.25005608,,,,
30267.226,13.27,56.282,23.46,10534.31,20.17,2385.09,0,,,,55.96175415,10.26177658,,,,
30276.184,13.27,56.281,23.46,10552.71,20.18,2386.1,0,,,,56.06493943,10.26744056,,,,
30285.174,13.27,56.281,23.46,10566.47,20.17,2388.41,0,,,,56.14210408,10.2803948,,,,
30294.144,,56.281,23.46,10554,20.18,2387.73,0,,,,56.07217362,10.27658143,,,,
30304.207,13.27,56.281,23.46,10559.43,20.19,2390.63,0,,,,56.1026245,10.29284432,,,,
30313.228,13.28,56.282,23.46,10550.18,20.18,2391.05,0,,,,56.05075146,10.29519964,,,,
30322.212,13.28,56.282,23.47,10544.2,20.17,2391.17,0,,,,56.01721624,10.29587259,,,,
30331.148,13.26,56.282,23.46,10569.23,20.18,2395.71,0,,,,56.15758188,10.32133244,,,,
30341.246,13.28,56.282,23.46,10548.87,20.19,2394.5,0,,,,56.04340511,10.31454688,,,,
30350.235,13.28,56.282,23.46,10555.68,20.19,2395.01,0,,,,56.08159489,10.31740691,,,,
30359.186,13.27,56.283,23.47,10572.44,20.19,2397.12,0,,,,56.17558322,10.32923957,,,,
30368.185,13.27,56.281,23.47,10551.52,20.19,2397.38,0,,,,56.05826604,10.33069762,,,,
30378.266,13.27,56.282,23.47,10558.34,20.2,2398.97,0,,,,56.09651189,10.33961418,,,,
30387.213,13.27,56.283,23.46,10575.82,20.21,2400.99,0,,,,56.19453791,10.35094213,,,,
30396.228,13.27,56.283,23.47,10555.98,20.21,2400.9,0,,,,56.08327725,10.35043742,,,,
30405.21,13.27,56.282,23.47,10564.9,20.21,2402.48,0,,,,56.13329969,10.35929789,,,,
30415.294,13.27,56.282,23.47,10553.41,20.21,2403.08,0,,,,56.06886496,10.36266263,,,,
30424.253,13.28,56.282,23.47,10568.96,20.21,2406.83,0,,,,56.15606774,10.38369224,,,,
30433.233,13.27,56.283,23.47,10578.71,20.22,2405.86,0,,,,56.21074473,10.37825258,,,,
30442.215,13.27,56.282,23.47,10567.12,20.22,2406.54,0,,,,56.14574921,10.38206595,,,,
30452.249,13.28,56.282,23.48,10577.05,20.22,2407.33,0,,,,56.20143562,10.38649619,,,,
30461.267,,56.283,23.47,10573.53,20.23,2406.01,0,,,,56.18169583,10.37909376,,,,
30470.243,13.32,56.282,23.47,10574.08,20.23,2408.3,0,,,,56.18478017,10.39193585,,,,
30479.222,13.32,56.282,23.48,10575.85,20.23,2407.78,0,,,,56.19470615,10.38901974,,,,
30489.295,13.32,56.282,23.48,10580.07,20.23,2407.31,0,,,,56.21837147,10.38638403,,,,
30498.264,13.32,56.281,23.48,10572.73,20.23,2408.18,0,,,,56.17720951,10.3912629,,,,
30507.24,13.32,56.283,23.48,10567.66,20.22,2408.27,0,,,,56.14877748,10.39176761,,,,
30516.232,13.32,56.283,23.48,10575.59,20.23,2410.23,0,,,,56.19324809,10.40275908,,,,
30526.306,13.32,56.281,23.48,10587.6,20.23,2417.08,0,,,,56.26059892,10.44117317,,,,
30535.313,13.32,56.284,23.48,10591.23,20.23,2417.75,0,,,,56.28095559,10.44493046,,,,
30544.251,13.32,56.283,23.48,10592.02,20.22,2418.99,0,,,,56.28538582,10.45188425,,,,
30553.27,13.32,56.283,23.48,10595.33,20.22,2420.39,0,,,,56.30394796,10.45973531,,,,
30562.318,13.32,56.283,23.48,10595.71,20.21,2408.52,0,,,,56.30607896,10.39316958,,,,
30572.287,13.32,56.282,23.48,10596.92,20.21,2227.71,0,,,,56.31286451,9.379205922,,,,
30581.292,13.31,56.281,23.48,10595.58,20.19,2420.32,0,,,,56.30534993,10.45934275,,,,
30591.241,13.31,56.282,23.49,10596.57,20.19,2414,0,,,,56.31090175,10.42390085,,,,
30601.343,13.31,56.281,23.48,10597.22,20.2,2387.22,0,,,,56.31454688,10.2737214,,,,
30610.319,13.33,56.281,23.48,10598.46,20.19,2414.84,0,,,,56.32150067,10.42861148,,,,
30620.267,13.31,56.282,23.48,10600.76,20.2,2413.03,0,,,,56.33439883,10.41846119,,,,
30630.27,13.32,56.281,23.48,10600.44,20.2,2388.68,0,,,,56.33260431,10.28190893,,,,
30639.331,13.32,56.281,23.49,10601.13,20.2,2412.19,0,,,,56.33647376,10.41375056,,,,
30649.308,13.32,56.28,23.48,10603.09,20.2,2403.28,0,,,,56.34746523,10.36378421,,,,
30658.304,13.32,56.28,23.48,10602.24,20.2,2374.12,0,,,,56.34269852,10.20025796,,,,
30667.268,13.33,56.279,23.48,10603.29,20.2,2404.82,0,,,,56.34858681,10.37242037,,,,
30676.364,13.33,56.281,23.48,10603.51,20.2,2406.88,0,,,,56.34982055,10.38397263,,,,
30686.318,13.32,56.28,23.48,10604.71,20.19,2385.42,0,,,,56.35655002,10.26362719,,,,
30695.314,13.37,56.28,23.49,10604.66,20.19,2401.15,0,,,,56.35626963,10.35183939,,,,
30704.295,13.37,56.281,23.48,10607.51,20.19,2407.99,0,,,,56.37225213,10.3901974,,,,
30713.373,13.38,56.28,23.49,10607.17,20.19,2398.54,0,,,,56.37034545,10.33720278,,,,
30723.345,13.37,56.28,23.49,10608.11,20.17,2151.68,0,,,,56.37561687,8.952837595,,,,
30732.338,13.37,56.28,23.48,10610.99,20.17,2404.78,0,,,,56.39176761,10.37219605,,,,
30741.304,13.37,56.28,23.49,10610.17,20.17,2396.19,0,,,,56.38716913,10.32402423,,,,
30750.399,13.37,56.28,23.49,10610.43,20.17,2361.47,0,,,,56.38862719,10.12931808,,,,
30760.344,13.37,56.28,23.48,10610.81,20.16,2401.64,0,,,,56.39075819,10.35458726,,,,
30770.328,13.37,56.279,23.49,10611.54,20.16,2407.54,0,,,,56.39485195,10.38767384,,,,
30780.319,13.37,56.28,23.49,10612.99,20.16,2408.24,0,,,,56.4029834,10.39159937,,,,
30790.395,13.37,56.281,23.48,10612.22,20.16,2398.1,0,,,,56.39866532,10.33473531,,,,
30799.374,13.37,56.28,23.49,10613.36,20.15,2368.18,0,,,,56.40505832,10.16694706,,,,
30809.359,13.37,56.28,23.49,10613.98,20.15,2416.84,0,,,,56.40853522,10.43982728,,,,
30819.312,13.37,56.279,23.49,10614.33,20.15,2417.74,0,,,,56.41049798,10.44487438,,,,
30828.369,13.37,56.279,23.49,10615.05,20.16,2418.23,0,,,,56.41453567,10.44762225,,,,
30838.367,13.37,56.28,23.49,10616.12,20.15,2414.76,0,,,,56.42053611,10.42816285,,,,
30848.326,13.37,56.28,23.49,10619.29,20.15,2399.41,0,,,,56.43831314,10.34208165,,,,
30858.333,13.37,56.28,23.49,10619.16,20.15,2419.43,0,,,,56.43758412,10.45435173,,,,
30867.387,13.37,56.281,23.49,10618.13,20.15,2419.92,0,,,,56.43180799,10.4570996,,,,
30876.376,13.37,56.281,23.49,10619.34,20.14,2419.63,0,,,,56.43859354,10.45547331,,,,
30885.36,13.37,56.28,23.49,10621.16,20.14,2420.94,0,,,,56.44879991,10.46281965,,,,
30895.346,13.37,56.281,23.49,10621.48,20.14,2416.08,0,,,,56.45059444,10.43556528,,,,
30904.422,13.38,56.281,23.48,10620.92,20.14,2393.93,0,,,,56.44745402,10.31135038,,,,
30913.397,13.38,56.282,23.48,10621.16,20.13,2420.23,0,,,,56.44879991,10.45883804,,,,
30922.372,13.43,56.281,23.49,10621.08,20.13,2409.62,0,,,,56.44835128,10.39933827,,,,
30932.364,13.42,56.281,23.49,10606.63,20.13,2411.96,0,,,,56.36731718,10.41246074,,,,
30941.445,13.43,56.281,23.48,10607.59,20.13,2412.63,0,,,,56.37270076,10.41621803,,,,
30950.418,13.43,56.281,23.49,10609.19,20.12,2413.18,0,,,,56.3816734,10.41930238,,,,
30959.382,13.43,56.282,23.49,10609.83,20.12,2412.34,0,,,,56.38526245,10.41459175,,,,
30969.367,13.43,56.282,23.49,10609.08,20.12,2411.84,0,,,,56.38105653,10.4117878,,,,
30978.443,13.43,56.282,23.48,10610.39,20.12,2411.93,0,,,,56.38840287,10.41229251,,,,
30987.403,13.43,56.282,23.48,10611.11,20.11,2412.8,0,,,,56.39244056,10.41717138,,,,
30996.402,13.43,56.283,23.48,10611.08,20.11,2413.99,0,,,,56.39227232,10.42384477,,,,
31006.384,13.42,56.282,23.48,10613.24,20.11,2413.49,0,,,,56.40438537,10.42104083,,,,
31015.444,13.42,56.283,23.49,10612.87,20.11,2414.3,0,,,,56.40231045,10.42558322,,,,
31024.453,13.43,56.282,23.49,10613.01,20.11,2414.48,0,,,,56.40309556,10.42659264,,,,
31033.411,13.43,56.282,23.48,10612.89,20.11,2417.23,0,,,,56.40242261,10.44201436,,,,
31043.41,13.43,56.283,23.48,10614.39,20.11,2419.27,0,,,,56.41083445,10.45345446,,,,
31053.462,13.42,56.282,23.48,10615.88,20.1,2417.63,0,,,,56.41919022,10.44425751,,,,
31063.44,13.43,56.282,23.48,10616.98,20.1,2418.87,0,,,,56.42535891,10.45121131,,,,
31072.43,13.43,56.282,23.48,10616.41,20.09,2419.1,0,,,,56.4221624,10.45250112,,,,
31082.389,13.43,56.282,23.48,10616.22,20.09,2420.31,0,,,,56.4210969,10.45928668,,,,
31092.493,13.43,56.281,23.48,10616.72,20.09,2422.27,0,,,,56.42390085,10.47027815,,,,
31102.452,13.43,56.279,23.48,10616.62,20.09,2423.73,0,,,,56.42334006,10.47846568,,,,
31111.443,13.44,56.28,23.47,10616.92,20.1,2425.09,0,,,,56.42502243,10.48609242,,,,
31121.408,13.43,56.279,23.47,10618.55,20.1,2424.66,0,,,,56.4341633,10.48368102,,,,
31130.459,13.42,56.281,23.47,10618.74,20.09,2426.04,0,,,,56.4352288,10.49141992,,,,
31139.471,13.43,56.28,23.47,10619.31,20.09,2429.41,0,,,,56.4384253,10.51031853,,,,
31148.448,13.42,56.279,23.47,10619.88,20.09,2428.83,0,,,,56.4416218,10.50706595,,,,
31158.525,13.43,56.283,23.47,10619.74,20.1,2431.32,0,,,,56.4408367,10.52102961,,,,
31168.479,13.42,56.283,23.47,10620.38,20.09,2432.23,0,,,,56.44442575,10.52613279,,,,
31178.468,13.42,56.285,23.47,10621.79,20.1,2434.93,0,,,,56.45233288,10.54127411,,,,
31187.453,13.42,56.285,23.47,10622.38,20.11,2436.04,0,,,,56.45564154,10.54749888,,,,
31197.512,13.42,56.285,23.47,10622.74,20.11,2438.26,0,,,,56.45766039,10.55994841,,,,
31207.497,13.43,56.284,23.47,10624.31,20.11,2439.11,0,,,,56.46646478,10.56471512,,,,
31216.458,13.42,56.284,23.47,10624.33,20.11,2440.19,0,,,,56.46657694,10.57077165,,,,
31226.461,13.42,56.285,23.47,10624.78,20.11,2441.43,0,,,,56.46910049,10.57772544,,,,
31236.506,13.42,56.285,23.47,10625.32,20.1,2443.11,0,,,,56.47212876,10.5871467,,,,
31246.524,13.42,56.285,23.47,10625.67,20.09,2444.04,0,,,,56.47409152,10.59236205,,,,
31256.463,13.43,56.286,23.47,10626.5,20.09,2443.86,0,,,,56.47874607,10.59135262,,,,
31265.457,13.43,56.285,23.47,10627.09,20.09,2445.02,0,,,,56.48205473,10.59785778,,,,
31274.526,13.42,56.287,23.47,10626.62,20.08,2446.88,0,,,,56.47941902,10.60828847,,,,
31284.508,13.43,56.285,23.47,10629.96,20.07,2447.66,0,,,,56.49814939,10.61266263,,,,
31293.5,13.43,56.286,23.47,10630.27,20.08,2448.4,0,,,,56.49988784,10.61681247,,,,
31302.471,13.42,56.287,23.47,10629.55,20.08,2448.75,0,,,,56.49585016,10.61877524,,,,
31311.541,13.43,56.286,23.47,10629.58,20.08,2450.39,0,,,,56.49601839,10.62797218,,,,
31320.536,13.43,56.286,23.47,10635.66,20.08,2452.24,0,,,,56.5301144,10.63834679,,,,
31330.519,13.43,56.284,23.47,10627.74,20.07,2451.57,0,,,,56.48569987,10.6345895,,,,
31339.503,,56.282,23.47,10627.99,20.08,2452.47,0,,,,56.48710184,10.63963661,,,,
31349.553,13.43,56.283,23.47,10635.44,20.07,2454.35,0,,,,56.52888066,10.65017945,,,,
31359.547,13.42,56.282,23.47,10634.87,20.07,2456.51,0,,,,56.52568416,10.66229251,,,,
31368.524,13.42,56.283,23.47,10635.52,20.07,2455.71,0,,,,56.5293293,10.65780619,,,,
31378.484,13.42,56.283,23.47,10637.15,20.07,2457.35,0,,,,56.53847017,10.66700314,,,,
31387.58,13.42,56.283,23.47,10643.06,20.07,2457.9,0,,,,56.57161283,10.67008748,,,,
31396.539,13.42,56.282,23.47,10637.9,20.07,2460.88,0,,,,56.54267609,10.68679901,,,,
31405.502,13.42,56.282,23.47,10644.68,20.07,2462.37,0,,,,56.58069762,10.69515478,,,,
31415.513,13.41,56.283,23.47,10646.7,20.08,2461.32,0,,,,56.59202557,10.68926649,,,,
31425.601,13.42,56.283,23.47,10638.34,20.07,2461.6,0,,,,56.54514356,10.6908367,,,,
31435.573,13.42,56.283,23.47,10644.55,20.08,2463.23,0,,,,56.5799686,10.69997757,,,,
31445.533,13.46,56.282,23.47,10643.48,20.08,2464.29,0,,,,56.57396815,10.70592194,,,,
31454.512,13.46,56.284,23.47,10641.17,20.08,2467.29,0,,,,56.56101391,10.72274563,,,,
31463.585,13.46,56.284,23.47,10654.67,20.09,2468.57,0,,,,56.6367205,10.72992373,,,,
31473.57,13.45,56.284,23.47,10656.8,20.09,2469.47,0,,,,56.64866532,10.73497084,,,,
31482.562,13.46,56.285,23.47,10629.15,20.1,2468.6,0,,,,56.493607,10.73009197,,,,
31491.532,13.46,56.283,23.47,10656.28,20.1,2471.24,0,,,,56.64574921,10.74489681,,,,
31500.618,13.46,56.283,23.47,10628.29,20.1,2470.59,0,,,,56.48878421,10.74125168,,,,
31510.557,13.46,56.285,23.47,10650.48,20.1,2472.77,0,,,,56.61322342,10.7534769,,,,
31519.556,13.46,56.285,23.48,10664.34,20.1,2475.83,0,,,,56.69094886,10.77063706,,,,
31528.538,13.46,56.284,23.48,10659.99,20.1,2477.87,0,,,,56.66655451,10.78207716,,,,
31537.607,13.46,56.285,23.47,10664.93,20.1,2484.65,0,,,,56.69425751,10.8200987,,,,
31547.575,13.45,56.284,23.48,10665.14,20.1,2483.89,0,,,,56.69543517,10.8158367,,,,
31556.581,13.46,56.284,23.47,10668.1,20.1,2485.57,0,,,,56.71203454,10.82525796,,,,
31565.561,13.46,56.284,23.47,10669.23,20.11,2479.59,0,,,,56.71837147,10.79172275,,,,
31574.655,13.45,56.284,23.47,10664.09,20.11,2453.23,0,,,,56.68954688,10.64389861,,,,
31584.63,13.46,56.286,23.47,10665.82,20.12,2484.27,0,,,,56.69924854,10.8179677,,,,
31593.577,13.46,56.287,23.48,10668.84,20.11,2482.12,0,,,,56.71618439,10.80591072,,,,
31602.569,13.46,56.285,23.47,10670.84,20.1,2460.98,0,,,,56.72740018,10.6873598,,,,
31611.653,13.45,56.285,23.48,10671.2,20.1,2483,0,,,,56.72941902,10.81084567,,,,
31621.602,13.46,56.286,23.47,10671.32,20.1,2480.14,0,,,,56.73009197,10.79480709,,,,
31630.588,13.46,56.286,23.48,10672.44,20.11,2463.64,0,,,,56.73637281,10.70227681,,,,
31639.577,13.46,56.287,23.47,10673.29,20.11,2481.58,0,,,,56.74113952,10.80288246,,,,
31648.638,13.46,56.286,23.47,10670.55,20.12,2478.97,0,,,,56.72577389,10.78824585,,,,
31658.648,13.51,56.287,23.48,10672.85,20.12,2456.06,0,,,,56.73867205,10.65976895,,,,
31667.628,13.51,56.287,23.48,10673.83,20.12,2483.57,0,,,,56.74416779,10.81404217,,,,
31676.595,13.51,56.286,23.48,10678.3,20.12,2484.7,0,,,,56.76923508,10.82037909,,,,
31685.673,13.51,56.287,23.48,10675.04,20.12,2476.35,0,,,,56.75095334,10.77355316,,,,
31695.651,13.51,56.287,23.48,10674.18,20.12,2450.79,0,,,,56.74613055,10.63021534,,,,
31704.597,13.51,56.286,23.48,10679.41,20.11,2480.88,0,,,,56.77545985,10.79895693,,,,
31713.686,13.51,56.289,23.48,10679.78,20.11,2480.56,0,,,,56.77753477,10.7971624,,,,
31723.661,13.51,56.288,23.48,10680.28,20.11,2470.86,0,,,,56.78033872,10.74276581,,,,
31733.675,13.51,56.29,23.48,10678.79,20.12,2434.02,0,,,,56.77198295,10.53617093,,,,
31742.644,13.51,56.288,23.48,10677.92,20.11,2473.61,0,,,,56.76710408,10.75818753,,,,
31752.621,13.51,56.288,23.48,10681.54,20.12,2474.91,0,,,,56.78740467,10.76547779,,,,
31761.72,13.51,56.289,23.48,10679.65,20.12,2469.73,0,,,,56.77680574,10.73642889,,,,
31770.637,13.51,56.289,23.48,10685.98,20.12,2484.13,0,,,,56.81230372,10.81718259,,,,
31779.646,13.51,56.288,23.48,10680.29,20.12,2485.81,0,,,,56.7803948,10.82660386,,,,
31789.614,13.51,56.287,23.48,10685.69,20.12,2482.57,0,,,,56.81067743,10.80843428,,,,
31798.717,13.51,56.289,23.48,10686.25,20.12,2468.17,0,,,,56.81381786,10.72768057,,,,
31807.693,13.51,56.289,23.48,10688.95,20.12,2485.6,0,,,,56.82895917,10.8254262,,,,
31816.655,13.5,56.29,23.48,10687.79,20.12,2486.87,0,,,,56.82245402,10.83254823,,,,
31826.644,13.51,56.29,23.49,10684.46,20.13,2478.36,0,,,,56.80377972,10.78482503,,,,
31835.724,13.51,56.289,23.49,10690.88,20.14,2462.11,0,,,,56.83978241,10.69369672,,,,
31844.698,13.51,56.289,23.49,10692.25,20.15,2486.9,0,,,,56.84746523,10.83271646,,,,
31853.696,13.51,56.29,23.48,10693.35,20.15,2489.35,0,,,,56.85363392,10.84645581,,,,
31863.746,13.51,56.289,23.49,10686.49,20.15,2490.03,0,,,,56.81516375,10.85026918,,,,
31872.736,13.51,56.291,23.49,10690.84,20.15,2490.47,0,,,,56.8395581,10.85273665,,,,
31881.698,13.51,56.292,23.49,10689.57,20.15,2487.01,0,,,,56.83243607,10.83333333,,,,
31890.704,13.56,56.291,23.49,10697.23,20.15,2466.87,0,,,,56.87539255,10.72039031,,,,
31900.655,13.56,56.292,23.49,10699.62,20.15,2490.37,0,,,,56.88879542,10.85217586,,,,
31909.743,13.56,56.292,23.49,10690.09,20.15,2489.1,0,,,,56.83535218,10.84505384,,,,
31918.716,13.56,56.292,23.49,10716.09,20.16,2487.07,0,,,,56.98115747,10.83366981,,,,
31927.71,13.56,56.292,23.49,10664.71,20.16,2481.76,0,,,,56.69302378,10.80389188,,,,
31937.772,13.56,56.292,23.49,10721.53,20.16,2488.35,0,,,,57.01166442,10.84084791,,,,
31946.745,13.56,56.291,23.49,10677.26,20.16,2485.13,0,,,,56.76340287,10.82279049,,,,
31955.725,13.56,56.293,23.49,10639.19,20.16,2483.85,0,,,,56.54991027,10.81561238,,,,
31964.682,13.55,56.293,23.49,10653.71,20.16,2486.27,0,,,,56.63133692,10.82918349,,,,
31974.688,13.56,56.294,23.49,10721.99,20.16,2489.95,0,,,,57.01424406,10.84982055,,,,
31983.736,13.56,56.293,23.49,10672.87,20.16,2485.3,0,,,,56.73878421,10.82374383,,,,
31992.748,13.56,56.296,23.49,10727.06,20.17,2489.9,0,,,,57.04267609,10.84954015,,,,
32001.717,13.56,56.294,23.49,10692.21,20.16,2487.4,0,,,,56.84724092,10.83552041,,,,
32011.684,13.56,56.294,23.49,10725.36,20.17,2491.75,0,,,,57.03314266,10.85991476,,,,
32020.771,13.56,56.293,23.5,10649.43,20.17,2486.32,0,,,,56.60733513,10.82946389,,,,
32029.736,13.56,56.295,23.49,10640.66,20.17,2486.9,0,,,,56.55815388,10.83271646,,,,
32038.716,13.56,56.293,23.49,10673.37,20.16,2491.73,0,,,,56.74158816,10.8598026,,,,
32048.81,13.56,56.293,23.49,10650.92,20.16,2488.58,0,,,,56.61569089,10.84213773,,,,
32057.768,13.56,56.294,23.49,10727.31,20.15,2496.12,0,,,,57.04407806,10.88442127,,,,
32066.783,13.56,56.293,23.5,10704.8,20.14,2491.61,0,,,,56.91784432,10.85912965,,,,
32075.748,13.56,56.294,23.5,10669.49,20.14,2492.62,0,,,,56.71982952,10.86479363,,,,
32085.725,13.56,56.294,23.5,10708.94,20.14,2494.03,0,,,,56.94106101,10.87270076,,,,
32094.789,13.56,56.294,23.49,10720.03,20.14,2496.7,0,,,,57.00325258,10.88767384,,,,
32103.787,13.56,56.294,23.5,10723.13,20.15,2497.32,0,,,,57.02063706,10.89115074,,,,
32112.751,13.56,56.294,23.49,10694.32,20.15,2496,0,,,,56.85907358,10.88374832,,,,
32122.816,,56.295,23.5,10698.03,20.15,2501.5,0,,,,56.87987887,10.91459175,,,,
32131.813,13.61,56.294,23.5,10722.11,20.15,2500.07,0,,,,57.014917,10.90657245,,,,
32140.792,13.61,56.294,23.5,10655.74,20.15,2499.92,0,,,,56.64272095,10.90573127,,,,
32149.784,13.62,56.295,23.49,10728.88,20.14,2506.78,0,,,,57.05288246,10.94420144,,,,
32159.875,13.62,56.293,23.5,10747.85,20.12,2507.43,0,,,,57.15926424,10.94784657,,,,
32168.832,13.62,56.294,23.5,10647.16,20.12,2501.5,0,,,,56.5946052,10.91459175,,,,
32177.774,13.61,56.295,23.5,10683.58,20.13,2507.42,0,,,,56.79884477,10.94779049,,,,
32186.766,13.61,56.296,23.5,10647.43,20.13,2504.21,0,,,,56.59611934,10.92978914,,,,
32196.856,13.62,56.293,23.5,10712.74,20.13,2508.42,0,,,,56.96237102,10.95339838,,,,
32205.84,13.62,56.293,23.5,10679.12,20.13,2506.11,0,,,,56.77383356,10.94044415,,,,
32214.927,13.62,56.292,23.5,10672.02,20.12,2510.33,0,,,,56.7340175,10.96410947,,,,
32224.789,13.62,56.295,23.5,10718.26,20.12,2514.81,0,,,,56.9933266,10.98923284,,,,
32233.756,13.61,56.294,23.5,10728.64,20.11,2515.69,0,,,,57.05153656,10.99416779,,,,
32242.874,13.61,56.294,23.5,10681.03,20.11,2513.6,0,,,,56.78454464,10.98244729,,,,
32251.83,13.61,56.295,23.5,10715.57,20.11,2514.23,0,,,,56.97824136,10.98598026,,,,
32260.836,13.61,56.294,23.5,10659.83,20.11,2511.65,0,,,,56.66565725,10.97151189,,,,
32270.878,13.61,56.294,23.5,10708.55,20.11,2517.33,0,,,,56.93887393,11.00336474,,,,
32279.88,13.62,56.293,23.5,10749.99,20.1,2520.74,0,,,,57.17126514,11.02248766,,,,
32288.828,13.61,56.293,23.51,10695.15,20.1,2514.41,0,,,,56.86372813,10.98698968,,,,
32297.82,13.62,56.293,23.5,10703.57,20.1,2515.95,0,,,,56.91094661,10.99562584,,,,
32307.768,13.62,56.293,23.5,10709.17,20.1,2517.86,0,,,,56.94235083,11.00633692,,,,
32316.86,13.61,56.292,23.5,10686.83,20.1,2518.99,0,,,,56.81707044,11.01267384,,,,
32325.851,13.6,56.293,23.5,10744.1,20.1,2522.83,0,,,,57.13823463,11.03420817,,,,
32334.809,13.61,56.293,23.51,10730.13,20.1,2523.3,0,,,,57.05989233,11.03684388,,,,
32344.778,13.6,56.293,23.5,10704.84,20.1,2523.62,0,,,,56.91806864,11.0386384,,,,
32353.874,13.61,56.291,23.5,10750.46,20.1,2527.1,0,,,,57.17390085,11.05815388,,,,
32362.852,13.61,56.292,23.5,10718.25,20.1,2526.73,0,,,,56.99327052,11.05607896,,,,
32371.86,13.61,56.292,23.51,10750.36,20.11,2528.54,0,,,,57.17334006,11.06622925,,,,
32381.933,13.62,56.295,23.51,10695.96,20.11,2524.82,0,,,,56.86827052,11.04536788,,,,
32390.895,13.62,56.295,23.5,10725.84,20.11,2530.16,0,,,,57.03583445,11.07531404,,,,
32399.869,13.61,56.296,23.51,10679.85,20.11,2526.42,0,,,,56.77792732,11.05434051,,,,
32408.852,13.61,56.294,23.51,10681.13,20.11,2527.49,0,,,,56.78510543,11.06034096,,,,
32418.929,13.61,56.293,23.51,10741.66,20.11,2532.49,0,,,,57.12455137,11.08838044,,,,
32427.941,13.61,56.293,23.51,10689.88,20.1,2529.64,0,,,,56.83417452,11.07239794,,,,
32436.907,13.6,56.294,23.51,10683.21,20.1,2535.95,0,,,,56.79676985,11.10778376,,,,
32446.84,13.6,56.294,23.51,10752.67,20.1,2536.41,0,,,,57.1862943,11.11036339,,,,
32455.828,13.6,56.293,23.51,10729.23,20.1,2537.02,0,,,,57.05484522,11.11378421,,,,
32464.921,13.6,56.294,23.51,10741.68,20.1,2535.71,0,,,,57.12466353,11.10643786,,,,
32473.902,13.6,56.292,23.5,10700.18,20.1,2534.15,0,,,,56.89193585,11.09768955,,,,
32483.866,13.61,56.292,23.5,10729.61,20.1,2540.26,0,,,,57.05697622,11.13195379,,,,
32492.849,13.6,56.291,23.5,10752.29,20.1,2539.84,0,,,,57.1841633,11.12959847,,,,
32501.935,13.61,56.287,23.51,10711.01,20.11,2540.44,0,,,,56.95266936,11.13296321,,,,
32510.886,13.61,56.287,23.51,10748.27,20.12,2541.39,0,,,,57.16161956,11.13829071,,,,
32519.888,13.61,56.288,23.5,10744.96,20.11,2548.68,0,,,,57.14305742,11.17917227,,,,
32529.942,13.61,56.288,23.5,10738.95,20.12,2550.01,0,,,,57.10935397,11.18663078,,,,
32539.055,13.61,56.287,23.5,10739.02,20.12,2550.28,0,,,,57.10974652,11.18814491,,,,
32548.918,13.61,56.287,23.5,10743.51,20.12,2550.96,0,,,,57.13492598,11.19195828,,,,
32558.871,13.61,56.286,23.51,10746.54,20.11,2534.44,0,,,,57.1519179,11.09931584,,,,
32567.863,13.6,56.286,23.5,10740.72,20.12,2553.14,0,,,,57.11927995,11.20418349,,,,
32576.946,13.6,56.286,23.5,10745.15,20.12,2551,0,,,,57.14412293,11.19218259,,,,
32586.927,13.6,56.285,23.5,10745.27,20.11,2541.42,0,,,,57.14479587,11.13845895,,,,
32595.908,13.61,56.285,23.5,10742.5,20.12,2514.96,0,,,,57.129262,10.99007402,,,,
32604.992,13.61,56.286,23.5,10743.72,20.12,2552.01,0,,,,57.13610363,11.19784657,,,,
32613.949,13.66,56.284,23.5,10746.12,20.13,2540.61,1,,,,57.14956258,11.13391655,,,,
32623.957,13.65,56.284,23.5,10746.25,20.13,2551.18,0,,,,57.15029161,11.19319201,,,,
32632.926,13.64,56.284,23.5,10749.06,20.13,2548.94,0,,,,57.1660498,11.18063033,,,,
32641.892,13.65,56.285,23.5,10749.98,20.13,2534.43,0,,,,57.17120906,11.09925976,,,,
32651.002,13.64,56.285,23.5,10747.34,20.12,2302.96,0,,,,57.15640422,9.80120009,,,,
32660.954,13.65,56.284,23.5,10747.14,20.12,2546.77,0,,,,57.15528264,11.16846119,,,,
32669.923,13.63,56.283,23.49,10748.72,20.12,2542.25,0,,,,57.16414311,11.1431135,,,,
32679.024,13.65,56.284,23.5,10750.26,20.11,2525.84,0,,,,57.17277927,11.05108793,,,,
32688.962,13.65,56.283,23.5,10748.82,20.12,2540.69,0,,,,57.1647039,11.13436519,,,,
32698.95,13.65,56.284,23.5,10750.82,20.11,2536.99,0,,,,57.17591969,11.11361597,,,,
32707.951,13.65,56.282,23.5,10751.88,20.11,2538.14,0,,,,57.18186406,11.12006505,,,,
32718.021,13.65,56.283,23.5,10753.86,20.11,2511.44,0,,,,57.1929677,10.97033423,,,,
32727.987,13.65,56.283,23.5,10754.63,20.11,2535.87,0,,,,57.19728578,11.10733513,,,,
32736.983,13.65,56.281,23.5,10754.67,20.11,2541.63,0,,,,57.19751009,11.13963661,,,,
32746.938,13.65,56.283,23.5,10754.54,20.11,2541.6,0,,,,57.19678107,11.13946837,,,,
32757.043,13.65,56.283,23.51,10756.95,20.1,2536.7,0,,,,57.2102961,11.11198968,,,,
32767.004,13.65,56.284,23.5,10756.22,20.11,2517.48,0,,,,57.20620233,11.00420592,,,,
32776.979,13.65,56.285,23.5,10755.47,20.11,2543.58,0,,,,57.20199641,11.15057201,,,,
32785.967,13.64,56.284,23.5,10756.75,20.11,2545.18,0,,,,57.20917452,11.15954464,,,,
32795.043,13.65,56.283,23.5,10758.26,20.1,2547.75,0,,,,57.21764244,11.17395693,,,,
32804.015,13.65,56.283,23.5,10759.36,20.09,2547.09,0,,,,57.22381113,11.17025572,,,,
32814.002,13.64,56.284,23.5,10758.82,20.1,2537.07,0,,,,57.22078286,11.1140646,,,,
32822.974,13.65,56.282,23.5,10758.83,20.09,2516.85,0,,,,57.22083894,11.00067295,,,,
32833.04,13.66,56.283,23.5,10759.69,20.09,2548.42,0,,,,57.22566173,11.17771422,,,,
32843.035,13.66,56.282,23.5,10762.59,20.09,2550.4,0,,,,57.24192463,11.18881786,,,,
32852.014,13.7,56.283,23.5,10762.88,20.08,2549.95,0,,,,57.24355092,11.1862943,,,,
32861.955,13.7,56.282,23.5,10762.17,20.08,2548.56,0,,,,57.23956931,11.17849933,,,,
32872.03,13.7,56.28,23.5,10764.32,20.08,2528.45,0,,,,57.25162629,11.06572454,,,,
32881.013,13.7,56.281,23.5,10762.12,20.08,2549.82,0,,,,57.23928892,11.18556528,,,,
32890.995,13.7,56.279,23.5,10763.17,20.09,2545.38,0,,,,57.24517721,11.16066622,,,,
32899.983,13.7,56.277,23.5,10753.55,20.1,2538.01,0,,,,57.19122925,11.11933603,,,,
32909.074,13.7,56.277,23.51,10749.68,20.1,2537.21,0,,,,57.16952669,11.11484971,,,,
32919.007,13.7,56.278,23.5,10754.43,20.11,2538.89,0,,,,57.1961642,11.12427097,,,,
32929,13.7,56.278,23.5,10745.73,20.11,2542.15,0,,,,57.1473755,11.14255271,,,,
32938.113,13.7,56.277,23.51,10747.53,20.11,2543.02,0,,,,57.15746972,11.14743158,,,,
32948.086,13.7,56.277,23.51,10751.48,20.11,2546.42,0,,,,57.17962091,11.16649843,,,,
32958.022,13.7,56.276,23.5,10750.64,20.11,2547.71,0,,,,57.17491027,11.17373262,,,,
32967.029,13.7,56.277,23.5,10756.72,20.12,2551.41,0,,,,57.20900628,11.19448183,,,,
32977.101,13.7,56.274,23.51,10752.93,20.11,2550.53,0,,,,57.18775236,11.18954688,,,,
32987.081,13.7,56.275,23.5,10753.32,20.11,2552.96,0,,,,57.18993943,11.20317407,,,,
32997.026,13.7,56.274,23.51,10755,20.11,2553.24,0,,,,57.1993607,11.20474428,,,,
33007.038,13.7,56.275,23.5,10756.32,20.11,2553.67,0,,,,57.20676312,11.20715568,,,,
33016.082,13.7,56.275,23.51,10757.19,20.11,2553.81,0,,,,57.21164199,11.20794078,,,,
33026.092,13.69,56.274,23.51,10757.37,20.1,2555.6,0,,,,57.21265141,11.21797891,,,,
33036.065,13.7,56.274,23.51,10757.24,20.1,2556.31,0,,,,57.21192239,11.22196052,,,,
33045.037,13.7,56.274,23.51,10757.98,20.1,2557.05,0,,,,57.21607223,11.22611036,,,,
33055.129,13.7,56.274,23.51,10758.65,20.1,2558.93,0,,,,57.21982952,11.23665321,,,,
33065.087,13.69,56.274,23.51,10759.54,20.1,2559.38,0,,,,57.22482055,11.23917676,,,,
33075.078,13.71,56.274,23.51,10759.95,20.11,2561.55,0,,,,57.22711978,11.2513459,,,,
33085.121,,56.273,23.51,10761.22,20.11,2563.74,0,,,,57.23424181,11.26362719,,,,
33094.122,13.76,56.273,23.51,10762.29,20.11,2562.04,0,,,,57.24024226,11.25409376,,,,
33104.062,13.76,56.274,23.51,10762.99,20.11,2563.83,0,,,,57.24416779,11.2641319,,,,
33114.064,13.76,56.273,23.51,10763.45,20.12,2564.35,0,,,,57.24674742,11.267048,,,,
33123.162,13.76,56.274,23.51,10763.57,20.12,2566.78,0,,,,57.24742037,11.28067519,,,,
33133.109,13.76,56.273,23.51,10765.14,20.12,2568.59,0,,,,57.25622476,11.29082548,,,,
33143.094,13.75,56.273,23.51,10766.13,20.13,2570.08,0,,,,57.26177658,11.29918125,,,,
33152.064,13.75,56.272,23.52,10765.89,20.13,2570.87,0,,,,57.26043069,11.30361148,,,,
33162.115,13.75,56.273,23.51,10766.38,20.13,2571.77,0,,,,57.26317856,11.30865859,,,,
33172.136,13.75,56.274,23.51,10768.02,20.13,2573.06,0,,,,57.2723755,11.31589278,,,,
33182.105,13.76,56.272,23.51,10769.21,20.13,2574.2,0,,,,57.2790489,11.32228578,,,,
33192.052,13.76,56.273,23.51,10770.97,20.14,2575.7,0,,,,57.2889188,11.33069762,,,,
33201.159,13.75,56.273,23.52,10771.4,20.14,2578.97,0,,,,57.29133019,11.34903544,,,,
33211.133,13.75,56.271,23.52,10772.09,20.15,2579.31,0,,,,57.29519964,11.35094213,,,,
33221.106,13.75,56.272,23.52,10772.65,20.15,2580.11,0,,,,57.29834006,11.35542844,,,,
33230.079,13.75,56.276,23.52,10771.71,20.15,2580.61,0,,,,57.29306864,11.35823239,,,,
33240.174,13.75,56.276,23.52,10774.24,20.14,2578.34,0,,,,57.30725662,11.34550247,,,,
33250.125,13.76,56.275,23.52,10773.79,20.14,2579.75,0,,,,57.30473306,11.3534096,,,,
33260.131,13.76,56.277,23.52,10775.4,20.14,2582.38,0,,,,57.31376178,11.36815837,,,,
33269.112,13.76,56.275,23.52,10776.49,20.15,2583.54,0,,,,57.31987438,11.37466353,,,,
33278.168,13.75,56.274,23.52,10777.97,20.16,2583.11,0,,,,57.32817407,11.37225213,,,,
33287.158,13.75,56.275,23.52,10777.58,20.15,2586.15,0,,,,57.32598699,11.38930013,,,,
33297.124,13.75,56.276,23.52,10776.76,20.15,2586.51,0,,,,57.32138852,11.39131898,,,,
33306.113,13.75,56.273,23.52,10778.24,20.14,2587.37,0,,,,57.3296882,11.39614177,,,,
33316.204,13.76,56.274,23.52,10780.08,20.14,2586.86,0,,,,57.34000673,11.39328174,,,,
33326.158,13.76,56.276,23.52,10779.88,20.13,2589.08,0,,,,57.33888515,11.40573127,,,,
33336.121,13.76,56.27,23.53,10781.11,20.13,2586.89,0,,,,57.34578286,11.39344998,,,,
33345.223,13.76,56.269,23.52,10782.02,20.12,2586.97,0,,,,57.35088605,11.39389861,,,,
33355.172,13.76,56.27,23.52,10783.13,20.12,2587.29,0,,,,57.35711081,11.39569314,,,,
33365.196,13.76,56.27,23.52,10781.81,20.12,2589.94,0,,,,57.34970839,11.41055406,,,,
33375.135,13.76,56.271,23.52,10784.83,20.12,2589.71,0,,,,57.36664424,11.40926424,,,,
33384.231,13.76,56.271,23.53,10786.58,20.12,2589.39,0,,,,57.37645805,11.40746972,,,,
33394.199,13.76,56.271,23.52,10785.73,20.12,2589.3,0,,,,57.37169134,11.40696501,,,,
33404.162,13.76,56.271,23.52,10787.02,20.12,2590.8,0,,,,57.37892553,11.41537685,,,,
33414.231,13.75,56.271,23.53,10787.84,20.12,2591.16,0,,,,57.383524,11.41739569,,,,
33424.196,13.75,56.271,23.52,10788.07,20.12,2591.21,0,,,,57.38481382,11.41767609,,,,
33433.183,13.75,56.27,23.53,10786.96,20.12,2590.31,0,,,,57.37858905,11.41262898,,,,
33443.184,13.76,56.271,23.53,10789.85,20.13,2590.75,0,,,,57.39479587,11.41509646,,,,
33453.258,13.76,56.272,23.53,10790.34,20.13,2590.2,0,,,,57.39754374,11.41201211,,,,
33463.232,13.75,56.272,23.53,10805.5,20.13,2598.47,0,,,,57.48255944,11.45838941,,,,
33472.2,13.76,56.272,23.52,10808.21,20.13,2599.98,0,,,,57.49775684,11.46685734,,,,
33482.171,13.76,56.273,23.53,10808.98,20.13,2601.1,0,,,,57.50207492,11.47313818,,,,
33491.275,13.75,56.272,23.53,10809.91,20.13,2601.66,0,,,,57.50729026,11.4762786,,,,
33500.256,13.75,56.272,23.53,10810.22,20.13,2590.13,0,,,,57.50902871,11.41161956,,,,
33510.237,13.75,56.272,23.53,10810.25,20.13,2601.96,0,,,,57.50919695,11.47796097,,,,
33519.204,13.75,56.272,23.53,10812.24,20.13,2599.59,0,,,,57.52035666,11.46467026,,,,
33529.283,13.75,56.273,23.53,10813.02,20.13,2594.37,0,,,,57.52473082,11.43539704,,,,
33539.238,13.76,56.273,23.53,10813.86,20.13,2571.38,0,,,,57.52944145,11.30647151,,,,
33548.228,13.76,56.274,23.53,10813.88,20.13,2596.32,0,,,,57.52955361,11.44633244,,,,
33558.209,13.75,56.273,23.53,10814.3,20.13,2595.1,0,,,,57.53190893,11.4394908,,,,
33568.279,13.75,56.274,23.53,10815.23,20.12,2583.06,0,,,,57.53712427,11.37197174,,,,
33578.269,13.75,56.273,23.52,10814.22,20.12,2541.6,0,,,,57.5314603,11.13946837,,,,
33587.231,13.75,56.273,23.53,10815.77,20.13,2586.82,0,,,,57.54015253,11.39305742,,,,
33597.305,13.75,56.277,23.53,10817.73,20.12,2593.98,0,,,,57.55114401,11.43320996,,,,
33607.291,13.75,56.277,23.53,10817.61,20.12,2578.64,0,,,,57.55047106,11.34718484,,,,
33617.271,13.76,56.276,23.53,10817.74,20.11,2596.85,0,,,,57.55120009,11.44930462,,,,
33626.215,13.76,56.278,23.53,10818.07,20.11,2580.95,0,,,,57.5530507,11.36013908,,,,
33636.316,13.76,56.279,23.53,10820.22,20.11,2587.17,0,,,,57.56510767,11.39502019,,,,
33646.299,13.75,56.28,23.53,10819.72,20.11,2574.42,0,,,,57.56230372,11.32351952,,,,
33655.279,13.75,56.279,23.53,10820.43,20.11,2587.52,0,,,,57.56628533,11.39698295,,,,
33665.26,13.75,56.279,23.53,10821.5,20.11,2585.79,0,,,,57.57228578,11.38728129,,,,
33675.33,13.75,56.28,23.53,10819.84,20.11,2567.74,0,,,,57.56297667,11.28605877,,,,
33685.298,13.75,56.28,23.53,10821.11,20.11,2581.44,0,,,,57.5700987,11.36288694,,,,
33695.289,13.75,56.28,23.53,10822.51,20.12,2585.43,0,,,,57.57794975,11.38526245,,,,
33704.259,13.76,56.281,23.52,10823.24,20.12,2590.62,0,,,,57.58204352,11.41436743,,,,
33714.302,13.75,56.279,23.53,10823.6,20.12,2592.47,0,,,,57.58406236,11.42474204,,,,
33724.314,13.75,56.282,23.53,10824.1,20.12,2584.4,0,,,,57.58686631,11.37948632,,,,
33733.295,13.76,56.28,23.52,10823.64,20.12,2561,0,,,,57.58428668,11.24826155,,,,
33743.256,13.76,56.281,23.52,10823.5,20.12,2591.73,0,,,,57.58350157,11.42059219,,,,
33753.341,13.8,56.28,23.52,10824.84,20.12,2597.3,0,,,,57.59101615,11.45182817,,,,
33763.318,13.8,56.279,23.52,10824.66,20.11,2599.76,0,,,,57.59000673,11.4656236,,,,
33773.296,13.79,56.278,23.52,10825.07,20.11,2600.22,0,,,,57.59230597,11.46820323,,,,
33782.266,13.8,56.278,23.52,10826.05,20.11,2592.05,0,,,,57.5978017,11.42238672,,,,
33791.322,13.79,56.279,23.52,10825.94,20.11,2571.23,0,,,,57.59718484,11.30563033,,,,
33800.338,13.8,56.279,23.52,10826.11,20.11,2599.91,0,,,,57.59813818,11.46646478,,,,
33810.296,13.79,56.279,23.52,10824.8,20.11,2601.73,0,,,,57.59079183,11.47667115,,,,
33819.292,13.81,56.279,23.51,10827.23,20.11,2605.46,0,,,,57.60441902,11.4975886,,,,
33828.362,13.81,56.281,23.52,10827.6,20.11,2605.12,0,,,,57.60649394,11.49568192,,,,
33838.332,13.8,56.28,23.51,10827.33,20.1,2588.26,0,,,,57.60497981,11.40113279,,,,
33847.323,13.81,56.281,23.51,10818.54,20.09,2599.8,0,,,,57.55568641,11.46584791,,,,
33856.387,13.8,56.282,23.51,10809.22,20.08,2594.96,0,,,,57.50342082,11.4387057,,,,
33866.357,13.8,56.281,23.51,10802.09,20.08,2594.16,0,,,,57.46343652,11.43421938,,,,
33876.324,13.81,56.28,23.51,10798.8,20.09,2594.37,0,,,,57.44498654,11.43539704,,,,
33885.321,13.8,56.281,23.51,10808.83,20.09,2596.17,0,,,,57.50123374,11.44549125,,,,
33895.315,13.8,56.281,23.51,10815.74,20.09,2596.54,0,,,,57.5399843,11.44756617,,,,
33904.39,13.8,56.283,23.51,10807.52,20.09,2599.14,0,,,,57.49388739,11.4621467,,,,
33913.368,13.79,56.283,23.51,10827.25,20.1,2599.47,0,,,,57.60453118,11.46399731,,,,
33922.328,13.79,56.283,23.51,10811.57,20.1,2601.5,0,,,,57.51659937,11.47538134,,,,
33932.427,13.79,56.282,23.51,10802.07,20.1,2601.31,0,,,,57.46332436,11.47431584,,,,
33941.387,13.8,56.281,23.51,10822.73,20.11,2601.66,0,,,,57.57918349,11.4762786,,,,
33950.368,13.8,56.283,23.5,10800.38,20.11,2603.08,0,,,,57.45384702,11.48424181,,,,
33959.366,13.8,56.283,23.5,10806.63,20.11,2603.15,0,,,,57.48889637,11.48463437,,,,
33969.417,13.79,56.284,23.51,10820.07,20.12,2604.43,0,,,,57.56426649,11.49181247,,,,
33978.393,13.79,56.282,23.5,10805.09,20.12,2603.79,0,,,,57.48026021,11.48822342,,,,
33987.381,13.85,56.284,23.5,10812.97,20.12,2606.28,0,,,,57.52445043,11.50218708,,,,
33996.35,13.85,56.284,23.51,10809.29,20.12,2607.32,0,,,,57.50381337,11.50801929,,,,
34006.457,13.85,56.287,23.51,10834.82,20.13,2609.15,0,,,,57.64698295,11.51828174,,,,
34016.413,13.84,56.286,23.5,10824.45,20.13,2608.97,0,,,,57.58882907,11.51727232,,,,
34025.412,13.84,56.286,23.5,10831.88,20.11,2609.27,0,,,,57.63049574,11.51895469,,,,
34035.377,13.84,56.285,23.51,10833.73,20.1,2611.96,0,,,,57.64087035,11.53403993,,,,
34044.501,13.85,56.287,23.5,10821.86,20.1,2612.88,0,,,,57.57430462,11.53919919,,,,
34053.794,13.85,56.286,23.5,10828.17,20.11,2614.13,0,,,,57.60969044,11.54620906,,,,
34063.6,13.85,56.287,23.5,10803.87,20.11,2614.96,0,,,,57.47341857,11.55086362,,,,
34073.458,13.85,56.288,23.5,10829.47,20.11,2617.31,0,,,,57.61698071,11.56404217,,,,
34082.468,13.85,56.286,23.51,10810.19,20.1,2619.01,0,,,,57.50886048,11.57357559,,,,
34092.446,13.85,56.288,23.5,10803.79,20.09,2618.92,0,,,,57.47296994,11.57307088,,,,
34102.482,13.84,56.289,23.51,10804.44,20.09,2620.57,0,,,,57.47661507,11.58232391,,,,
34111.404,13.85,56.288,23.5,10840.21,20.09,2621.71,0,,,,57.67720951,11.58871691,,,,
34121.512,13.84,56.289,23.5,10822.64,20.1,2622.89,0,,,,57.57867878,11.59533423,,,,
34131.463,13.85,56.289,23.5,10808.88,20.1,2623.99,0,,,,57.50151413,11.60150292,,,,
34140.436,13.85,56.288,23.5,10807.11,20.11,2625.27,0,,,,57.49158816,11.60868102,,,,
34150.543,13.85,56.289,23.5,10810.89,20.11,2629.08,0,,,,57.512786,11.63004711,,,,
34159.535,13.84,56.291,23.5,10845.8,20.11,2631.48,0,,,,57.70855765,11.64350606,,,,
34168.507,13.85,56.29,23.5,10813.75,20.12,2630.44,0,,,,57.52882459,11.63767384,,,,
34178.461,13.85,56.29,23.5,10843.76,20.12,2635.66,0,,,,57.69711754,11.66694706,,,,
34188.539,13.85,56.29,23.51,10822.07,20.12,2634.87,0,,,,57.57548228,11.66251682,,,,
34197.537,13.85,56.291,23.5,10823.09,20.12,2637.39,0,,,,57.58120233,11.67664872,,,,
34207.483,13.85,56.291,23.5,10817.42,20.13,2639.56,0,,,,57.54940556,11.68881786,,,,
34217.46,13.84,56.292,23.5,10845.12,20.12,2642.03,0,,,,57.70474428,11.70266936,,,,
34226.526,13.9,56.291,23.5,10840.07,20.12,2644.1,0,,,,57.67642441,11.7142777,,,,
34236.517,13.9,56.291,23.5,10847.71,20.11,2642.08,0,,,,57.71926873,11.70294975,,,,
34245.504,13.9,56.292,23.5,10830.49,20.12,2643.77,0,,,,57.62270076,11.7124271,,,,
34254.489,13.9,56.293,23.51,10843.09,20.12,2645.16,0,,,,57.69336025,11.72022207,,,,
34263.556,13.9,56.294,23.5,10828.19,20.12,2646.34,0,,,,57.6098026,11.72683939,,,,
34273.521,13.89,56.294,23.5,10842.81,20.12,2647.14,0,,,,57.69179004,11.73132571,,,,
34282.515,13.89,56.295,23.51,10826.69,20.12,2647.96,0,,,,57.60139076,11.73592418,,,,
34291.497,13.9,56.296,23.51,10832.65,20.12,2646.41,0,,,,57.63481382,11.72723194,,,,
34300.544,13.9,56.295,23.5,10816.79,20.12,2649.64,0,,,,57.54587259,11.74534545,,,,
34310.55,13.9,56.296,23.5,10843.43,20.12,2651.2,0,,,,57.69526694,11.75409376,,,,
34319.577,13.9,56.297,23.5,10824.49,20.12,2650.56,0,,,,57.58905339,11.75050471,,,,
34328.528,13.9,56.296,23.5,10819.66,20.11,2651.3,0,,,,57.56196725,11.75465455,,,,
34337.589,13.9,56.296,23.51,10856.63,20.11,2651.62,0,,,,57.76929116,11.75644908,,,,
34347.547,13.9,56.298,23.51,10819.4,20.11,2652.21,0,,,,57.5605092,11.75975774,,,,
34356.541,13.9,56.297,23.51,10824.17,20.12,2652.12,0,,,,57.58725886,11.75925303,,,,
34365.525,13.9,56.299,23.5,10860.23,20.11,2657.27,0,,,,57.78947959,11.78813369,,,,
34374.596,13.89,56.298,23.5,10835.25,20.11,2653.9,0,,,,57.64939435,11.76923508,,,,
34384.562,13.89,56.297,23.51,10857.66,20.11,2655.65,0,,,,57.77506729,11.7790489,,,,
34393.56,13.89,56.298,23.5,10823.24,20.11,2656.12,0,,,,57.58204352,11.78168461,,,,
34402.534,13.89,56.298,23.51,10823.95,20.12,2656.18,0,,,,57.58602512,11.78202109,,,,
34411.595,13.9,56.298,23.51,10853.27,20.13,2658.6,0,,,,57.75044863,11.79559219,,,,
34421.578,13.89,56.298,23.51,10823.79,20.13,2657.08,0,,,,57.58512786,11.78706819,,,,
34430.57,13.89,56.298,23.51,10833.12,20.14,2658.9,0,,,,57.63744953,11.79727456,,,,
34439.509,13.9,56.3,23.51,10865.44,20.14,2667.96,0,,,,57.81869672,11.8480821,,,,
34448.619,13.9,56.3,23.51,10864.09,20.14,2669.47,0,,,,57.81112607,11.85655002,,,,
34458.59,13.9,56.299,23.51,10865.63,20.14,2670.27,0,,,,57.81976223,11.86103634,,,,
34468.592,13.9,56.298,23.51,10866.19,20.14,2670.72,0,,,,57.82290265,11.86355989,,,,
34478.521,13.9,56.299,23.5,10866.33,20.14,2660.8,0,,,,57.82368775,11.80792956,,,,
34488.641,13.9,56.297,23.51,10868.63,20.15,2670.01,0,,,,57.83658591,11.85957829,,,,
34497.58,13.9,56.296,23.51,10868.6,20.14,2667.96,0,,,,57.83641768,11.8480821,,,,
34507.55,13.94,56.296,23.51,10869.86,20.14,2660.56,0,,,,57.84348362,11.80658367,,,,
34517.631,13.93,56.294,23.51,10869.31,20.13,2625.43,0,,,,57.84039928,11.60957829,,,,
34526.616,13.93,56.295,23.51,10869.74,20.13,2656.56,0,,,,57.84281068,11.78415209,,,,
34536.593,13.93,56.297,23.51,10872.62,20.14,2662.35,0,,,,57.85896142,11.8166218,,,,
34545.594,13.93,56.295,23.51,10871.75,20.14,2653.87,0,,,,57.85408255,11.76906685,,,,
34554.534,13.93,56.296,23.51,10872.66,20.14,2578.91,0,,,,57.85918573,11.34869897,,,,
34563.607,13.92,56.296,23.51,10870.44,20.14,2662.18,0,,,,57.8467362,11.81566846,,,,
34573.615,13.93,56.297,23.51,10870.72,20.13,2660.85,0,,,,57.84830642,11.80820996,,,,
34582.632,13.93,56.296,23.51,10872.37,20.13,2645.77,0,,,,57.85755944,11.72364289,,,,
34591.571,13.92,56.296,23.51,10873.57,20.14,2662.51,0,,,,57.86428892,11.81751907,,,,
34600.634,13.93,56.297,23.51,10873.65,20.14,2663.22,0,,,,57.86473755,11.82150067,,,,
34610.633,13.94,56.297,23.51,10877.21,20.14,2661.93,0,,,,57.88470166,11.81426649,,,,
34619.65,13.93,56.297,23.51,10874.03,20.14,2642.12,0,,,,57.86686855,11.70317407,,,,
34628.586,13.93,56.296,23.51,10877.69,20.14,2663.83,0,,,,57.88739345,11.82492149,,,,
34637.628,13.93,56.296,23.51,10877.1,20.13,2663.52,0,,,,57.88408479,11.82318304,,,,
34647.636,13.93,56.297,23.51,10876.58,20.13,2658.73,0,,,,57.88116869,11.79632122,,,,
34657.632,13.93,56.297,23.5,10876.36,20.14,2633.78,0,,,,57.87993495,11.65640422,,,,
34666.697,13.93,56.298,23.51,10879.73,20.14,2661.92,0,,,,57.89883356,11.81421041,,,,
34676.679,13.93,56.299,23.51,10876.47,20.14,2662.96,0,,,,57.88055182,11.82004262,,,,
34685.671,13.93,56.298,23.51,10879.49,20.14,2655.7,0,,,,57.89748766,11.7793293,,,,
34694.637,13.93,56.299,23.51,10879.72,20.14,2640.39,0,,,,57.89877748,11.69347241,,,,
34703.722,13.93,56.3,23.51,10882.94,20.14,2668.78,0,,,,57.9168349,11.85268057,,,,
34713.718,13.93,56.299,23.51,10882.4,20.15,2670.61,0,,,,57.91380664,11.86294302,,,,
34723.665,13.93,56.298,23.51,10880.12,20.13,2672.38,0,,,,57.90102064,11.872869,,,,
34733.632,13.94,56.298,23.51,10882.98,20.13,2672.46,0,,,,57.91705922,11.87331763,,,,
34743.733,13.93,56.3,23.51,10881.32,20.13,2666.25,0,,,,57.90775011,11.8384926,,,,
34752.696,13.94,56.299,23.51,10883.32,20.13,2651.03,0,,,,57.9189659,11.75314042,,,,
34762.676,13.93,56.3,23.51,10885.42,20.12,2618.51,0,,,,57.93074249,11.57077165,,,,
34772.674,13.94,56.3,23.5,10885.57,20.11,2652.5,0,,,,57.93158367,11.76138403,,,,
34781.713,13.93,56.3,23.5,10886.1,20.1,2657.31,0,,,,57.93455585,11.78835801,,,,
34791.73,13.93,56.3,23.5,10882.03,20.1,2654.93,0,,,,57.91173172,11.77501122,,,,
34801.651,13.93,56.299,23.5,10886.33,20.09,2669.92,0,,,,57.93584567,11.85907358,,,,
34810.63,13.93,56.302,23.5,10886.41,20.1,2648.64,0,,,,57.9362943,11.73973755,,,,
34820.743,13.93,56.301,23.5,10880.69,20.09,2672.27,0,,,,57.90421714,11.87225213,,,,
34829.72,13.93,56.301,23.5,10882.79,20.09,2666.12,0,,,,57.91599372,11.83776357,,,,
34838.667,13.93,56.3,23.5,10843.49,20.08,2659.61,0,,,,57.69560341,11.80125617,,,,
34847.648,13.94,56.299,23.49,10879.32,20.08,2662.05,0,,,,57.89653432,11.81493943,,,,
34857.713,13.94,56.301,23.49,10845.61,20.09,2661.09,0,,,,57.70749215,11.80955585,,,,
34866.716,13.93,56.301,23.5,10867.83,20.09,2660.87,0,,,,57.8320996,11.80832212,,,,
34875.727,13.95,56.302,23.49,10845.91,20.09,2661.18,0,,,,57.70917452,11.81006057,,,,
34884.675,13.93,56.301,23.49,10844.71,20.08,2665.19,0,,,,57.70244504,11.83254823,,,,
34894.751,13.94,56.303,23.49,10895.51,20.08,2662.07,0,,,,57.98732616,11.81505159,,,,
34903.748,13.94,56.302,23.49,10864.85,20.08,2661.89,0,,,,57.81538807,11.81404217,,,,
34912.736,13.92,56.303,23.49,10879.6,20.08,2664.32,0,,,,57.89810453,11.82766936,,,,
34921.686,13.93,56.303,23.49,10845.53,20.08,2663.93,0,,,,57.70704352,11.82548228,,,,
34931.765,13.99,56.303,23.49,10867.57,20.08,2663.69,0,,,,57.83064154,11.82413638,,,,
34940.737,13.99,56.305,23.49,10893.49,20.07,2665.51,0,,,,57.97599821,11.83434275,,,,
34949.711,13.98,56.306,23.48,10890.95,20.05,2665.2,0,,,,57.96175415,11.83260431,,,,
34958.711,13.98,56.305,23.48,10883.66,20.05,2662.96,0,,,,57.92087259,11.82004262,,,,
34968.774,13.99,56.308,23.48,10901.86,20.05,2667.69,0,,,,58.02293629,11.84656797,,,,
34977.763,13.99,56.307,23.48,10887.67,20.04,2658.85,0,,,,57.94336025,11.79699417,,,,
34986.762,13.98,56.309,23.48,10871.45,20.05,2663.36,0,,,,57.85240018,11.82228578,,,,
34995.764,13.99,56.31,23.48,10848.96,20.05,2658.16,0,,,,57.7262786,11.79312472,,,,
35005.769,13.98,56.311,23.48,10905.15,20.05,2662.6,0,,,,58.04138627,11.81802378,,,,
35014.768,13.97,56.313,23.48,10847.76,20.05,2660.18,0,,,,57.71954913,11.80445267,,,,
35023.747,13.98,56.313,23.47,10887.61,20.05,2663.04,0,,,,57.94302378,11.82049125,,,,
35032.729,13.98,56.313,23.47,10852.72,20.04,2664.04,0,,,,57.74736429,11.82609915,,,,
35042.803,13.98,56.314,23.47,10896.24,20.04,2665.8,0,,,,57.99141992,11.83596904,,,,
35051.755,13.98,56.313,23.47,10872.4,20.04,2667.79,0,,,,57.85772768,11.84712876,,,,
35060.748,13.99,56.314,23.47,10843.33,20.04,2664.12,0,,,,57.69470615,11.82654778,,,,
35069.735,13.98,56.314,23.47,10843.93,20.04,2669.22,0,,,,57.69807088,11.85514805,,,,
35079.791,13.99,56.312,23.46,10864.63,20.04,2672.27,0,,,,57.81415433,11.87225213,,,,
35088.79,13.98,56.314,23.47,10841.95,20.03,2670.1,0,,,,57.68696725,11.860083,,,,
35097.742,13.98,56.314,23.47,10892.96,20.03,2674.3,0,,,,57.97302602,11.88363616,,,,
35106.844,13.97,56.315,23.46,10894.29,20.02,2678.94,0,,,,57.98048452,11.9096568,,,,
35116.819,13.98,56.316,23.46,10885.7,20.02,2677.35,0,,,,57.9323127,11.90074024,,,,
35125.781,13.99,56.316,23.46,10895.04,20.02,2679.44,0,,,,57.98469044,11.91246074,,,,
35134.797,13.98,56.317,23.46,10858.1,20.03,2679.01,0,,,,57.77753477,11.91004935,,,,
35143.775,13.97,56.317,23.46,10851.06,20.03,2680.96,0,,,,57.73805518,11.92098475,,,,
35153.822,13.98,56.316,23.46,10889.12,20.02,2682.31,0,,,,57.9514917,11.92855541,,,,
35162.815,13.98,56.316,23.45,10877.5,20.02,2686.67,0,,,,57.88632795,11.95300583,,,,
35171.744,13.98,56.317,23.46,10912.44,20.02,2685.02,0,,,,58.08226783,11.9437528,,,,
35180.857,14.03,56.319,23.46,10868.35,20.02,2684.04,0,,,,57.8350157,11.93825707,,,,
35190.851,14.03,56.318,23.45,10900.03,20.02,2688.44,0,,,,58.01267384,11.96293181,,,,
35199.812,14.02,56.318,23.45,10910.58,20.02,2690.74,0,,,,58.07183715,11.97582997,,,,
35208.805,14.02,56.318,23.45,10850.85,20.02,2685.74,0,,,,57.73687752,11.94779049,,,,
35217.796,14.04,56.32,23.45,10858.64,20.02,2687.69,0,,,,57.78056303,11.95872589,,,,
35227.857,14.03,56.32,23.45,10916.9,20.01,2694.1,0,,,,58.10727905,11.9946725,,,,
35236.884,14.03,56.319,23.45,10913.16,20.02,2694.05,0,,,,58.08630552,11.9943921,,,,
35245.851,14.04,56.32,23.45,10866.24,20.02,2693.25,0,,,,57.82318304,11.98990579,,,,
35254.916,14.03,56.32,23.44,10907.02,20.02,2697.97,0,,,,58.05187304,12.01637506,,,,
35264.837,14.02,56.32,23.45,10854.03,20.02,2693.81,0,,,,57.75471063,11.99304621,,,,
35273.853,14.03,56.322,23.44,10887.58,20.01,2697.19,0,,,,57.94285554,12.0120009,,,,
35282.855,14.02,56.321,23.44,10906.85,20,2698.29,0,,,,58.05091969,12.01816958,,,,
35291.817,14.03,56.322,23.44,10876.13,20.01,2695.21,0,,,,57.87864513,12.00089726,,,,
35301.892,14.02,56.322,23.44,10861.89,20.01,2697.78,0,,,,57.79878869,12.01530956,,,,
35310.848,14.02,56.323,23.44,10911.32,20.01,2701.02,0,,,,58.07598699,12.03347914,,,,
35319.857,14.02,56.324,23.44,10910.99,20.01,2697.13,0,,,,58.07413638,12.01166442,,,,
35328.848,14.02,56.323,23.43,10915.45,20.02,2701.24,0,,,,58.0991476,12.03471288,,,,
35338.916,14.02,56.324,23.44,10846.84,20.02,2699.17,0,,,,57.71438986,12.02310453,,,,
35347.871,14.02,56.324,23.43,10920.82,20.03,2706.32,0,,,,58.129262,12.06320099,,,,
35356.88,14.02,56.324,23.43,10863.99,20.03,2699.81,0,,,,57.81056528,12.02669358,,,,
35365.894,14.03,56.324,23.43,10924.36,20.03,2706.03,0,,,,58.14911395,12.0615747,,,,
35375.926,14.02,56.325,23.43,10855.52,20.03,2703.38,0,,,,57.7630664,12.04671377,,,,
35384.85,14.02,56.326,23.43,10928.46,20.04,2704.93,0,,,,58.17210633,12.05540601,,,,
35393.881,14.02,56.327,23.43,10858.08,20.05,2701.13,0,,,,57.77742261,12.03409601,,,,
35402.832,14.02,56.327,23.43,10917.56,20.05,2705.98,0,,,,58.11098026,12.0612943,,,,
35412.935,14.02,56.327,23.43,10901.78,20.05,2706.22,0,,,,58.02248766,12.0626402,,,,
35421.938,14.02,56.327,23.43,10923.59,20.05,2710.79,0,,,,58.14479587,12.08826828,,,,
35430.853,14.07,56.328,23.43,10869.8,20.06,2710.79,0,,,,57.84314715,12.08826828,,,,
35439.844,14.07,56.329,23.43,10866.91,20.06,2708.36,0,,,,57.82694033,12.07464109,,,,
35449.858,14.08,56.328,23.43,10919.59,20.06,2714.09,0,,,,58.12236429,12.10677434,,,,
35458.914,14.08,56.324,23.42,10905.01,20.06,2722.48,0,,,,58.04060117,12.15382459,,,,
35467.894,14.07,56.324,23.42,10910.82,20.05,2720.7,0,,,,58.07318304,12.14384253,,,,
35476.958,14.08,56.325,23.42,10903.9,20.05,2721.84,0,,,,58.0343764,12.15023553,,,,
35487.014,14.07,56.327,23.42,10904.49,20.04,2720.07,0,,,,58.03768506,12.14030956,,,,
35495.93,14.07,56.327,23.43,10906,20.05,2696.06,0,,,,58.04615298,12.00566397,,,,
35504.866,14.07,56.326,23.42,10903.32,20.05,2723.37,0,,,,58.03112382,12.15881561,,,,
35513.823,14.07,56.325,23.42,10909.68,20.05,2724.1,0,,,,58.06679004,12.16290938,,,,
35522.905,14.06,56.328,23.42,10911.61,20.05,2713.1,0,,,,58.07761328,12.10122252,,,,
35532.871,14.07,56.327,23.42,10905.86,20.06,2670.51,0,,,,58.04536788,11.86238223,,,,
35541.857,14.07,56.327,23.42,10914.12,20.06,2724.29,0,,,,58.0916891,12.16397488,,,,
35550.961,14.07,56.328,23.42,10915.47,20.06,2724.4,0,,,,58.09925976,12.16459175,,,,
35560.889,14.07,56.328,23.42,10908.69,20.06,2690.94,0,,,,58.06123822,11.97695155,,,,
35569.897,14.07,56.334,23.42,10915.43,20.06,2616.64,0,,,,58.09903544,11.56028488,,,,
35578.854,14.07,56.335,23.42,10912.45,20.07,2718.13,0,,,,58.08232391,12.12943024,,,,
35587.971,14.07,56.334,23.42,10911.6,20.07,2717.63,0,,,,58.0775572,12.12662629,,,,
35597.942,14.07,56.333,23.42,10910.25,20.07,2688.32,0,,,,58.06998654,11.96225886,,,,
35606.895,14.07,56.334,23.42,10919.82,20.08,2715.97,0,,,,58.1236541,12.11731718,,,,
35615.872,14.07,56.332,23.42,10916.7,20.08,2719.78,0,,,,58.10615747,12.13868327,,,,
35624.955,14.07,56.333,23.42,10918.54,20.09,2722.82,0,,,,58.116476,12.15573127,,,,
35634.928,14.07,56.332,23.42,10919.98,20.09,2709.99,0,,,,58.12455137,12.08378197,,,,
35643.933,14.07,56.332,23.42,10911.86,20.09,2668.24,0,,,,58.07901525,11.84965231,,,,
35652.857,14.07,56.334,23.42,10913.27,20.1,2726.62,0,,,,58.08692239,12.17704127,,,,
35661.97,14.07,56.333,23.42,10918.3,20.1,2724.35,0,,,,58.1151301,12.16431135,,,,
35671.932,14.07,56.334,23.42,10919.1,20.11,2710.29,0,,,,58.11961642,12.08546433,,,,
35680.91,14.07,56.332,23.43,10912.91,20.1,2726.01,0,,,,58.08490354,12.17362046,,,,
35689.911,14.07,56.334,23.42,10920.37,20.11,2725.06,0,,,,58.12673845,12.16829296,,,,
35698.979,14.07,56.336,23.42,10925.98,20.11,2726.3,0,,,,58.15819874,12.17524675,,,,
35708.958,14.07,56.338,23.43,10917.99,20.12,2724.73,0,,,,58.11339166,12.16644235,,,,
35717.923,14.07,56.339,23.42,10920.58,20.12,2723.5,0,,,,58.12791611,12.15954464,,,,
35726.908,14.07,56.339,23.43,10927.23,20.12,2720.24,0,,,,58.16520861,12.1412629,,,,
35735.97,14.07,56.339,23.43,10920.79,20.12,2702.75,0,,,,58.12909376,12.0431808,,,,
35744.96,14.07,56.339,23.43,10926.33,20.13,2717.11,0,,,,58.16016151,12.12371018,,,,
35754.932,14.07,56.338,23.43,10919.72,20.13,2713.35,0,,,,58.12309332,12.1026245,,,,
35763.923,14.07,56.339,23.43,10930.54,20.13,2716.08,0,,,,58.18377075,12.11793405,,,,
35773.009,14.07,56.339,23.43,10922.96,20.13,2717.15,0,,,,58.1412629,12.1239345,,,,
35782.989,14.07,56.339,23.43,10924.84,20.13,2716.68,0,,,,58.15180574,12.12129879,,,,
35791.966,14.07,56.337,23.43,10927.85,20.14,2710.96,0,,,,58.16868551,12.08922162,,,,
35800.919,14.07,56.336,23.43,10932.39,20.14,2686.08,0,,,,58.19414536,11.94969717,,,,
35810.014,14.07,56.338,23.43,10930.13,20.14,2714.8,0,,,,58.18147151,12.11075594,,,,
35820.135,14.07,56.336,23.44,10928.6,20.14,2716.39,0,,,,58.17289143,12.1196725,,,,
35828.969,14.07,56.338,23.43,10931.39,20.14,2713.55,0,,,,58.18853746,12.10374607,,,,
35837.972,14.07,56.339,23.44,10935.41,20.15,2694.64,0,,,,58.2110812,11.99770076,,,,
35846.985,14.07,56.34,23.44,10933.65,20.15,2632.03,0,,,,58.20121131,11.6465904,,,,
35856.02,14.07,56.339,23.44,10925.36,20.15,2677.11,0,,,,58.15472185,11.89939435,,,,
35865.973,14.07,56.341,23.44,10925,20.15,2726.83,0,,,,58.15270301,12.17821893,,,,
35874.947,14.06,56.34,23.44,10918.47,20.16,2702.41,0,,,,58.11608345,12.04127411,,,,
35884.002,14.07,56.341,23.44,10865.21,20.16,2716.29,0,,,,57.81740691,12.11911171,,,,
35893.024,14.07,56.342,23.44,10928.3,20.16,2720.71,0,,,,58.17120906,12.14389861,,,,
35902.973,14.07,56.341,23.44,10921.47,20.16,2724.15,0,,,,58.13290713,12.16318977,,,,
35912.002,14.07,56.339,23.44,10970.27,20.16,2721.08,0,,,,58.40657245,12.14597353,,,,
35921.037,14.07,56.34,23.44,10939.54,20.17,2727.49,0,,,,58.23424181,12.18192014,,,,
35931.008,14.07,56.341,23.44,10951.38,20.17,2717.11,0,,,,58.3006393,12.12371018,,,,
35940.001,14.06,56.341,23.44,10873.93,20.16,2720.18,0,,,,57.86630776,12.14092642,,,,
35948.967,14.07,56.34,23.45,10919.14,20.16,2726.72,0,,,,58.11984074,12.17760206,,,,
35958.053,14.07,56.34,23.45,10969.9,20.16,2731.08,0,,,,58.40449753,12.20205249,,,,
35968.013,14.07,56.34,23.45,10893.89,20.17,2718.32,0,,,,57.97824136,12.13049574,,,,
35977.005,14.07,56.34,23.45,10948.39,20.17,2728.8,0,,,,58.28387169,12.18926649,,,,
35985.972,14.07,56.341,23.45,10951.99,20.17,2732.11,0,,,,58.30406012,12.20782862,,,,
35995.06,14.07,56.342,23.45,10940.56,20.18,2699.22,0,,,,58.23996187,12.02338493,,,,
36005.062,14.07,56.343,23.46,10971.11,20.18,2730.31,0,,,,58.41128309,12.19773441,,,,
36014.014,14.07,56.343,23.45,10962.32,20.18,2736.76,0,,,,58.36198968,12.23390534,,,,
36023.02,14.06,56.342,23.46,10955.59,20.18,2736.4,0,,,,58.32424854,12.2318865,,,,
36032.077,14.07,56.342,23.46,10928.07,20.18,2735.15,0,,,,58.16991925,12.22487663,,,,
36042.052,14.08,56.342,23.46,10895.4,20.18,2735.69,0,,,,57.98670929,12.22790489,,,,
36051.031,14.09,56.342,23.46,10961.18,20.18,2745.76,0,,,,58.35559668,12.2843764,,,,
36060.025,,56.343,23.46,10971.08,20.17,2751.22,0,,,,58.41111485,12.31499551,,,,
36069.079,14.12,56.343,23.46,10887.63,20.17,2751.61,0,,,,57.94313594,12.31718259,,,,
36079.061,14.13,56.338,23.46,10907.67,20.17,2749.78,0,,,,58.05551817,12.30692014,,,,
36088.044,14.13,56.337,23.46,10971.02,20.17,2752.36,0,,,,58.41077838,12.32138852,,,,
36097.034,14.12,56.337,23.46,10916.23,20.17,2753.39,0,,,,58.10352176,12.32716465,,,,
36106.11,14.13,56.337,23.46,10975.45,20.17,2755.93,0,,,,58.43562135,12.3414087,,,,
36116.099,14.12,56.338,23.46,10971.46,20.17,2757.84,0,,,,58.41324585,12.35211978,,,,
36125.063,14.13,56.338,23.46,10906.9,20.17,2752.79,0,,,,58.05120009,12.32379991,,,,
36134.03,14.12,56.334,23.46,10973.27,20.17,2759.47,0,,,,58.42339614,12.36126066,,,,
36143.128,14.12,56.34,23.46,10929.58,20.17,2761.29,0,,,,58.17838717,12.37146703,,,,
36153.12,14.13,56.338,23.46,10904.42,20.16,2759.59,0,,,,58.03729251,12.3619336,,,,
36162.061,14.12,56.339,23.46,10961.85,20.16,2765.61,0,,,,58.35935397,12.39569314,,,,
36171.038,14.12,56.34,23.46,10971.13,20.16,2763.9,0,,,,58.41139524,12.38610363,,,,
36180.151,14.12,56.34,23.46,10912.64,20.16,2763.17,0,,,,58.08338941,12.38200987,,,,
36190.123,14.12,56.339,23.46,10963.53,20.15,2764.98,0,,,,58.36877524,12.39216016,,,,
36199.1,14.12,56.338,23.46,10956.42,20.15,2764.96,0,,,,58.3289031,12.392048,,,,
36208.068,14.12,56.34,23.46,10903.64,20.15,2764.63,0,,,,58.03291835,12.3901974,,,,
36217.137,14.12,56.339,23.46,10906.88,20.14,2765.41,0,,,,58.05108793,12.39457156,,,,
36227.138,14.13,56.338,23.46,10934.31,20.14,2765.65,0,,,,58.20491252,12.39591745,,,,
36237.103,14.12,56.339,23.46,10940.84,20.14,2765.01,0,,,,58.24153208,12.3923284,,,,
36246.101,14.12,56.339,23.46,10923.34,20.13,2770.27,0,,,,58.1433939,12.42182593,,,,
36256.182,14.13,56.337,23.45,10956.93,20.13,2771.7,0,,,,58.33176312,12.42984522,,,,
36265.129,14.12,56.338,23.46,10914.39,20.13,2768.52,0,,,,58.09320323,12.41201211,,,,
36274.104,14.13,56.337,23.45,10909.97,20.12,2769.9,0,,,,58.06841633,12.41975101,,,,
36283.092,14.12,56.338,23.45,10937.47,20.12,2774,0,,,,58.22263347,12.44274338,,,,
36293.185,14.12,56.337,23.45,10912.52,20.12,2771.67,0,,,,58.08271646,12.42967699,,,,
36302.148,14.12,56.337,23.45,10938.32,20.12,2772.56,0,,,,58.22740018,12.43466801,,,,
36311.122,14.17,56.336,23.45,10910.14,20.11,2772.24,0,,,,58.06936967,12.43287349,,,,
36320.105,14.18,56.338,23.45,10974.11,20.1,2774.26,0,,,,58.42810677,12.44420144,,,,
36330.191,14.17,56.336,23.45,10977.47,20.1,2780.44,0,,,,58.4469493,12.47885823,,,,
36339.164,14.17,56.336,23.45,10976.25,20.1,2780.09,0,,,,58.44010767,12.47689547,,,,
36348.161,14.17,56.336,23.45,10930.2,20.1,2776.66,0,,,,58.18186406,12.45766039,,,,
36357.113,14.17,56.334,23.45,10975.77,20.1,2781.75,0,,,,58.43741588,12.48620458,,,,
36367.215,14.18,56.335,23.44,10921.37,20.09,2776.81,0,,,,58.13234634,12.45850157,,,,
36376.189,14.17,56.337,23.45,10949.24,20.09,2782.77,0,,,,58.2886384,12.49192463,,,,
36385.172,14.18,56.334,23.45,10976.92,20.08,2782.79,0,,,,58.44386496,12.49203679,,,,
36394.116,14.18,56.335,23.44,10956.55,20.08,2779.87,0,,,,58.32963212,12.47566173,,,,
36404.223,14.17,56.335,23.44,10972.24,20.08,2782.59,0,,,,58.41762001,12.49091521,,,,
36413.192,14.18,56.334,23.44,10959.91,20.08,2783.63,0,,,,58.34847465,12.49674742,,,,
36422.16,14.17,56.334,23.44,10915.81,20.08,2780.86,0,,,,58.10116644,12.48121355,,,,
36431.151,14.18,56.333,23.44,10966.74,20.07,2780.18,0,,,,58.38677658,12.47740018,,,,
36441.241,14.18,56.333,23.44,10961.64,20.08,2792.04,0,,,,58.35817631,12.54390983,,,,
36450.21,14.17,56.334,23.44,10965.05,20.08,2790.62,0,,,,58.37729924,12.53594661,,,,
36459.167,14.17,56.333,23.44,10970.11,20.07,2792.88,0,,,,58.40567519,12.54862046,,,,
36468.128,14.17,56.334,23.44,10968.13,20.07,2787.35,0,,,,58.39457156,12.51760879,,,,
36478.239,14.17,56.333,23.44,10970.48,20.07,2760.78,0,,,,58.40775011,12.368607,,,,
36487.22,14.17,56.333,23.44,10966.13,20.06,2789.77,0,,,,58.38335576,12.5311799,,,,
36496.203,14.17,56.334,23.44,10970.14,20.06,2789.14,0,,,,58.40584343,12.52764693,,,,
36505.188,14.17,56.334,23.44,10970.6,20.06,2784.51,0,,,,58.40842306,12.50168237,,,,
36515.254,14.17,56.335,23.43,10969.99,20.07,2756.29,0,,,,58.40500224,12.34342755,,,,
36524.212,14.18,56.332,23.43,10966.9,20.06,2789.16,0,,,,58.38767384,12.52775908,,,,
36533.206,14.2,56.333,23.43,10968.39,20.06,2783.27,0,,,,58.39602961,12.49472858,,,,
36542.17,14.2,56.335,23.43,10971.16,20.06,2760.3,0,,,,58.41156348,12.36591521,,,,
36552.243,14.2,56.333,23.43,10970.14,20.05,2791,0,,,,58.40584343,12.53807761,,,,
36561.228,14.19,56.333,23.42,10968.25,20.05,2775.05,0,,,,58.3952445,12.44863167,,,,
36570.211,14.19,56.334,23.42,10972.8,20.05,2743.56,0,,,,58.42076043,12.27203903,,,,
36579.289,14.2,56.334,23.43,10970.59,20.04,2779.7,0,,,,58.40836698,12.47470839,,,,
36589.252,14.19,56.335,23.42,10969.99,20.04,2767.27,0,,,,58.40500224,12.40500224,,,,
36598.245,14.2,56.333,23.42,10970.57,20.03,2741.65,0,,,,58.40825482,12.26132795,,,,
36607.233,14.2,56.334,23.42,10971.38,20.03,2769.77,0,,,,58.41279722,12.41902198,,,,
36616.229,14.21,56.332,23.42,10970.99,20.03,2767.55,0,,,,58.41061014,12.40657245,,,,
36626.282,14.2,56.333,23.42,10973.55,20.03,2738.37,0,,,,58.42496635,12.24293405,,,,
36635.28,14.2,56.333,23.42,10973.44,20.02,2772.91,0,,,,58.42434948,12.43663078,,,,
36644.248,14.2,56.332,23.42,10972.38,20.02,2775.49,0,,,,58.41840511,12.45109915,,,,
36653.21,14.2,56.333,23.42,10974.82,20.02,2766.04,0,,,,58.43208838,12.39810453,,,,
36663.169,14.2,56.332,23.42,10975.03,20.02,2736.83,0,,,,58.43326604,12.23429789,,,,
36672.28,14.2,56.333,23.41,10975.08,20.01,2780.91,0,,,,58.43354643,12.48149394,,,,
36681.285,14.19,56.332,23.42,10973.99,20.01,2781.38,0,,,,58.42743383,12.48412965,,,,
36690.24,14.19,56.332,23.41,10974.62,20,2781.56,0,,,,58.4309668,12.48513908,,,,
36700.303,14.19,56.333,23.41,10974.19,20,2782.57,0,,,,58.42855541,12.49080305,,,,
36710.279,14.19,56.333,23.41,10975.35,20,2770.95,0,,,,58.43506057,12.4256393,,,,
36720.268,14.2,56.333,23.41,10971.99,20,2739.17,0,,,,58.41621803,12.24742037,,,,
36730.224,14.19,56.332,23.4,10974.67,20,2781.83,0,,,,58.4312472,12.48665321,,,,
36739.346,14.19,56.333,23.4,10972.95,19.99,2783.17,0,,,,58.42160162,12.49416779,,,,
36749.297,14.19,56.332,23.4,10974.9,19.99,2783.94,0,,,,58.43253701,12.49848587,,,,
36759.27,14.19,56.332,23.4,10975.09,19.99,2783.23,0,,,,58.43360251,12.49450426,,,,
36768.247,14.2,56.333,23.4,10977.26,19.98,2776.64,0,,,,58.44577165,12.45754823,,,,
36778.31,14.18,56.333,23.4,10974.83,19.98,2758.08,0,,,,58.43214446,12.35346568,,,,
36787.299,14.2,56.332,23.39,10974.19,19.98,2709.96,0,,,,58.42855541,12.08361373,,,,
36796.322,14.18,56.329,23.39,10976.54,19.97,2784.99,0,,,,58.44173396,12.50437416,,,,
36805.262,14.19,56.329,23.39,10975.91,19.97,2784.73,0,,,,58.43820099,12.50291611,,,,
36815.344,14.2,56.33,23.39,10976.8,19.96,2785.43,0,,,,58.44319201,12.50684163,,,,
36824.313,14.2,56.33,23.39,10977.57,19.96,2783.53,0,,,,58.44751009,12.49618663,,,,
36833.293,14.2,56.33,23.39,10975.94,19.96,2761.89,0,,,,58.43836922,12.37483176,,,,
36842.291,14.18,56.33,23.38,10970.11,19.96,2747.43,0,,,,58.40567519,12.29374159,,,,
36852.361,14.19,56.33,23.38,10971.12,19.96,2775.31,0,,,,58.41133917,12.45008973,,,,
36861.311,14.19,56.335,23.38,10945.72,19.96,2772.12,0,,,,58.26889861,12.43220054,,,,
36870.319,14.2,56.333,23.38,10976.15,19.96,2772.16,0,,,,58.43954688,12.43242485,,,,
36879.293,14.19,56.335,23.38,10953.12,19.96,2777.39,0,,,,58.31039704,12.46175415,,,,
36889.372,14.19,56.335,23.38,10944.58,19.96,2775.61,0,,,,58.26250561,12.4517721,,,,
36898.324,14.19,56.336,23.38,10943.23,19.96,2775.48,0,,,,58.25493495,12.45104307,,,,
36907.315,14.2,56.337,23.38,10974.2,19.96,2778.31,0,,,,58.42861148,12.46691341,,,,
36916.299,14.19,56.337,23.37,10971.5,19.95,2776.67,0,,,,58.41347017,12.45771646,,,,
36926.378,14.19,56.338,23.37,10966.31,19.95,2777.83,0,,,,58.38436519,12.46422162,,,,
36935.346,14.19,56.336,23.37,10968.55,19.95,2778.37,0,,,,58.39692687,12.46724989,,,,
36944.311,14.19,56.338,23.37,10967.82,19.96,2780.12,0,,,,58.39283311,12.47706371,,,,
36953.31,14.19,56.336,23.37,10974.19,19.95,2779.82,0,,,,58.42855541,12.47538134,,,,
36963.385,14.19,56.338,23.37,10946.42,19.95,2778.75,0,,,,58.27282414,12.46938089,,,,
36972.342,14.18,56.337,23.37,10960.22,19.96,2779.9,0,,,,58.3502131,12.47582997,,,,
36981.362,14.18,56.338,23.37,10947.43,19.96,2780.3,0,,,,58.27848811,12.47807313,,,,
36990.406,14.2,56.338,23.37,10947.2,19.96,2783.83,0,,,,58.2771983,12.497869,,,,
37000.383,14.19,56.337,23.36,10963.86,19.97,2784.37,0,,,,58.37062584,12.50089726,,,,
37009.346,14.18,56.338,23.36,10969,19.97,2785.33,0,,,,58.39945043,12.50628084,,,,
37018.349,,56.337,23.37,10960.87,19.96,2784.68,0,,,,58.35385823,12.50263571,,,,
37027.322,14.23,56.338,23.37,10975.32,19.97,2786.91,0,,,,58.43489233,12.51514132,,,,
37037.395,14.23,56.338,23.37,10975.69,19.97,2789.42,0,,,,58.43696725,12.52921714,,,,
37046.408,14.23,56.338,23.37,10953.69,19.97,2788.86,0,,,,58.31359354,12.52607672,,,,
37055.394,14.23,56.339,23.37,10953.24,19.97,2790.81,0,,,,58.31106999,12.53701211,,,,
37064.366,14.23,56.337,23.37,10978.01,19.97,2790.92,0,,,,58.44997757,12.53762898,,,,
37074.389,14.23,56.339,23.36,10958.38,19.98,2792.78,0,,,,58.33989457,12.54805967,,,,
37084.412,14.23,56.338,23.37,10971.81,19.98,2795.73,0,,,,58.41520861,12.56460296,,,,
37094.425,14.22,56.339,23.36,10976.47,19.98,2797.02,0,,,,58.44134141,12.57183715,,,,
37104.453,14.22,56.337,23.36,10959.05,19.98,2796.75,0,,,,58.34365186,12.57032301,,,,
37113.442,14.22,56.339,23.36,10978.09,19.99,2798.93,0,,,,58.4504262,12.58254823,,,,
37123.386,14.22,56.338,23.36,10968.53,20,2800.02,0,,,,58.39681472,12.58866083,,,,
37133.394,14.22,56.339,23.36,10963.93,20,2801.32,0,,,,58.37101839,12.5959511,,,,
37142.47,14.22,56.339,23.36,10963.65,20.01,2801.59,0,,,,58.36944818,12.59746523,,,,
37152.433,14.22,56.339,23.36,10967.64,20.01,2805.1,0,,,,58.39182369,12.61714895,,,,
37161.431,14.21,56.34,23.36,10970,20.01,2805.9,0,,,,58.40505832,12.62163526,,,,
37170.393,14.21,56.34,23.36,10974.52,20.01,2808.07,0,,,,58.43040601,12.6338044,,,,
37179.473,14.22,56.34,23.36,10966.95,20.01,2807.35,0,,,,58.38795424,12.62976671,,,,
37189.445,14.21,56.339,23.36,10968.86,20.01,2809.09,0,,,,58.39866532,12.63952445,,,,
37198.42,14.21,56.337,23.36,10967.58,20.01,2810.74,0,,,,58.39148721,12.64877748,,,,
37207.406,14.21,56.337,23.36,10975.92,20.01,2811.21,0,,,,58.43825707,12.65141319,,,,
37216.49,14.21,56.336,23.36,10967.69,20.02,2813.49,0,,,,58.39210408,12.66419919,,,,
37226.432,14.22,56.337,23.37,10977.36,20.02,2814.17,0,,,,58.44633244,12.66801256,,,,
37235.442,14.21,56.337,23.36,10969.86,20.03,2814.42,0,,,,58.40427322,12.66941454,,,,
37244.418,14.21,56.337,23.36,10980,20.03,2815.59,0,,,,58.46113728,12.67597577,,,,
37253.398,14.21,56.336,23.36,10972.39,20.04,2815.99,0,,,,58.41846119,12.67821893,,,,
37263.483,14.26,56.338,23.37,10978.81,20.04,2817.21,0,,,,58.45446389,12.68506057,,,,
37272.439,14.27,56.338,23.37,10977.04,20.04,2817.73,0,,,,58.44453791,12.68797667,,,,
37281.436,14.27,56.34,23.36,10979.36,20.04,2820.62,0,,,,58.45754823,12.70418349,,,,
37290.512,14.27,56.34,23.36,10976.42,20.04,2822.31,0,,,,58.44106101,12.71366083,,,,
37300.497,14.27,56.34,23.36,10980.16,20.03,2824.59,0,,,,58.46203454,12.72644684,,,,
37310.447,14.27,56.34,23.37,10981.72,20.04,2825.02,0,,,,58.47078286,12.72885823,,,,
37320.456,14.27,56.341,23.37,10981.04,20.03,2826.78,0,,,,58.46696949,12.73872813,,,,
37330.52,14.26,56.341,23.37,10979.24,20.04,2827.75,0,,,,58.45687528,12.74416779,,,,
37339.492,14.26,56.34,23.37,10981.61,20.04,2829.14,0,,,,58.47016599,12.75196276,,,,
37349.469,14.27,56.341,23.37,10981.72,20.04,2831.64,0,,,,58.47078286,12.7659825,,,,
37359.449,14.26,56.342,23.37,10981.36,20.04,2832.62,0,,,,58.46876402,12.77147824,,,,
37368.521,14.26,56.343,23.37,10982.82,20.05,2832.88,0,,,,58.47695155,12.77293629,,,,
37378.495,14.26,56.343,23.36,10984.56,20.05,2833.52,0,,,,58.48670929,12.77652535,,,,
37388.496,14.27,56.343,23.37,10984.66,20.05,2834.49,0,,,,58.48727008,12.78196501,,,,
37398.532,14.27,56.342,23.37,10985.6,20.05,2834.38,0,,,,58.4925415,12.78134814,,,,
37408.526,14.27,56.343,23.37,10986.1,20.05,2835.7,0,,,,58.49534545,12.78875056,,,,
37417.514,14.27,56.341,23.37,11002.65,20.05,2844.72,0,,,,58.58815612,12.83933378,,,,
37427.497,14.26,56.341,23.37,11004.37,20.05,2845.49,0,,,,58.5978017,12.84365186,,,,
37437.549,14.27,56.341,23.37,11007.13,20.05,2847.02,0,,,,58.6132795,12.85223194,,,,
37447.527,14.26,56.341,23.37,11007.4,20.05,2846.39,0,,,,58.61479363,12.84869897,,,,
37457.514,14.27,56.342,23.37,11007.92,20.05,2831.78,0,,,,58.61770974,12.76676761,,,,
37466.516,14.27,56.341,23.37,11007.85,20.05,2820.17,0,,,,58.61731718,12.70165994,,,,
37476.544,14.27,56.342,23.37,11009.63,20.05,2791.23,0,,,,58.62729924,12.53936743,,,,
37486.576,14.26,56.341,23.37,11009.96,20.05,2821.79,0,,,,58.62914984,12.71074473,,,,
37495.516,14.26,56.343,23.37,11010.11,20.05,2845,0,,,,58.62999103,12.84090399,,,,
37505.499,14.27,56.345,23.37,11010.95,20.06,2839.32,0,,,,58.63470166,12.80905114,,,,
37515.564,14.33,56.345,23.38,11012.34,20.06,2803.54,0,,,,58.64249664,12.60840063,,,,
37525.618,14.32,56.347,23.37,11012.49,20.05,2824.92,0,,,,58.64333782,12.72829744,,,,
37535.537,14.32,56.346,23.37,11013.49,20.05,2826.59,0,,,,58.64894572,12.73766263,,,,
37544.533,14.33,56.347,23.37,11013.21,20.05,2823.61,0,,,,58.6473755,12.7209511,,,,
37554.596,14.31,56.348,23.37,11014.66,20.05,2724.47,0,,,,58.65550695,12.1649843,,,,
37564.553,14.32,56.348,23.37,11015.08,20.05,2765.56,0,,,,58.65786227,12.39541274,,,,
37573.549,14.32,56.349,23.38,11016.38,20.04,2785.64,0,,,,58.66515253,12.50801929,,,,
37583.506,14.33,56.348,23.38,11016.77,20.04,2737.84,0,,,,58.66733961,12.23996187,,,,
37593.621,14.33,56.348,23.38,11018.25,20.04,2771.93,0,,,,58.6756393,12.43113504,,,,
37603.578,14.32,56.351,23.38,11018.37,20.04,2792.37,0,,,,58.67631225,12.54576043,,,,
37612.591,14.32,56.349,23.37,11018.75,20.04,2705.77,0,,,,58.67844325,12.06011664,,,,
37622.638,14.32,56.349,23.37,11018.31,20.04,2774.69,0,,,,58.67597577,12.44661283,,,,
37632.57,14.32,56.35,23.37,11019,20.04,2686.59,0,,,,58.67984522,11.9525572,,,,
37642.569,14.32,56.351,23.37,11019.9,20.03,2577.77,0,,,,58.68489233,11.34230597,,,,
37651.562,14.31,56.351,23.37,11019.67,20.03,2766.53,0,,,,58.68360251,12.4008524,,,,
37661.539,14.33,56.352,23.37,11019.44,20.02,2759.17,0,,,,58.6823127,12.35957829,,,,
37671.608,14.32,56.352,23.37,11020.05,20.02,2468.6,0,,,,58.68573351,10.73009197,,,,
37681.583,14.33,56.351,23.37,11019.76,20.02,2730.95,0,,,,58.68410722,12.20132346,,,,
37690.566,14.32,56.352,23.37,11020.76,20.02,2380.52,0,,,,58.68971512,10.2361485,,,,
37700.661,14.33,56.351,23.37,11021.39,20.01,2506.12,0,,,,58.69324809,10.94050022,,,,
37710.621,14.33,56.351,23.37,11021.82,20.01,2656.63,0,,,,58.69565949,11.78454464,,,,
37720.602,14.31,56.351,23.37,11021.97,20.01,2456.47,0,,,,58.69650067,10.66206819,,,,
37729.593,14.33,56.353,23.37,11023.35,20.01,2274,0,,,,58.70423957,9.638795424,,,,
37739.62,14.33,56.352,23.37,11023.3,20.01,2515.16,0,,,,58.70395917,10.9911956,,,,
37749.641,14.32,56.352,23.37,11023.99,20.01,2416.66,0,,,,58.70782862,10.43881786,,,,
37759.602,14.31,56.349,23.37,11024.13,20.01,2505.1,0,,,,58.70861373,10.93478017,,,,
37768.578,14.33,56.349,23.37,11023.04,20,2281.86,0,,,,58.70250112,9.682873486,,,,
37778.633,14.32,56.351,23.37,11023.56,20,2336.36,0,,,,58.70541723,9.988503813,,,,
37788.612,14.33,56.35,23.37,11023.61,19.99,2281.44,0,,,,58.70569762,9.68051817,,,,
37797.626,14.33,56.349,23.37,11024.01,19.99,2354.23,0,,,,58.70794078,10.08871691,,,,
37807.589,14.33,56.349,23.36,11025.78,19.99,2164.88,0,,,,58.71786676,9.026861821,,,,
37817.639,14.36,56.349,23.37,11026.27,19.99,2421.32,0,,,,58.72061463,10.46495065,,,,
37827.64,14.35,56.349,23.37,11026.71,19.99,2262.66,0,,,,58.7230821,9.575201884,,,,
37836.63,14.36,56.35,23.36,11026.82,19.99,2281.01,0,,,,58.72369897,9.678106774,,,,
37846.692,14.36,56.351,23.36,11027.26,19.98,2197.46,0,,,,58.72616644,9.20956707,,,,
37856.648,14.36,56.352,23.37,11009.6,19.98,2148.31,0,,,,58.627131,8.933938986,,,,
37866.669,14.36,56.351,23.36,11010.27,19.98,2473.3,0,,,,58.63088829,10.75644908,,,,
37875.628,14.35,56.351,23.37,11010.34,19.97,2059.77,0,,,,58.63128084,8.437415882,,,,
37885.672,14.36,56.354,23.36,11011.57,19.97,2310.52,0,,,,58.63817856,9.843595783,,,,
37895.684,14.36,56.354,23.37,11012.46,19.97,2306.43,0,,,,58.64316958,9.820659489,,,,
37904.645,14.36,56.355,23.36,11013.01,19.98,2184.31,0,,,,58.64625393,9.135823239,,,,
37914.62,14.36,56.356,23.36,11012.83,19.97,2412.99,0,,,,58.6452445,10.41823688,,,,
37924.696,14.36,56.357,23.36,11013.17,19.98,2245.48,0,,,,58.64715119,9.478858232,,,,
37934.682,14.35,56.356,23.36,11012.63,19.98,2217.08,0,,,,58.64412293,9.319593988,,,,
37944.665,14.36,56.356,23.36,11013.63,19.98,2104.6,0,,,,58.64973082,8.688817856,,,,
37953.743,14.36,56.358,23.36,11014.13,19.98,2138.65,0,,,,58.65253477,8.879766712,,,,
37963.695,14.35,56.358,23.36,11015.02,19.97,2233.62,0,,,,58.6575258,9.412348587,,,,
37973.679,14.35,56.356,23.36,11013.39,19.97,2505.39,0,,,,58.64838493,10.93640646,,,,
37982.654,14.36,56.357,23.36,11017.14,19.97,2490.82,0,,,,58.66941454,10.85469942,,,,
37992.614,14.36,56.356,23.36,11017.1,19.97,2508.7,0,,,,58.66919022,10.9549686,,,,
38002.714,14.36,56.358,23.36,11017.47,19.97,2510.62,0,,,,58.67126514,10.96573576,,,,
38011.701,14.36,56.358,23.36,11016.13,19.97,2683.57,0,,,,58.66375056,11.93562135,,,,
38021.682,14.35,56.357,23.36,11014.56,19.97,2535.84,0,,,,58.65494616,11.10716689,,,,
38031.749,14.35,56.358,23.36,11016.15,19.97,2708.96,0,,,,58.66386272,12.07800583,,,,
38041.718,14.35,56.355,23.36,11016.35,19.97,2745,0,,,,58.6649843,12.2801144,,,,
38051.72,14.35,56.355,23.35,11013.71,19.97,2567.84,0,,,,58.65017945,11.28661956,,,,
38060.68,14.35,56.355,23.35,11021.03,19.97,2327.46,0,,,,58.69122925,9.93859354,,,,
38070.76,14.36,56.355,23.36,11013.66,19.98,2644.55,0,,,,58.64989906,11.71680126,,,,
38080.717,14.36,56.355,23.36,11013.97,19.98,2799.91,0,,,,58.65163751,12.58804397,,,,
38089.715,14.36,56.356,23.35,11022.31,19.98,2793.97,0,,,,58.69840736,12.55473306,,,,
38099.657,14.36,56.356,23.35,11023.74,19.98,2808.64,0,,,,58.70642665,12.6370009,,,,
38109.772,14.36,56.361,23.35,11015.49,19.99,2806.76,0,,,,58.66016151,12.62645805,,,,
38119.715,14.4,56.36,23.35,11020.09,19.99,2747.1,0,,,,58.68595783,12.29189098,,,,
38129.711,14.39,56.361,23.35,11024.31,19.99,2778.04,0,,,,58.70962315,12.46539928,,,,
38138.723,14.4,56.362,23.35,11023.97,20,2797.45,0,,,,58.70771646,12.57424854,,,,
38148.786,14.4,56.361,23.35,11012.6,20,2791.94,0,,,,58.64395469,12.54334904,,,,
38158.746,14.41,56.362,23.35,11024.02,19.99,2812.18,0,,,,58.70799686,12.65685285,,,,
38167.739,14.4,56.361,23.35,11026.82,20,2824.4,0,,,,58.72369897,12.72538134,,,,
38177.806,14.4,56.363,23.35,11034.21,19.99,2822.51,0,,,,58.76514132,12.71478241,,,,
38187.77,14.4,56.361,23.35,11021.87,19.99,2803.44,0,,,,58.69593988,12.60783984,,,,
38196.767,14.39,56.361,23.35,11034.4,19.99,2834.15,0,,,,58.76620682,12.78005832,,,,
38206.724,14.4,56.361,23.35,11019.88,19.98,2826.92,0,,,,58.68478017,12.73951323,,,,
38216.829,14.4,56.359,23.35,11037.61,19.98,2841.11,0,,,,58.78420817,12.81908928,,,,
38226.773,14.4,56.359,23.35,11016.21,19.99,2838.35,0,,,,58.66419919,12.80361148,,,,
38236.745,14.4,56.361,23.34,11014.81,19.99,2840.84,0,,,,58.65634814,12.81757515,,,,
38245.739,14.39,56.36,23.35,11011.99,19.99,2859.63,0,,,,58.64053387,12.92294751,,,,
38255.824,14.4,56.362,23.34,11034.69,19.99,2861.32,0,,,,58.76783311,12.93242485,,,,
38265.8,14.4,56.361,23.34,11014.98,19.99,2860.29,0,,,,58.65730148,12.92664872,,,,
38274.772,14.41,56.36,23.34,11016.6,19.99,2859.5,0,,,,58.66638627,12.92221848,,,,
38284.748,14.41,56.361,23.34,11016.42,19.99,2864.71,0,,,,58.66537685,12.95143562,,,,
38294.835,14.41,56.359,23.34,11038.96,19.98,2868.46,0,,,,58.79177882,12.97246523,,,,
38304.806,14.4,56.36,23.34,11040.12,19.98,2870.68,0,,,,58.79828398,12.98491476,,,,
38314.788,14.4,56.361,23.34,11025.21,19.98,2870.97,0,,,,58.71467026,12.98654105,,,,
38323.753,14.41,56.362,23.34,11020.95,19.98,2874.74,0,,,,58.69078062,13.00768282,,,,
38332.832,14.4,56.362,23.34,11017.21,19.98,2877.32,0,,,,58.66980709,13.02215119,,,,
38342.816,14.4,56.362,23.34,11017.37,19.98,2876.82,0,,,,58.67070435,13.01934724,,,,
38351.808,14.4,56.364,23.34,11021.36,19.97,2876.58,0,,,,58.69307986,13.01800135,,,,
38360.756,14.39,56.364,23.34,11015.49,19.97,2877.16,0,,,,58.66016151,13.02125393,,,,
38369.858,,56.365,23.34,11016.73,19.97,2877.83,0,,,,58.6671153,13.02501122,,,,
38379.811,14.45,56.365,23.34,11043.34,19.96,2880.72,0,,,,58.81634141,13.04121803,,,,
38388.81,14.45,56.363,23.33,11018.11,19.96,2878.13,0,,,,58.67485419,13.02669358,,,,
38397.779,14.46,56.363,23.34,11043.09,19.96,2880.45,0,,,,58.81493943,13.0397039,,,,
38406.825,14.46,56.364,23.34,11021.86,19.96,2879.39,0,,,,58.6958838,13.03375953,,,,
38416.852,14.45,56.362,23.34,11021.85,19.95,2877.02,0,,,,58.69582773,13.02046882,,,,
38425.807,14.44,56.363,23.33,11051.48,19.95,2887.92,0,,,,58.86198968,13.08159489,,,,
38434.81,14.44,56.364,23.33,11050.4,19.96,2887.9,0,,,,58.85593315,13.08148273,,,,
38443.867,14.45,56.363,23.33,11054.72,19.97,2889.12,0,,,,58.88015926,13.08832436,,,,
38453.849,14.45,56.364,23.34,11054.36,19.97,2888.85,0,,,,58.87814042,13.08681023,,,,
38462.817,14.44,56.363,23.34,11053.17,19.97,2871.02,0,,,,58.87146703,12.98682144,,,,
38471.812,14.45,56.363,23.33,11054.3,19.97,2889.46,0,,,,58.87780395,13.09023105,,,,
38480.884,14.44,56.363,23.33,11052.92,19.98,2890.61,0,,,,58.87006505,13.09668013,,,,
38490.851,14.44,56.364,23.33,11055.67,19.99,2885.58,0,,,,58.88548677,13.06847241,,,,
38499.824,14.44,56.365,23.33,11057.88,19.99,2863.02,0,,,,58.89788022,12.94195828,,,,
38508.911,14.44,56.365,23.33,11058.15,19.98,2890.35,0,14.72702,3.27,0.53703,58.89939435,13.09522207,,,,
38518.873,14.44,56.364,23.33,11058.75,19.99,2874.22,0,,,,58.90275908,13.00476671,,,,
38528.854,14.44,56.366,23.33,11054.76,19.99,2889.69,0,,,,58.88038358,13.09152086,,,,
38537.833,14.44,56.366,23.33,11058.54,19.99,2883.48,0,,,,58.90158143,13.05669583,,,,
38547.906,14.45,56.365,23.33,11056.21,19.99,2862.44,0,,,,58.88851503,12.9387057,,,,
38557.89,14.44,56.365,23.34,11060.01,19.99,2888.1,0,,,,58.90982503,13.08260431,,,,
38566.913,14.44,56.366,23.33,11057.03,19.99,2889.08,0,,,,58.8931135,13.08810004,,,,
38576.849,14.44,56.365,23.33,11060.52,19.99,2884.92,0,,,,58.91268506,13.0647712,,,,
38586.92,14.44,56.365,23.33,11061.32,20,2861.08,0,,,,58.91717138,12.93107896,,,,
38596.928,,56.365,23.33,11061.95,19.98,2885.47,0,,,,58.92070435,13.06785554,,,,
38606.889,14.49,56.367,23.34,11061.64,19.99,2881.75,0,,,,58.9189659,13.04699417,,,,
38615.829,14.49,56.365,23.33,11062.8,19.99,2863.43,0,,,,58.92547106,12.94425751,,,,
38624.949,14.48,56.367,23.34,11061.33,19.99,2878.71,0,,,,58.91722746,13.02994616,,,,
38634.941,14.48,56.368,23.34,11064.31,19.99,2872.5,0,,,,58.93393899,12.99512113,,,,
38643.903,14.49,56.369,23.33,11062.95,19.99,2857.56,0,,,,58.92631225,12.91133917,,,,
38652.881,14.49,56.369,23.34,11063.44,20,2880.04,0,,,,58.92906012,13.03740467,,,,
38661.931,14.49,56.367,23.34,11063.51,20,2879.22,0,,,,58.92945267,13.03280619,,,,
38671.915,14.49,56.367,23.34,11063.52,20,2867.58,0,,,,58.92950875,12.96753028,,,,
38680.91,14.49,56.368,23.34,11067.35,20.01,2849.89,0,,,,58.95098699,12.8683266,,,,
38689.895,14.49,56.367,23.34,11068.5,20.01,2879.08,0,,,,58.95743607,13.03202109,,,,
38698.955,14.49,56.367,23.34,11067.21,20.01,2883.75,0,,,,58.95020188,13.05820996,,,,
38708.939,14.48,56.368,23.34,11068.32,20.02,2886.58,0,,,,58.95642665,13.07408031,,,,
38717.909,14.48,56.368,23.34,11068.43,20.02,2886.16,0,,,,58.95704352,13.07172499,,,,
38726.89,14.49,56.367,23.34,11069.49,20.02,2886.02,0,,,,58.96298789,13.07093988,,,,
38735.977,14.49,56.368,23.34,11072.64,20.01,2872.02,0,,,,58.98065276,12.99242934,,,,
38745.935,14.49,56.369,23.34,11073.2,20.01,2883.15,0,,,,58.98379318,13.05484522,,,,
38754.951,14.49,56.368,23.34,11067.3,20.01,2888.26,0,,,,58.95070659,13.08350157,,,,
38763.904,14.49,56.371,23.34,11073.15,20.01,2890.68,0,,,,58.98351279,13.09707268,,,,
38772.996,14.49,56.37,23.34,11074.73,20.02,2890.31,0,,,,58.99237326,13.09499776,,,,
38782.95,14.49,56.369,23.35,11076,20.02,2889.51,0,,,,58.99949529,13.09051144,,,,
38791.912,14.48,56.37,23.34,11069.44,20.02,2885.53,0,,,,58.96270749,13.06819201,,,,
38800.936,14.48,56.37,23.35,11075.79,20.03,2869.42,0,,,,58.99831763,12.97784881,,,,
38809.972,14.49,56.37,23.34,11078.67,20.03,2891.1,0,,,,59.01446837,13.09942799,,,,
38819.957,14.49,56.37,23.35,11075.58,20.03,2891.05,0,,,,58.99713997,13.0991476,,,,
38828.938,14.49,56.371,23.35,11079.16,20.03,2891.61,0,,,,59.01721624,13.10228802,,,,
38837.954,14.48,56.37,23.35,11077.78,20.02,2886.35,0,,,,59.00947734,13.07279049,,,,
38847.015,14.48,56.37,23.35,11071.01,20.02,2849.36,0,,,,58.97151189,12.86535442,,,,
38856.959,14.48,56.37,23.35,11103.94,20.02,2881.19,0,,,,59.1561799,13.04385375,,,,
38865.972,14.48,56.371,23.36,11082.51,20.03,2872.01,0,,,,59.03600269,12.99237326,,,,
38874.934,14.49,56.37,23.35,11047.53,20.03,2878.43,0,,,,58.83983849,13.02837595,,,,
38884.045,14.49,56.372,23.35,11102.22,20.04,2881.01,0,,,,59.14653432,13.04284432,,,,
38894.015,14.49,56.372,23.35,11109.8,20.04,2880.55,0,,,,59.18904217,13.04026469,,,,
38903.021,14.48,56.374,23.35,11111.05,20.04,2883.55,0,,,,59.19605204,13.05708838,,,,
38911.976,14.47,56.375,23.35,11061.84,20.04,2802.14,0,,,,58.92008748,12.60054957,,,,
38921.057,14.48,56.376,23.35,11099.77,20.04,2851.71,0,,,,59.13279498,12.87853297,,,,
38931.013,14.47,56.375,23.35,11084.19,20.04,2881.68,0,,,,59.04542396,13.04660162,,,,
38940.001,14.49,56.374,23.35,11015.26,20.05,2877.81,0,,,,58.65887169,13.02489906,,,,
38948.976,14.47,56.376,23.36,11025.83,20.05,2877.49,0,,,,58.71814715,13.02310453,,,,
38958.03,14.48,56.375,23.36,11107.8,20.04,2879.24,0,,,,59.17782638,13.03291835,,,,
38968.008,14.47,56.376,23.36,11033.85,20.05,2879.42,0,,,,58.76312248,13.03392777,,,,
38976.995,14.49,56.377,23.36,11118.55,20.04,2885.41,0,,,,59.23811126,13.06751907,,,,
38985.967,14.48,56.377,23.36,11039.91,20.04,2881.13,0,,,,58.79710633,13.04351727,,,,
38995.073,14.48,56.376,23.36,11038.34,20.04,2882.01,0,,,,58.78830193,13.04845222,,,,
39005.028,14.49,56.376,23.36,11107.76,20.05,2884.94,0,,,,59.17760206,13.06488336,,,,
39014.012,14.49,56.377,23.36,11108.73,20.04,2883.5,0,,,,59.18304172,13.05680799,,,,
39022.975,14.48,56.378,23.36,11041.44,20.03,2881.43,0,,,,58.80568641,13.04519964,,,,
39032.082,14.48,56.378,23.36,11043.34,20.04,2885.47,0,,,,58.81634141,13.06785554,,,,
39042.052,14.48,56.378,23.36,11119.09,20.03,2888.19,0,,,,59.24113952,13.08310902,,,,
39051.038,14.48,56.378,23.36,11115.73,20.04,2888.63,0,,,,59.22229699,13.08557649,,,,
39059.988,14.48,56.379,23.36,11043.43,20.03,2886.67,0,,,,58.81684612,13.07458502,,,,
39069.071,14.48,56.379,23.37,11121.41,20.03,2890.79,0,,,,59.25414984,13.09768955,,,,
39079.058,14.48,56.38,23.36,11107,20.03,2886.91,0,,,,59.17334006,13.07593091,,,,
39088.054,14.49,56.378,23.36,11016.32,20.03,2886.24,0,,,,58.66481606,13.07217362,,,,
39097.02,14.48,56.379,23.36,11128.57,20.02,2892.78,0,,,,59.29430238,13.10884926,,,,
39106.097,14.48,56.379,23.36,11080.56,20.02,2892.02,0,,,,59.02506729,13.10458726,,,,
39116.081,14.48,56.377,23.36,11043.39,20.02,2889.17,0,,,,58.8166218,13.08860476,,,,
39125.071,14.49,56.379,23.36,11020.77,20.02,2887.48,0,,,,58.6897712,13.07912741,,,,
39134.052,14.48,56.379,23.36,11035.54,20.02,2890.1,0,,,,58.77259982,13.0938201,,,,
39143.072,14.48,56.38,23.36,11020.73,20.02,2807.6,0,,,,58.68954688,12.63116869,,,,
39153.067,14.48,56.38,23.36,11052.9,20.02,2892.94,0,,,,58.86995289,13.10974652,,,,
39162.069,14.49,56.38,23.36,11109.49,20.01,2899.83,0,,,,59.18730372,13.14838493,,,,
39171.049,14.48,56.38,23.36,11096.77,20.01,2895.63,0,,,,59.11597129,13.12483176,,,,
39180.118,14.48,56.38,23.36,11060.32,20.01,2892.78,0,,,,58.91156348,13.10884926,,,,
39190.085,14.49,56.379,23.36,11100.32,20.01,2897.06,0,,,,59.13587932,13.13285105,,,,
39199.068,14.49,56.381,23.36,11075.3,20.01,2898.05,0,,,,58.99556976,13.13840287,,,,
39208.073,14.53,56.381,23.36,11103.45,20.01,2904.62,0,,,,59.15343203,13.17524675,,,,
39217.141,14.54,56.38,23.36,11037.39,20.01,2901.77,0,,,,58.78297443,13.15926424,,,,
39227.111,14.53,56.382,23.36,11066.63,20.01,2851.26,0,,,,58.9469493,12.87600942,,,,
39236.091,14.54,56.38,23.36,11105.13,20.01,2903.72,0,,,,59.1628533,13.17019964,,,,
39245.066,14.54,56.38,23.36,11114.83,20.01,2908.91,0,,,,59.21724989,13.19930462,,,,
39254.139,14.54,56.382,23.36,11125.8,20.01,2910.2,0,,,,59.27876851,13.20653881,,,,
39264.112,14.54,56.381,23.36,11130.82,20.01,2910.27,0,,,,59.30692014,13.20693136,,,,
39273.109,14.55,56.383,23.36,11050.89,20,2903.15,0,,,,58.85868102,13.16700314,,,,
39282.151,14.53,56.383,23.36,11128.75,20,2908.36,0,,,,59.2953118,13.19622028,,,,
39292.169,14.53,56.383,23.36,11048.78,20,2905.06,0,,,,58.84684836,13.17771422,,,,
39301.13,14.54,56.382,23.36,11041.6,20,2904.73,0,,,,58.80658367,13.17586362,,,,
39310.101,14.54,56.383,23.36,11038.97,20,2907.73,0,,,,58.7918349,13.1926873,,,,
39319.097,14.53,56.383,23.36,11085.65,20,2909.84,0,,,,59.05361148,13.20451996,,,,
39328.235,14.53,56.383,23.36,11134.37,20,2916.76,0,,,,59.32682817,13.2433266,,,,
39338.15,14.53,56.382,23.36,11033.21,20,2912.22,0,,,,58.75953342,13.21786676,,,,
39347.14,14.54,56.382,23.36,11081.72,20,2916.2,0,,,,59.03157245,13.24018618,,,,
39356.108,14.54,56.383,23.36,11042.23,20,2914.96,0,,,,58.81011664,13.23323239,,,,
39365.153,14.54,56.383,23.36,11098.86,20,2919.68,0,,,,59.12769179,13.25970166,,,,
39375.15,14.55,56.383,23.35,11089.06,20,2921.87,0,,,,59.07273441,13.27198295,,,,
39384.14,14.55,56.38,23.35,11085.08,20,2922.07,0,,,,59.05041498,13.27310453,,,,
39393.112,14.53,56.381,23.35,11126.15,20,2926.92,0,,,,59.28073127,13.30030283,,,,
39402.204,14.53,56.381,23.35,11129.08,19.99,2923.85,0,,,,59.2971624,13.28308659,,,,
39412.147,14.54,56.381,23.35,11110.16,19.99,2808.15,0,,,,59.19106101,12.63425303,,,,
39421.137,14.54,56.381,23.35,11097.04,19.98,2927.92,0,,,,59.11748542,13.30591072,,,,
39430.125,14.54,56.382,23.35,11103.81,19.97,2931.41,0,,,,59.15545087,13.32548228,,,,
39439.222,14.53,56.382,23.35,11102.27,19.97,2931.31,0,,,,59.14681472,13.32492149,,,,
39449.196,14.53,56.382,23.35,11104.82,19.97,2926.82,0,,,,59.16111485,13.29974204,,,,
39458.166,14.54,56.382,23.35,11107.74,19.97,2905.59,0,,,,59.17748991,13.18068641,,,,
39467.129,14.59,56.382,23.35,11102.49,19.98,2922.72,0,,,,59.14804845,13.27674966,,,,
39476.196,14.59,56.382,23.34,11106.22,19.98,2930.04,0,,,,59.1689659,13.31779946,,,,
39486.182,14.59,56.383,23.34,11108.79,19.98,2923.42,0,,,,59.1833782,13.28067519,,,,
39495.166,14.59,56.382,23.34,11104.01,19.97,2895.73,0,,,,59.15657245,13.12539255,,,,
39504.171,14.6,56.383,23.35,11109.97,19.97,2921.73,0,,,,59.18999551,13.27119785,,,,
39513.218,14.6,56.383,23.34,11109.67,19.96,2905.09,0,,,,59.18831314,13.17788246,,,,
39523.182,14.59,56.382,23.34,11107.5,19.96,2673.84,0,,,,59.17614401,11.88105653,,,,
39532.174,14.58,56.383,23.34,11108.44,19.95,2696.81,0,,,,59.18141543,12.0098699,,,,
39541.174,14.59,56.385,23.34,11107.43,19.95,2913.82,0,,,,59.17575146,13.22683939,,,,
39550.236,14.58,56.383,23.34,11110.44,19.96,2851.53,0,,,,59.19263122,12.87752355,,,,
39560.209,14.59,56.383,23.34,11106.61,19.96,2644.77,0,,,,59.17115298,11.71803499,,,,
39569.2,14.59,56.384,23.34,11111.37,19.96,2862.51,0,,,,59.19784657,12.93909825,,,,
39578.173,14.59,56.385,23.33,11112.18,19.96,2757.44,0,,,,59.20238896,12.34987663,,,,
39587.247,14.59,56.384,23.34,11110.4,19.95,2800.21,0,,,,59.19240691,12.58972633,,,,
39597.237,14.6,56.385,23.33,11108.31,19.95,2854.77,0,,,,59.18068641,12.89569314,,,,
39606.201,14.59,56.385,23.34,11108.12,19.94,2827.69,0,,,,59.17962091,12.74383131,,,,
39615.174,14.59,56.387,23.34,11108.95,19.95,2633.98,0,,,,59.18427546,11.6575258,,,,
39624.233,14.59,56.386,23.34,11112.69,19.94,2813.18,0,,,,59.20524899,12.66246074,,,,
39634.252,14.59,56.387,23.33,11109.77,19.95,2618.86,0,,,,59.18887393,11.57273441,,,,
39643.231,14.58,56.387,23.33,11112.8,19.94,2766.28,0,,,,59.20586586,12.39945043,,,,
39652.196,14.58,56.386,23.33,11109.69,19.95,2759.96,0,,,,59.1884253,12.36400852,,,,
39661.3,14.59,56.387,23.33,11113.61,19.94,2500.83,0,,,,59.21040825,10.91083445,,,,
39671.225,14.59,56.386,23.33,11113.47,19.95,2712.28,0,,,,59.20962315,12.09662405,,,,
39680.239,14.58,56.387,23.33,11109.95,19.95,2573.24,0,,,,59.18988336,11.3169022,,,,
39689.31,14.57,56.386,23.33,11115.35,19.96,2611.84,0,,,,59.22016599,11.53336698,,,,
39699.285,14.58,56.387,23.33,11115.12,19.96,2627.53,0,,,,59.21887618,11.62135487,,,,
39709.275,14.59,56.387,23.33,11112.3,19.96,2535.98,0,,,,59.20306191,11.107952,,,,
39718.235,14.58,56.385,23.33,11112.4,19.95,2406.75,0,,,,59.2036227,10.38324361,,,,
39728.329,14.58,56.386,23.33,11113.28,19.95,2541.1,0,,,,59.20855765,11.13666442,,,,
39737.289,14.59,56.388,23.33,11113.08,19.96,2469.96,0,,,,59.20743607,10.73771871,,,,
39746.278,14.59,56.386,23.33,11116.05,19.95,2302.02,0,,,,59.22409152,9.795928668,,,,
39755.248,14.58,56.386,23.33,11115.5,19.95,2206.42,0,,,,59.22100718,9.259813818,,,,
39765.313,14.62,56.386,23.33,11114.73,19.94,2444.09,0,,,,59.2166891,10.59264244,,,,
39774.279,14.62,56.387,23.33,11117.15,19.94,2388.45,0,,,,59.23026021,10.28061911,,,,
39783.284,14.62,56.386,23.33,11114.44,19.94,2288.23,0,,,,59.21506281,9.718595783,,,,
39792.289,14.61,56.387,23.33,11112.15,19.93,2324.38,0,,,,59.20222073,9.92132122,,,,
39802.325,14.62,56.387,23.33,11107.44,19.94,2202.74,0,,,,59.17580754,9.239176761,,,,
39811.33,14.62,56.387,23.32,11073.17,19.93,2252.95,0,,,,58.98362494,9.520749215,,,,
39820.29,14.62,56.388,23.33,11114.02,19.94,2336.23,0,,,,59.21270749,9.987774787,,,,
39829.287,14.62,56.388,23.33,11074.25,19.94,2275.34,0,,,,58.98968147,9.646310004,,,,
39839.381,14.61,56.387,23.33,11122.01,19.93,2020.86,0,,,,59.25751458,8.219212651,,,,
39849.321,14.61,56.386,23.33,11097.15,19.93,2504.12,0,,,,59.11810229,10.92928443,,,,
39858.307,14.62,56.384,23.33,11077.88,19.95,2126.05,0,,,,59.01003813,8.809107223,,,,
39868.273,14.62,56.384,23.32,11122.8,19.94,2407.24,0,,,,59.26194482,10.38599148,,,,
39877.356,14.61,56.385,23.33,11092.8,19.95,2573.34,0,,,,59.09370794,11.31746299,,,,
39886.346,14.61,56.384,23.33,11123.32,19.96,2625.83,0,,,,59.26486092,11.61182144,,,,
39896.311,14.61,56.384,23.32,11124.96,19.96,2565.73,0,,,,59.27405787,11.2747869,,,,
39906.305,14.61,56.384,23.33,11080.82,19.97,2652.83,0,,,,59.02652535,11.76323463,,,,
39915.361,14.62,56.385,23.32,11110.22,19.98,2754.3,0,,,,59.19139749,12.33226783,,,,
39925.358,14.61,56.385,23.32,11085.49,19.98,2493.63,0,,,,59.05271422,10.8704576,,,,
39935.323,14.61,56.385,23.32,11109.38,19.98,2862.69,0,,,,59.18668686,12.94010767,,,,
39944.311,14.61,56.384,23.32,11124.83,19.98,2864.36,0,,,,59.27332885,12.94947286,,,,
39954.374,14.61,56.385,23.32,11089.29,19.99,2872.51,0,,,,59.07402423,12.99517721,,,,
39963.374,14.61,56.385,23.32,11119.74,19.99,2875.46,0,,,,59.24478466,13.0117205,,,,
39972.325,14.61,56.385,23.33,11095.72,20,2871.27,0,,,,59.110083,12.98822342,,,,
39981.309,14.61,56.384,23.32,11105.94,19.99,2902.79,0,,,,59.16739569,13.1649843,,,,
39991.371,14.62,56.385,23.32,11091.38,20.01,2898.85,0,,,,59.08574473,13.14288919,,,,
40001.36,14.62,56.385,23.33,11099.43,20.01,2898.88,0,,,,59.13088829,13.14305742,,,,
40010.346,14.62,56.386,23.33,11098.11,20.02,2905.75,0,,,,59.12348587,13.18158367,,,,
40020.3,14.62,56.385,23.33,11114.94,20.02,2908.03,0,,,,59.21786676,13.19436967,,,,
40029.389,14.62,56.386,23.33,11093.59,20.03,2908.62,0,,,,59.09813818,13.19767833,,,,
40038.369,14.61,56.387,23.33,11103.29,20.02,2931.5,0,,,,59.15253477,13.32598699,,,,
40048.349,14.61,56.387,23.33,11101.56,20.03,2929.01,0,,,,59.14283311,13.31202333,,,,
40058.333,14.61,56.388,23.33,11120.47,20.03,2935.2,0,,,,59.24887842,13.3467362,,,,
40067.405,14.61,56.387,23.33,11095.53,20.03,2935.31,0,,,,59.1090175,13.34735307,,,,
40077.4,14.61,56.388,23.33,11126.2,20.02,2936.7,0,,,,59.28101166,13.35514805,,,,
40087.336,14.61,56.389,23.32,11118.76,20.02,2937.23,0,,,,59.23928892,13.35812023,,,,
40096.368,14.61,56.389,23.33,11125.92,20.02,2937.39,0,,,,59.27944145,13.3590175,,,,
40106.419,14.61,56.389,23.33,11101.81,20.02,2938.58,0,,,,59.14423508,13.36569089,,,,
40116.386,14.61,56.39,23.33,11103.28,20.03,2920.38,0,,,,59.15247869,13.26362719,,,,
40125.386,14.61,56.389,23.33,11102.95,20.04,2945.54,0,,,,59.15062808,13.40472185,,,,
40135.45,14.66,56.389,23.33,11125.58,20.04,2947.53,0,,,,59.27753477,13.41588156,,,,
40145.459,14.66,56.388,23.33,11127.81,20.04,2946.9,0,,,,59.29004038,13.41234859,,,,
40155.47,14.66,56.388,23.33,11128.69,20.04,2952.67,0,,,,59.29497533,13.44470615,,,,
40165.544,14.66,56.388,23.33,11126.89,20.05,2950.85,0,,,,59.28488111,13.43449978,,,,
40175.63,14.66,56.388,23.33,11126.2,20.05,2958.15,0,,,,59.28101166,13.47543742,,,,
40185.4,14.66,56.389,23.33,11111.36,20.05,2957.29,0,,,,59.19779049,13.47061463,,,,
40194.424,14.66,56.389,23.34,11126.47,20.06,2960,0,,,,59.2825258,13.48581202,,,,
40203.386,14.66,56.388,23.33,11114.59,20.06,2960.86,0,,,,59.21590399,13.49063481,,,,
40213.424,14.66,56.388,23.33,11124.97,20.06,2962.39,0,,,,59.27411395,13.49921489,,,,
40223.425,14.66,56.387,23.34,11117.57,20.06,2963.3,0,,,,59.23261552,13.50431808,,,,
40233.412,14.66,56.388,23.34,11120.15,20.07,2963.66,0,,,,59.24708389,13.50633692,,,,
40243.499,14.66,56.388,23.34,11118.62,20.07,2964.99,0,,,,59.23850381,13.51379542,,,,
40253.476,14.66,56.388,23.34,11121.66,20.07,2966.99,0,,,,59.25555182,13.52501122,,,,
40263.434,14.66,56.389,23.34,11122.81,20.07,2967.9,0,,,,59.2620009,13.5301144,,,,
40272.395,14.66,56.389,23.34,11120.92,20.07,2967.35,0,,,,59.25140197,13.52703006,,,,
40281.473,14.66,56.389,23.34,11124.5,20.08,2969.02,0,,,,59.27147824,13.53639524,,,,
40291.488,14.66,56.39,23.34,11128.59,20.08,2972.57,0,,,,59.29441454,13.55630328,,,,
40301.444,14.65,56.389,23.34,11126.14,20.08,2973.45,0,,,,59.28067519,13.56123822,,,,
40311.422,14.66,56.392,23.34,11126.95,20.08,2975.32,0,,,,59.28521759,13.57172499,,,,
40321.503,14.66,56.39,23.35,11130.65,20.08,2975.69,0,,,,59.3059668,13.57379991,,,,
40330.466,14.66,56.389,23.34,11130.39,20.08,2977.15,0,,,,59.30450875,13.58198744,,,,
40340.452,14.66,56.39,23.35,11127.5,20.08,2977.75,0,,,,59.28830193,13.58535218,,,,
40350.439,14.65,56.391,23.35,11127.55,20.08,2978.97,0,,,,59.28858232,13.59219381,,,,
40359.512,14.66,56.39,23.35,11131.64,20.09,2979.36,0,,,,59.31151862,13.59438089,,,,
40369.5,14.66,56.39,23.35,11131.47,20.09,2983.13,0,,,,59.31056528,13.61552266,,,,
40379.461,14.66,56.391,23.35,11131.94,20.09,2981.19,0,,,,59.31320099,13.60464334,,,,
40389.428,14.71,56.39,23.35,11133.07,20.09,2981.34,0,,,,59.31953791,13.60548452,,,,
40399.533,14.71,56.389,23.35,11134.2,20.1,2981.57,0,,,,59.32587483,13.60677434,,,,
40408.487,14.71,56.39,23.35,11134.65,20.1,2984.08,0,,,,59.32839838,13.62085016,,,,
40418.464,14.71,56.39,23.36,11135.43,20.09,2982.02,0,,,,59.33277254,13.60929789,,,,
40428.479,14.71,56.389,23.35,11135.2,20.09,2982.37,0,,,,59.33148273,13.61126066,,,,
40437.539,14.71,56.39,23.35,11136.26,20.1,2984.5,0,,,,59.3374271,13.62320547,,,,
40447.491,14.71,56.389,23.36,11136.82,20.1,2983.68,0,,,,59.34056752,13.618607,,,,
40457.492,14.71,56.39,23.35,11155.27,20.1,2993.91,0,,,,59.4440332,13.67597577,,,,
40467.542,14.72,56.389,23.35,11156.9,20.1,2993.83,0,,,,59.45317407,13.67552714,,,,
40477.533,14.71,56.389,23.35,11158.55,20.09,2993.76,0,,,,59.4624271,13.67513459,,,,
40486.511,14.71,56.391,23.35,11159.75,20.09,2995.74,0,,,,59.46915657,13.68623822,,,,
40496.468,14.71,56.39,23.35,11159.09,20.09,2968.01,0,,,,59.46545536,13.53073127,,,,
40506.532,14.71,56.39,23.35,11159.24,20.09,2993.78,0,,,,59.46629655,13.67524675,,,,
40515.531,14.73,56.39,23.35,11159.46,20.08,2994.37,0,,,,59.46753028,13.67855541,,,,
40525.504,14.73,56.39,23.36,11160.55,20.08,2985.35,0,,,,59.47364289,13.62797218,,,,
40535.466,14.71,56.39,23.36,11161.27,20.08,2956.34,0,,,,59.47768057,13.46528712,,,,
40544.568,14.71,56.39,23.36,11160.94,20.07,2992.83,0,,,,59.47582997,13.66991925,,,,
40554.556,14.72,56.389,23.36,11161.2,20.06,2986.81,0,,,,59.47728802,13.63615971,,,,
40564.519,14.72,56.389,23.35,11162.69,20.05,2953.88,0,,,,59.48564379,13.4514917,,,,
40574.492,14.72,56.389,23.35,11162.87,20.04,2988.38,0,,,,59.48665321,13.64496411,,,,
40584.565,14.73,56.39,23.35,11163.17,20.04,2985.18,0,,,,59.48833558,13.62701884,,,,
40593.554,14.72,56.389,23.35,11162.15,20.04,2963.02,0,,,,59.48261552,13.50274787,,,,
40603.519,14.72,56.389,23.36,11162.96,20.04,2983.49,0,,,,59.48715792,13.6175415,,,,
40613.601,14.73,56.39,23.35,11164.72,20.03,2978.34,0,,,,59.49702782,13.58866083,,,,
40623.567,14.72,56.39,23.35,11164.78,20.03,2957.97,0,,,,59.49736429,13.47442799,,,,
40632.556,14.72,56.39,23.35,11164.86,20.01,2963.32,0,,,,59.49781292,13.50443024,,,,
40642.522,14.72,56.391,23.36,11165.07,20.01,2962.87,0,,,,59.49899058,13.50190668,,,,
40652.601,14.77,56.39,23.35,11165.84,20.01,2951.9,0,,,,59.50330866,13.44038807,,,,
40662.588,14.78,56.391,23.35,11165.48,20,2920.96,0,,,,59.50128982,13.26687977,,,,
40671.562,14.78,56.389,23.35,11165.88,20,2951.24,0,,,,59.50353297,13.43668686,,,,
40681.521,14.78,56.391,23.35,11166.29,20,2929.99,0,,,,59.50583221,13.31751907,,,,
40690.592,14.78,56.392,23.35,11165.74,20.01,2930.35,0,,,,59.50274787,13.31953791,,,,
40700.605,14.77,56.391,23.35,11166.4,20.01,2902.02,0,,,,59.50644908,13.16066622,,,,
40710.548,14.77,56.391,23.35,11167.74,20.01,2922.64,0,,,,59.51396366,13.27630103,,,,
40720.533,14.77,56.391,23.35,11167.86,20.01,2918.82,0,,,,59.51463661,13.25487887,,,,
40730.626,14.77,56.391,23.35,11167.75,20.01,2961.37,0,,,,59.51401974,13.49349484,,,,
40740.611,14.78,56.391,23.34,11168.51,20.01,2965.67,0,,,,59.51828174,13.51760879,,,,
40749.575,14.77,56.392,23.35,11168.13,20.01,2971.5,0,,,,59.51615074,13.55030283,,,,
40759.544,14.78,56.392,23.35,11168.91,20.01,2966.49,0,,,,59.5205249,13.52220727,,,,
40768.609,14.78,56.393,23.34,11169.04,20.01,2953.79,0,,,,59.52125393,13.45098699,,,,
40778.613,14.78,56.393,23.35,11170.09,20,2987.27,0,,,,59.52714222,13.63873934,,,,
40788.581,14.78,56.392,23.34,11170.62,20,2989,0,,,,59.5301144,13.648441,,,,
40798.669,14.77,56.392,23.34,11171.01,19.99,2988.11,0,,,,59.53230148,13.64344998,,,,
40808.655,14.78,56.391,23.34,11170.84,19.99,2984.86,0,,,,59.53134814,13.62522432,,,,
40817.607,14.77,56.392,23.34,11171.25,19.99,2970.12,0,,,,59.53364738,13.54256393,,,,
40827.583,14.78,56.392,23.34,11171.91,20,2986.29,0,,,,59.53734859,13.63324361,,,,
40837.667,14.77,56.392,23.34,11171.53,19.99,2986.75,0,,,,59.53521759,13.63582324,,,,
40847.659,14.78,56.393,23.34,11173.49,19.98,2987.72,0,,,,59.54620906,13.6412629,,,,
40857.616,14.77,56.393,23.34,11173.84,19.98,2978.06,0,,,,59.54817183,13.58709062,,,,
40866.591,14.77,56.394,23.34,11171.7,19.97,2955.6,0,,,,59.53617093,13.46113728,,,,
40875.671,14.77,56.392,23.34,11172.41,19.97,2988.88,0,,,,59.54015253,13.64776806,,,,
40885.66,14.76,56.393,23.34,11173.95,19.98,2990.93,0,,,,59.54878869,13.65926424,,,,
40895.62,14.77,56.393,23.34,11175.94,19.97,2990.62,0,,,,59.55994841,13.6575258,,,,
40905.609,14.77,56.392,23.34,11174.11,19.97,2989.17,0,,,,59.54968596,13.64939435,,,,
40915.708,14.77,56.39,23.34,11171.28,19.97,2970.09,0,,,,59.53381561,13.54239569,,,,
40924.677,14.77,56.392,23.34,11174.99,19.96,2987.91,0,,,,59.55462091,13.6423284,,,,
40934.624,14.78,56.39,23.34,11175.7,19.96,2982.22,0,,,,59.55860251,13.61041947,,,,
40944.707,14.77,56.392,23.34,11144.83,19.96,2980.9,0,,,,59.38548677,13.60301705,,,,
40953.721,14.77,56.392,23.34,11173.95,19.96,2980.13,0,,,,59.54878869,13.59869897,,,,
40963.667,14.78,56.392,23.33,11170.79,19.95,2983.21,0,,,,59.53106774,13.61597129,,,,
40972.651,14.77,56.391,23.34,11178.58,19.95,2982.05,0,,,,59.57475325,13.60946613,,,,
40981.723,14.82,56.391,23.34,11129.53,19.95,2979.51,0,,,,59.29968596,13.59522207,,,,
40990.704,14.82,56.393,23.33,11163.66,19.95,2981.7,0,,,,59.49108345,13.60750336,,,,
41000.668,14.82,56.394,23.33,11184.96,19.94,2984.03,0,,,,59.61053163,13.62056976,,,,
41009.626,14.82,56.395,23.33,11126.94,19.94,2980.49,0,,,,59.28516151,13.60071781,,,,
41018.734,14.82,56.396,23.33,11145.11,19.95,2981.02,0,,,,59.38705698,13.60369,,,,
41027.716,14.82,56.396,23.33,11155.01,19.94,2987.13,0,,,,59.44257515,13.63795424,,,,
41037.689,14.82,56.395,23.33,11191.44,19.94,2987.26,0,,,,59.64687079,13.63868327,,,,
41046.655,14.82,56.396,23.33,11194.59,19.94,2987.09,0,,,,59.66453567,13.63772992,,,,
41055.623,14.82,56.397,23.33,11175.83,19.94,2984.22,0,,,,59.55933154,13.62163526,,,,
41064.726,14.81,56.398,23.32,11139.19,19.93,2982.63,0,,,,59.35385823,13.61271871,,,,
41074.69,14.81,56.398,23.32,11117.13,19.94,2980.25,0,,,,59.23014805,13.59937192,,,,
41083.656,14.82,56.395,23.32,11195.76,19.94,2990.04,0,,,,59.6710969,13.65427322,,,,
41092.775,14.81,56.397,23.32,11194.91,19.93,2987.24,0,,,,59.66633019,13.63857111,,,,
41101.718,14.81,56.397,23.32,11115.93,19.93,2981.16,0,,,,59.22341857,13.6044751,,,,
41111.727,14.8,56.398,23.32,11143.21,19.93,2982.62,0,,,,59.37640197,13.61266263,,,,
41121.694,14.82,56.399,23.32,11154.36,19.93,2987.23,0,,,,59.43893001,13.63851503,,,,
41130.672,14.81,56.398,23.31,11168.76,19.93,2989.18,0,,,,59.51968371,13.64945043,,,,
41140.738,14.81,56.399,23.31,11201.86,19.93,2991.97,0,,,,59.70530507,13.66509646,,,,
41149.721,14.81,56.398,23.31,11143.33,19.93,2988.26,0,,,,59.37707492,13.64429116,,,,
41158.693,14.8,56.398,23.31,11192.1,19.93,2989.81,0,,,,59.65057201,13.6529834,,,,
41167.77,14.81,56.399,23.3,11121.47,19.93,2987.18,0,,,,59.25448632,13.63823463,,,,
41177.757,14.82,56.399,23.31,11210.71,19.94,2995.21,0,,,,59.75493495,13.68326604,,,,
41186.74,14.83,56.399,23.31,11193.94,19.94,2992.36,0,,,,59.66089053,13.66728354,,,,
41195.721,14.81,56.399,23.3,11198.85,19.94,2995.16,0,,,,59.6884253,13.68298564,,,,
41204.801,14.82,56.4,23.31,11127.91,19.93,2990.47,0,,,,59.29060117,13.65668461,,,,
41214.765,14.81,56.4,23.3,11200.49,19.92,2996.08,0,,,,59.69762225,13.68814491,,,,
41223.758,14.81,56.397,23.31,11125.95,19.92,2992.22,0,,,,59.27960969,13.66649843,,,,
41232.686,14.81,56.396,23.3,11170.86,19.92,2995.3,0,,,,59.5314603,13.68377075,,,,
41241.776,14.8,56.398,23.3,11133.88,19.92,2993.37,0,,,,59.32408031,13.67294751,,,,
41251.776,14.81,56.4,23.3,11216.76,19.92,2999.72,0,,,,59.78886272,13.70855765,,,,
41260.722,14.81,56.399,23.3,11123.31,19.92,2994.58,0,,,,59.26480485,13.67973306,,,,
41269.738,14.81,56.397,23.3,11190.49,19.92,2999.7,0,,,,59.64154329,13.70844549,,,,
41278.818,14.8,56.398,23.3,11111.62,19.92,2995.38,0,,,,59.19924854,13.68421938,,,,
41288.791,14.81,56.4,23.3,11131.95,19.91,2997.7,0,,,,59.31325707,13.6972297,,,,
41297.769,14.81,56.397,23.3,11215.49,19.92,3004.27,0,,,,59.78174069,13.73407358,,,,
41306.75,14.81,56.397,23.3,11105.11,19.93,2995.76,0,,,,59.16274114,13.68635038,,,,
41315.814,14.82,56.395,23.3,11118.16,19.93,3002.26,0,,,,59.23592418,13.7228017,,,,
41325.78,14.81,56.399,23.3,11178.78,19.94,3003.4,0,,,,59.57587483,13.72919471,,,,
41334.75,14.8,56.397,23.3,11113.9,19.94,3000.52,0,,,,59.21203454,13.71304397,,,,
41343.749,14.8,56.396,23.3,11122.21,19.95,3002.95,0,,,,59.25863616,13.72667115,,,,
41352.85,14.8,56.397,23.3,11210.66,19.95,3010.47,0,,,,59.75465455,13.76884253,,,,
41362.807,14.8,56.4,23.3,11220.94,19.95,3007.41,0,,,,59.81230372,13.75168237,,,,
41371.786,14.8,56.399,23.3,11178.38,19.95,3011.62,0,,,,59.57363167,13.77529161,,,,
41380.75,14.81,56.402,23.3,11200.45,19.94,3008.2,0,,,,59.69739794,13.75611261,,,,
41389.84,14.8,56.402,23.3,11116.02,19.93,3006.27,0,,,,59.22392328,13.74528937,,,,
41399.791,14.81,56.402,23.29,11224.74,19.94,3015.36,0,,,,59.83361373,13.79626514,,,,
41408.809,14.81,56.403,23.3,11118.93,19.94,3007.62,0,,,,59.24024226,13.75286003,,,,
41417.779,14.81,56.402,23.3,11121.29,19.94,3007.64,0,,,,59.2534769,13.75297218,,,,
41426.869,14.8,56.401,23.29,11169.01,19.94,3015.53,0,,,,59.52108569,13.79721848,,,,
41436.828,14.8,56.402,23.29,11160.34,19.95,3013.5,0,,,,59.47246523,13.78583445,,,,
41445.803,14.81,56.402,23.3,11136.49,19.95,3013.93,0,,,,59.33871691,13.78824585,,,,
41454.786,14.8,56.403,23.3,11143.02,19.95,3012.13,0,,,,59.37533647,13.77815164,,,,
41463.873,14.8,56.401,23.29,11170.65,19.96,3018.33,0,,,,59.53028264,13.81292059,,,,
41473.839,14.8,56.402,23.29,11175.11,19.96,3015.01,0,,,,59.55529385,13.79430238,,,,
41482.801,14.8,56.401,23.3,11215.31,19.97,3020.19,0,,,,59.78073127,13.82335128,,,,
41491.769,14.8,56.402,23.29,11195.75,19.97,3018.39,0,,,,59.67104083,13.81325707,,,,
41500.896,14.8,56.403,23.3,11225.51,19.98,3023.13,0,,,,59.83793181,13.83983849,,,,
41510.842,14.8,56.402,23.29,11196.8,19.97,3029.66,0,,,,59.67692912,13.87645805,,,,
41519.842,14.8,56.403,23.29,11188.37,19.97,3029.03,0,,,,59.62965455,13.87292508,,,,
41528.815,14.8,56.401,23.3,11196.77,19.98,3030.05,0,,,,59.67676088,13.87864513,,,,
41537.865,14.79,56.403,23.3,11191.9,19.98,3030.53,0,,,,59.64945043,13.88133692,,,,
41547.874,14.8,56.403,23.29,11190.62,19.97,3025.24,0,,,,59.64227232,13.85167115,,,,
41556.883,14.81,56.403,23.29,11196.59,19.97,2999.85,0,,,,59.67575146,13.70928668,,,,
41565.822,14.79,56.403,23.3,11190.75,19.98,3003.86,0,,,,59.64300135,13.73177434,,,,
41574.912,14.8,56.402,23.3,11193.32,19.98,3026.15,0,,,,59.65741364,13.85677434,,,,
41584.869,14.8,56.403,23.3,11198.05,19.98,3002.14,0,,,,59.68393899,13.72212876,,,,
41593.852,14.79,56.399,23.3,11192.34,19.99,3029.06,0,,,,59.6519179,13.87309332,,,,
41602.847,14.8,56.401,23.29,11198.55,19.99,3027.48,0,,,,59.68674293,13.86423284,,,,
41611.892,14.8,56.401,23.3,11196.46,19.99,3024.47,0,,,,59.67502243,13.84735307,,,,
41621.91,14.8,56.4,23.3,11200.3,20,3001.98,0,,,,59.69655675,13.72123149,,,,
41630.865,14.8,56.399,23.3,11195.53,20,3028.49,0,,,,59.66980709,13.86989681,,,,
41639.853,14.85,56.398,23.3,11201.69,19.99,3027.91,0,,,,59.70435173,13.86664424,,,,
41648.942,14.85,56.399,23.3,11197.96,20,3026.81,0,,,,59.68343428,13.86047555,,,,
41658.875,14.85,56.398,23.3,11203.23,20,3008.31,0,,,,59.71298789,13.75672948,,,,
41667.875,14.85,56.402,23.3,11195.42,20,3024.08,0,,,,59.66919022,13.84516599,,,,
41676.865,14.85,56.401,23.3,11204.09,20,3021.5,0,,,,59.71781068,13.83069762,,,,
41685.92,14.85,56.402,23.3,11204.29,19.99,3016.65,0,,,,59.71893226,13.80349933,,,,
41695.91,14.85,56.403,23.3,11203.73,19.99,2989.31,0,,,,59.71579183,13.65017945,,,,
41704.909,14.85,56.403,23.3,11200.62,19.99,3006.83,0,,,,59.69835128,13.74842979,,,,
41713.852,14.85,56.402,23.3,11201.25,19.99,3010.21,0,,,,59.70188425,13.76738448,,,,
41722.93,14.85,56.403,23.3,11200.64,20,2991.33,0,,,,59.69846344,13.6615074,,,,
41732.941,14.85,56.403,23.3,11201.28,20,3018.92,0,,,,59.70205249,13.81622925,,,,
41741.882,14.85,56.403,23.31,11202.46,20,3006.32,0,,,,59.70866981,13.74556976,,,,
41750.863,14.85,56.402,23.31,11207.03,20,3003.36,0,,,,59.73429789,13.72897039,,,,
41759.959,14.85,56.402,23.31,11206.29,20.01,2994.53,0,,,,59.73014805,13.67945267,,,,
41769.93,14.85,56.402,23.3,11202.77,20.01,3012.39,0,,,,59.71040825,13.77960969,,,,
41778.913,14.84,56.402,23.31,11207.12,20.02,3007.63,0,,,,59.7348026,13.75291611,,,,
41787.919,14.85,56.403,23.31,11207.55,20,3013.1,0,,,,59.737214,13.7835913,,,,
41796.972,14.85,56.403,23.3,11208.47,20,3017.02,0,,,,59.74237326,13.80557425,,,,
41806.921,14.86,56.402,23.31,11209.37,19.99,3017.67,0,,,,59.74742037,13.80921938,,,,
41815.922,14.85,56.401,23.31,11209.61,19.99,3019.33,0,,,,59.74876626,13.81852849,,,,
41824.908,14.85,56.402,23.31,11206.1,19.99,3008.41,0,,,,59.72908255,13.75729026,,,,
41833.975,14.85,56.402,23.31,11206.75,19.99,2988.19,0,,,,59.73272768,13.64389861,,,,
41843.947,14.84,56.403,23.31,11209.51,19.99,3019.68,0,,,,59.74820547,13.82049125,,,,
41852.918,14.85,56.403,23.31,11212.31,19.99,3022.22,0,,,,59.76390758,13.83473531,,,,
41861.915,14.85,56.402,23.3,11211.66,19.99,3025.56,0,,,,59.76026245,13.85346568,,,,
41871.001,14.85,56.404,23.31,11212.77,19.99,3025.57,0,,,,59.76648721,13.85352176,,,,
41880.976,14.85,56.404,23.31,11213.25,20,3028.86,0,,,,59.769179,13.87197174,,,,
41889.955,14.84,56.402,23.31,11212.1,20,3023.5,0,,,,59.76272992,13.84191341,,,,
41898.932,14.85,56.403,23.31,11211.6,20,3011.37,0,,,,59.75992598,13.77388964,,,,
41907.982,14.85,56.403,23.31,11213.15,20,2976.76,0,,,,59.76861821,13.57980036,,,,
41917.988,14.84,56.403,23.31,11210.83,20.01,3027.24,0,,,,59.7556079,13.86288694,,,,
41926.988,14.85,56.403,23.31,11215.8,20,3015.27,0,,,,59.78347914,13.79576043,,,,
41935.946,14.88,56.403,23.31,11176.53,20,3004.54,0,,,,59.56325707,13.73558771,,,,
41945.046,14.87,56.402,23.31,11180.93,20.01,3003.94,0,,,,59.58793181,13.73222297,,,,
41954.995,14.86,56.402,23.31,11212.16,20.01,3005.3,0,,,,59.7630664,13.73984971,,,,
41964.975,14.88,56.403,23.32,11184.32,20.02,3004.31,0,,,,59.60694258,13.73429789,,,,
41973.99,14.88,56.403,23.32,11188.74,20.01,3005.1,0,,,,59.63172948,13.73872813,,,,
41984.031,14.87,56.405,23.32,11213.14,20.01,3000.48,0,,,,59.76856214,13.71281965,,,,
41994.005,14.87,56.403,23.32,11180.29,20.02,3004.28,0,,,,59.58434275,13.73412965,,,,
42003.958,14.87,56.404,23.32,11197.27,20.02,3001.05,0,,,,59.67956483,13.71601615,,,,
42013.942,14.87,56.404,23.32,11214.86,20.02,3005.38,0,,,,59.77820772,13.74029834,,,,
42023.032,14.87,56.405,23.31,11211.59,20.03,3006.79,0,,,,59.7598699,13.74820547,,,,
42033.058,14.88,56.405,23.32,11190.25,20.02,3007.29,0,,,,59.6401974,13.75100942,,,,
42042.966,14.87,56.404,23.32,11203.96,20.03,3005.58,0,,,,59.71708165,13.74141992,,,,
42052.082,14.88,56.404,23.32,11204.42,20.03,3004.76,0,,,,59.71966128,13.73682144,,,,
42062.05,14.87,56.405,23.32,11211.69,20.03,3006.16,0,,,,59.76043069,13.7446725,,,,
42072.006,14.87,56.405,23.32,11197.78,20.03,3007.02,0,,,,59.68242485,13.74949529,,,,
42081.996,14.87,56.405,23.32,11197.63,20.02,3006.48,0,,,,59.68158367,13.74646703,,,,
42092.087,14.88,56.406,23.32,11191.91,20.03,3004.16,0,,,,59.64950651,13.73345671,,,,
42101.031,14.88,56.406,23.32,11208.98,20.03,3007.97,0,,,,59.74523329,13.75482279,,,,
42111.037,14.87,56.406,23.32,11204.71,20.02,3007.01,0,,,,59.72128757,13.74943921,,,,
42121.006,14.87,56.407,23.32,11200.83,20.02,3006.22,0,,,,59.69952894,13.74500897,,,,
42130.082,14.88,56.406,23.31,11204.87,20.02,3006.14,0,,,,59.72218484,13.74456034,,,,
42140.071,14.87,56.408,23.32,11207.65,20.01,3007.64,0,,,,59.73777479,13.75297218,,,,
42150.028,14.88,56.407,23.32,11201.48,20,3010.15,0,,,,59.70317407,13.767048,,,,
42159.016,14.87,56.407,23.32,11202.19,20.01,3014.42,0,,,,59.70715568,13.79099372,,,,
42169.085,14.88,56.407,23.32,11205.38,20.01,3013.8,0,,,,59.72504486,13.78751682,,,,
42179.076,,56.408,23.32,11212.58,20.01,3014.09,0,,,,59.76542171,13.78914311,,,,
42189.043,14.93,56.407,23.32,11206.56,20.01,3011.64,0,,,,59.73166218,13.77540377,,,,
42199.126,14.92,56.407,23.32,11211.69,20.01,3017.28,0,,,,59.76043069,13.8070323,,,,
42209.109,14.94,56.407,23.32,11210.24,20.01,3015.6,0,,,,59.75229924,13.79761104,,,,
42219.088,14.93,56.409,23.31,11209.33,20.01,3019.2,0,,,,59.74719605,13.81779946,,,,
42228.067,14.93,56.408,23.31,11209.26,20,3015.75,0,,,,59.7468035,13.79845222,,,,
42237.115,14.92,56.408,23.32,11211.71,20.01,3018.03,0,,,,59.76054284,13.81123822,,,,
42247.083,14.93,56.409,23.31,11213.41,20.01,3022.82,0,,,,59.77007627,13.83810004,,,,
42257.067,14.93,56.409,23.31,11212.27,20,3019.03,0,,,,59.76368327,13.81684612,,,,
42267.093,14.93,56.411,23.31,11213.39,20,3024.59,0,,,,59.76996411,13.84802602,,,,
42277.15,14.93,56.409,23.31,11213.04,20,3021.53,0,,,,59.76800135,13.83086586,,,,
42287.139,14.93,56.41,23.31,11213.9,20,3026.91,0,,,,59.77282414,13.86103634,,,,
42297.075,14.93,56.409,23.31,11213.82,19.99,3024.18,0,,,,59.7723755,13.84572678,,,,
42306.065,14.94,56.41,23.31,11214.7,20,3026.09,0,,,,59.77731045,13.85643786,,,,
42315.168,14.92,56.409,23.31,11214.81,19.99,3026.36,0,,,,59.77792732,13.857952,,,,
42325.089,14.93,56.411,23.31,11215.04,19.99,3027.41,0,,,,59.77921714,13.86384029,,,,
42335.108,14.93,56.41,23.31,11215.01,19.98,3029.37,0,,,,59.7790489,13.87483176,,,,
42345.111,14.92,56.41,23.31,11216.21,19.98,3029.11,0,,,,59.78577838,13.87337371,,,,
42355.139,14.93,56.411,23.31,11217.12,19.98,3030.39,0,,,,59.79088156,13.88055182,,,,
42364.12,14.92,56.412,23.3,11217.22,19.98,3029.76,0,,,,59.79144235,13.87701884,,,,
42374.092,14.92,56.413,23.31,11217.38,19.97,3026.37,0,,,,59.79233961,13.85800808,,,,
42384.198,14.93,56.411,23.31,11218.23,19.97,3029.35,0,,,,59.79710633,13.87471961,,,,
42394.141,14.93,56.412,23.3,11219.58,19.97,3027.8,0,,,,59.80467699,13.86602737,,,,
42403.116,14.93,56.414,23.31,11220.34,19.96,3034.51,0,,,,59.80893899,13.90365635,,,,
42413.128,14.93,56.414,23.31,11221.44,19.96,3029.91,0,,,,59.81510767,13.87786003,,,,
42423.193,14.92,56.416,23.3,11221.53,19.95,3034.73,0,,,,59.81561238,13.90489009,,,,
42433.155,14.92,56.415,23.3,11221.84,19.96,3032.87,0,,,,59.81735083,13.8944594,,,,
42442.16,14.92,56.418,23.3,11222.42,19.95,3033.76,0,,,,59.82060341,13.89945043,,,,
42452.102,14.98,56.416,23.3,11222.2,19.96,3036.23,0,,,,59.81936967,13.91330193,,,,
42462.213,14.98,56.415,23.3,11221.93,19.96,3036.7,0,,,,59.81785554,13.91593764,,,,
42472.187,14.98,56.417,23.3,11222.18,19.96,3033.91,0,,,,59.81925751,13.90029161,,,,
42481.163,14.98,56.417,23.3,11223.45,19.96,3040.66,0,,,,59.82637954,13.93814491,,,,
42491.133,14.97,56.416,23.3,11222.83,19.96,3039.03,0,,,,59.82290265,13.92900404,,,,
42500.197,14.98,56.417,23.3,11223.23,19.96,3038.93,0,,,,59.82514581,13.92844325,,,,
42510.182,14.97,56.417,23.3,11223.89,19.95,3041.51,0,,,,59.82884702,13.94291162,,,,
42520.153,14.98,56.419,23.29,11223.28,19.96,3040.42,0,,,,59.8254262,13.93679901,,,,
42530.153,14.99,56.418,23.29,11224.72,19.95,3042.06,0,,,,59.83350157,13.94599596,,,,
42540.239,14.98,56.419,23.29,11224.26,19.95,3037.97,0,,,,59.83092194,13.92305967,,,,
42550.184,14.98,56.42,23.29,11223.99,19.95,3042.7,0,,,,59.82940781,13.94958502,,,,
42559.186,14.98,56.419,23.3,11243.18,19.95,3049.7,0,,,,59.93702333,13.98884029,,,,
42569.15,14.98,56.42,23.29,11244.37,19.95,3052.76,0,,,,59.94369672,14.00600045,,,,
42578.221,14.98,56.422,23.29,11245.59,19.94,3051.96,0,,,,59.95053836,14.00151413,,,,
42588.187,14.99,56.421,23.29,11245.76,19.94,3051.56,0,,,,59.9514917,13.99927097,,,,
42598.208,14.98,56.422,23.29,11246.65,19.95,3033.01,0,,,,59.95648273,13.8952445,,,,
42608.165,14.98,56.421,23.29,11246.98,19.94,3048.34,0,,,,59.95833333,13.98121355,,,,
42617.234,14.98,56.422,23.29,11246.83,19.94,3031.57,0,,,,59.95749215,13.88716913,,,,
42627.219,14.98,56.423,23.29,11247.4,19.94,3031.88,0,,,,59.96068865,13.88890758,,,,
42637.179,14.98,56.423,23.29,11248.17,19.94,3022.9,0,,,,59.96500673,13.83854868,,,,
42646.263,14.97,56.423,23.29,11249.06,19.94,3029.63,0,,,,59.96999776,13.87628982,,,,
42656.27,14.98,56.422,23.29,11249.15,19.95,3034.8,0,,,,59.97050247,13.90528264,,,,
42666.211,14.98,56.424,23.28,11248.81,19.95,3010.93,0,,,,59.96859578,13.77142216,,,,
42676.213,14.98,56.423,23.29,11249.9,19.95,3009.08,0,,,,59.97470839,13.76104755,,,,
42686.269,14.98,56.424,23.29,11250.54,19.95,3025.33,0,,,,59.97829744,13.85217586,,,,
42695.264,14.98,56.424,23.29,11251.32,19.96,3028.77,0,,,,59.9826716,13.87146703,,,,
42705.257,14.98,56.425,23.29,11250.12,19.96,3007.87,0,,,,59.97594213,13.754262,,,,
42715.192,14.98,56.425,23.29,11251.87,19.95,3014.3,0,,,,59.98575594,13.79032077,,,,
42724.279,15.02,56.426,23.28,11251.72,19.95,3023.74,0,,,,59.98491476,13.84325931,,,,
42734.271,15.03,56.425,23.29,11251.97,19.96,3002.8,0,,,,59.98631673,13.72582997,,,,
42744.215,15.02,56.427,23.28,11251.16,19.97,3030.42,0,,,,59.98177434,13.88072005,,,,
42754.238,15.02,56.425,23.29,11253.42,19.97,3013.41,0,,,,59.99444818,13.78532974,,,,
42764.28,15.03,56.427,23.28,11254.33,19.97,3032.02,0,,,,59.99955137,13.88969269,,,,
42773.268,15.03,56.427,23.29,11254.56,19.98,3012.76,0,,,,60.00084118,13.78168461,,,,
42783.24,15.02,56.427,23.29,11254.04,19.98,3026.32,0,,,,59.99792508,13.85772768,,,,
42793.332,15.02,56.429,23.29,11254.08,19.99,3028.33,0,,,,59.99814939,13.86899955,,,,
42803.294,15.02,56.427,23.29,11256.27,19.98,3032.88,0,,,,60.01043069,13.89451548,,,,
42813.268,15.02,56.427,23.29,11255.98,19.98,3016.91,0,,,,60.0088044,13.80495738,,,,
42823.281,15.02,56.428,23.29,11256.77,19.99,3009.45,0,,,,60.01323463,13.76312248,,,,
42833.33,15.02,56.428,23.29,11256.53,19.99,3009.89,0,,,,60.01188874,13.76558995,,,,
42843.313,15.02,56.429,23.29,11257.53,19.99,3036.54,0,,,,60.01749664,13.91504038,,,,
42853.301,15.02,56.428,23.29,11259.42,20,3010.38,0,,,,60.02809556,13.76833782,,,,
42863.284,15.02,56.428,23.29,11259.69,20,3023.77,0,,,,60.02960969,13.84342755,,,,
42872.341,15.02,56.429,23.29,11260.16,20.01,3008.52,0,,,,60.0322454,13.75790713,,,,
42882.313,15.03,56.428,23.29,11260.68,20,3031.32,0,,,,60.03516151,13.88576716,,,,
42892.285,15.03,56.428,23.29,11261.85,20.01,3038.49,0,,,,60.04172275,13.92597577,,,,
42901.27,15.02,56.427,23.29,11262.54,20.01,3033.76,0,,,,60.04559219,13.89945043,,,,
42911.334,15.02,56.43,23.3,11261.87,20.01,2903.53,0,,,,60.0418349,13.16913414,,,,
42921.323,15.03,56.43,23.3,11262.85,20.01,3041.39,0,,,,60.04733064,13.94223867,,,,
42931.313,15.02,56.429,23.3,11263.37,20.02,3046.14,0,,,,60.05024675,13.96887618,,,,
42941.36,15.02,56.43,23.3,11264.95,20.02,3053.32,0,,,,60.05910722,14.00914087,,,,
42950.348,15.02,56.431,23.3,11266.28,20.02,3052.52,0,,,,60.06656572,14.00465455,,,,
42960.31,15.02,56.432,23.3,11265.53,20.01,3057,0,,,,60.0623598,14.02977793,,,,
42970.297,15.02,56.432,23.3,11266.75,20.02,3046.67,0,,,,60.06920144,13.97184836,,,,
42979.373,15.02,56.431,23.3,11265.68,20.02,2976.37,0,,,,60.06320099,13.57761328,,,,
42989.341,15.02,56.431,23.3,11265.64,20.01,3057.84,0,,,,60.06297667,14.03448856,,,,
42999.316,15.08,56.431,23.3,11267.74,20.01,3061.88,0,,,,60.07475325,14.05714446,,,,
43008.323,15.08,56.432,23.3,11268.11,20.01,3063.35,0,,,,60.07682817,14.06538807,,,,
43018.615,15.08,56.433,23.3,11267.58,20.01,3063.17,0,,,,60.07385599,14.06437865,,,,
43028.39,15.08,56.432,23.31,11268.76,20.02,3067.56,0,,,,60.08047331,14.08899731,,,,
43038.362,15.08,56.434,23.31,11271.57,20.02,3068.95,0,,,,60.09623149,14.09679228,,,,
43048.323,15.08,56.431,23.31,11274.08,20.02,3062.72,0,,,,60.11030731,14.06185509,,,,
43057.4,15.08,56.434,23.31,11272.62,20.01,3039.38,0,,,,60.10211978,13.9309668,,,,
43067.396,15.07,56.432,23.31,11270.22,20.01,3069.29,0,,,,60.08866083,14.09869897,,,,
43077.342,15.07,56.43,23.31,11276.21,20.01,3067.32,0,,,,60.12225213,14.08765141,,,,
43086.352,15.09,56.428,23.31,11277.02,20.02,3052.11,0,,,,60.12679453,14.00235532,,,,
43096.396,15.08,56.428,23.31,11241.48,20.01,3053.05,0,,,,59.92748991,14.00762674,,,,
43106.359,15.08,56.428,23.31,11273.6,20.01,3053.49,0,,,,60.10761552,14.01009421,,,,
43116.359,15.08,56.43,23.31,11277.07,20.01,3057.92,0,,,,60.12707492,14.03493719,,,,
43126.408,15.07,56.43,23.31,11266.18,20,3059.25,0,,,,60.06600493,14.04239569,,,,
43135.416,15.07,56.43,23.32,11241.7,20,3060.19,0,,,,59.92872364,14.04766712,,,,
43145.408,15.08,56.43,23.31,11265.94,20,3062.25,0,,,,60.06465904,14.05921938,,,,
43155.374,15.09,56.431,23.31,11286.8,20,3061.43,0,,,,60.18163975,14.05462091,,,,
43164.431,15.08,56.432,23.31,11265.73,20,3059.25,0,,,,60.06348138,14.04239569,,,,
43174.448,15.07,56.431,23.32,11275.85,20,3060.45,0,,,,60.12023329,14.04912517,,,,
43184.409,15.08,56.432,23.32,11238.06,20,3056.39,0,,,,59.9083109,14.02635711,,,,
43193.389,15.08,56.431,23.32,11239.4,20,3058.68,0,,,,59.91582548,14.03919919,,,,
43203.365,15.08,56.431,23.32,11296.06,20.01,3058.38,0,,,,60.23356886,14.03751682,,,,
43212.435,15.07,56.431,23.32,11239.75,20.01,3058.43,0,,,,59.91778825,14.03779722,,,,
43221.407,15.07,56.432,23.32,11284.68,20.01,3059.46,0,,,,60.16975101,14.04357335,,,,
43230.404,15.08,56.432,23.32,11294.82,20.01,3055.49,0,,,,60.22661507,14.02131,,,,
43240.453,15.08,56.432,23.33,11260.72,20.02,3058.51,0,,,,60.03538582,14.03824585,,,,
43250.442,15.13,56.432,23.33,11233.01,20.01,3060.51,0,,,,59.87999103,14.04946164,,,,
43260.416,15.11,56.432,23.33,11247.1,20.01,3058.51,0,,,,59.95900628,14.03824585,,,,
43270.409,15.12,56.432,23.33,11246.19,20,3060.72,0,,,,59.9539031,14.0506393,,,,
43279.467,15.12,56.43,23.32,11242.7,20,3066.06,0,,,,59.93433154,14.08058546,,,,
43289.465,15.11,56.432,23.33,11260.06,20,3062.53,0,,,,60.03168461,14.06078959,,,,
43299.419,15.12,56.432,23.33,11248.16,20,3065.31,0,,,,59.96495065,14.07637954,,,,
43308.429,15.11,56.433,23.33,11287.27,20,3062.35,0,,,,60.18427546,14.05978017,,,,
43318.479,15.13,56.433,23.33,11233.99,20.01,3063.19,0,,,,59.88548677,14.0644908,,,,
43327.465,15.12,56.433,23.33,11276.46,20.01,3069.98,0,,,,60.1236541,14.10256842,,,,
43336.45,15.13,56.432,23.33,11252.29,20,3065.47,0,,,,59.98811126,14.07727681,,,,
43345.401,15.12,56.431,23.33,11240.71,20,3065.49,0,,,,59.92317183,14.07738896,,,,
43355.502,15.13,56.431,23.33,11286.25,20,3072.81,0,,,,60.17855541,14.11843876,,,,
43364.467,15.13,56.431,23.33,11238.15,19.99,3070.02,0,,,,59.90881561,14.10279273,,,,
43373.459,15.12,56.43,23.33,11248.57,19.99,3069.92,0,,,,59.96724989,14.10223194,,,,
43382.437,15.11,56.431,23.33,11293.36,19.99,3070.32,0,,,,60.21842755,14.1044751,,,,
43392.497,15.12,56.43,23.33,11234.94,19.99,3071.63,0,,,,59.89081427,14.11182144,,,,
43401.484,15.11,56.43,23.33,11260.22,19.98,3072.07,0,,,,60.03258188,14.11428892,,,,
43410.45,15.12,56.43,23.33,11244.24,19.98,3072.69,0,,,,59.9429677,14.11776581,,,,
43419.443,15.13,56.43,23.33,11232.26,19.98,3077.36,0,,,,59.87578511,14.14395469,,,,
43429.525,15.13,56.429,23.33,11289.21,19.98,3075.96,0,,,,60.19515478,14.13610363,,,,
43438.503,15.12,56.429,23.33,11319.42,19.99,3078.51,0,,,,60.36456931,14.15040377,,,,
43447.472,15.13,56.428,23.33,11271.69,19.99,3078.07,0,,,,60.09690444,14.14793629,,,,
43456.477,15.13,56.429,23.33,11233.98,19.99,3078.77,0,,,,59.88543069,14.15186182,,,,
43466.546,15.12,56.43,23.33,11287.16,19.99,3076.82,0,,,,60.18365859,14.14092642,,,,
43476.502,15.12,56.428,23.33,11250.91,19.98,3078.17,0,,,,59.98037236,14.14849708,,,,
43485.487,15.12,56.428,23.33,11259.99,19.98,3078.12,0,,,,60.03129206,14.14821669,,,,
43495.473,15.11,56.428,23.33,11315.87,19.98,3085.88,0,,,,60.34466128,14.19173396,,,,
43504.543,15.11,56.428,23.33,11230.89,19.99,3076.29,0,,,,59.86810229,14.13795424,,,,
43513.521,15.13,56.428,23.33,11313.73,19.99,3081.63,0,,,,60.33266039,14.1679004,,,,
43522.512,15.13,56.428,23.33,11279.62,19.99,3082.17,0,,,,60.14137506,14.17092867,,,,
43532.484,15.13,56.428,23.33,11323.99,19.99,3086.37,0,,,,60.3901974,14.19448183,,,,
43541.553,15.13,56.428,23.33,11271.64,19.99,3080.82,0,,,,60.09662405,14.16335801,,,,
43550.55,15.12,56.427,23.33,11327.09,19.99,3086.22,0,,,,60.40758188,14.19364065,,,,
43559.511,15.12,56.427,23.33,11236.65,19.98,3080.3,0,,,,59.90040377,14.1604419,,,,
43569.48,15.11,56.426,23.33,11334.72,19.98,3087.62,0,,,,60.45037012,14.2014917,,,,
43578.566,15.12,56.426,23.33,11247.37,19.97,3081.06,0,,,,59.96052041,14.1647039,,,,
43587.571,15.11,56.425,23.33,11332.2,19.97,3085.58,0,,,,60.43623822,14.19005159,,,,
43596.539,15.12,56.427,23.33,11315.8,19.97,3088.88,0,,,,60.34426873,14.20855765,,,,
43606.495,15.12,56.425,23.33,11267.65,19.97,3081.43,0,,,,60.07424854,14.16677882,,,,
43615.566,15.13,56.426,23.33,11340,19.97,3084.86,0,,,,60.47997981,14.18601391,,,,
43624.547,15.12,56.425,23.33,11289.72,19.97,3086.25,0,,,,60.1980148,14.19380888,,,,
43633.508,15.12,56.424,23.33,11343.7,19.97,3088.16,0,,,,60.50072903,14.20451996,,,,
43643.496,15.13,56.425,23.33,11294.02,19.96,3080.28,0,,,,60.22212876,14.16032974,,,,
43652.605,15.12,56.421,23.33,11304.02,19.96,3091.4,0,,,,60.27820772,14.22268955,,,,
43661.58,15.12,56.421,23.33,11312.48,19.96,3092.66,0,,,,60.32565052,14.2297555,,,,
43670.561,15.12,56.421,23.33,11303.05,19.96,3090.45,0,,,,60.27276806,14.21736205,,,,
43680.529,15.12,56.422,23.32,11308.99,19.95,3092.93,0,,,,60.30607896,14.23126963,,,,
43689.605,15.11,56.421,23.33,11308.23,19.94,3091.51,0,,,,60.30181696,14.22330642,,,,
43698.576,15.12,56.42,23.32,11309.19,19.94,3069.15,0,,,,60.30720054,14.09791386,,,,
43707.612,15.11,56.42,23.33,11314,19.94,3094.42,0,,,,60.33417452,14.23962539,,,,
43717.527,15.11,56.417,23.32,11304.2,19.94,3094,0,,,,60.27921714,14.23727008,,,,
43726.523,15.12,56.42,23.33,11306.4,19.93,3088.66,0,,,,60.29155451,14.20732391,,,,
43735.608,15.12,56.418,23.32,11307.73,19.93,3066.53,0,,,,60.29901301,14.08322118,,,,
43744.568,15.11,56.421,23.32,11306.46,19.93,3087.19,0,,,,60.29189098,14.19908031,,,,
43754.571,15.12,56.419,23.33,11314.61,19.93,3083.21,0,,,,60.33759533,14.17676088,,,,
43763.537,15.13,56.42,23.32,11306.89,19.93,3083.55,0,,,,60.29430238,14.17866756,,,,
43772.609,15.12,56.422,23.32,11314.14,19.92,3062.17,0,,,,60.33495962,14.05877075,,,,
43781.597,15.11,56.421,23.32,11307.43,19.92,2994.8,0,,,,60.29733064,13.6809668,,,,
43791.568,15.11,56.421,23.32,11314.16,19.91,3048.03,0,,,,60.33507178,13.9794751,,,,
43800.593,15.12,56.42,23.32,11308.09,19.91,3065.09,0,,,,60.30103185,14.07514581,,,,
43809.643,15.13,56.42,23.32,11309.14,19.9,3068.02,0,,,,60.30692014,14.09157694,,,,
43818.629,15.11,56.42,23.32,11314.68,19.9,3048.27,0,,,,60.33798789,13.980821,,,,
43828.588,15.12,56.42,23.32,11306.75,19.89,3061.21,0,,,,60.29351727,14.05338717,,,,
43837.544,15.12,56.418,23.32,11316.23,19.9,3064.53,0,,,,60.34668013,14.07200538,,,,
43846.648,15.11,56.418,23.31,11309.72,19.9,3066.76,0,,,,60.31017272,14.08451099,,,,
43855.608,15.12,56.417,23.32,11317.62,19.89,3041.05,0,,,,60.3544751,13.94033199,,,,
43865.604,15.12,56.416,23.32,11307.19,19.89,3051.85,0,,,,60.29598475,14.00089726,,,,
43874.675,15.12,56.418,23.32,11309.5,19.9,3057.92,0,,,,60.30893899,14.03493719,,,,
43883.663,15.12,56.415,23.32,11310.74,19.89,3052.77,0,,,,60.31589278,14.00605653,,,,
43892.624,15.11,56.415,23.31,11309.75,19.89,3046.95,0,,,,60.31034096,13.97341857,,,,
43902.604,15.12,56.414,23.31,11308.44,19.89,3063.39,0,,,,60.30299462,14.06561238,,,,
43911.577,15.11,56.414,23.31,11319.13,19.89,3033.74,0,,,,60.36294302,13.89933827,,,,
43920.662,15.11,56.413,23.31,11309.99,19.89,3049,0,,,,60.31168686,13.98491476,,,,
43929.652,15.12,56.412,23.31,11313.6,19.89,3061.79,0,,,,60.33193136,14.05663975,,,,
43939.623,15.11,56.413,23.31,11310.77,19.88,3062.88,0,,,,60.31606101,14.06275236,,,,
43948.566,15.11,56.413,23.31,11311.11,19.87,3046.21,0,,,,60.3179677,13.96926873,,,,
43957.665,15.12,56.411,23.31,11318.02,19.87,3083.25,0,,,,60.35671826,14.1769852,,,,
43966.666,15.11,56.41,23.31,11308.34,19.87,3083.24,0,,,,60.30243383,14.17692912,,,,
43976.647,15.11,56.411,23.31,11310.89,19.87,3085.9,0,,,,60.31673396,14.19184612,,,,
43985.621,15.11,56.409,23.3,11320.44,19.86,3088.93,0,,,,60.37028937,14.20883804,,,,
43994.665,15.11,56.41,23.31,11314.07,19.86,3088.42,0,,,,60.33456707,14.20597802,,,,
44003.68,15.12,56.409,23.31,11314.79,19.87,3087.28,0,,,,60.33860476,14.19958502,,,,
44013.666,15.11,56.409,23.3,11314.04,19.87,3075.79,0,,,,60.33439883,14.13515029,,,,
44022.648,15.11,56.407,23.3,11320.5,19.88,3055.43,0,,,,60.37062584,14.02097353,,,,
44031.719,15.11,56.409,23.3,11319.05,19.88,3089.12,0,,,,60.36249439,14.20990354,,,,
44041.688,15.11,56.408,23.3,11320.68,19.88,3088.96,0,,,,60.37163526,14.20900628,,,,
44051.666,15.11,56.407,23.3,11315.13,19.89,3091.42,0,,,,60.34051144,14.2228017,,,,
44060.715,15.1,56.407,23.3,11317.23,19.89,3095.73,0,,,,60.35228802,14.24697174,,,,
44070.719,15.11,56.407,23.3,11313.27,19.89,3094.39,0,,,,60.33008075,14.23945716,,,,
44079.678,15.11,56.407,23.3,11320,19.89,3094.66,0,,,,60.36782189,14.24097129,,,,
44088.662,15.11,56.407,23.3,11317.35,19.89,3091.78,0,,,,60.35296097,14.22482055,,,,
44097.738,15.1,56.405,23.3,11315.28,19.89,3078.74,0,,,,60.34135262,14.15169358,,,,
44107.735,15.1,56.406,23.3,11324.26,19.9,3096.64,0,,,,60.39171153,14.25207492,,,,
44116.711,15.1,56.408,23.3,11322.29,19.9,3095.97,0,,,,60.38066397,14.24831763,,,,
44125.682,15.11,56.406,23.3,11308.88,19.9,3079.73,0,,,,60.30546209,14.1572454,,,,
44134.672,15.11,56.405,23.29,11272.31,19.9,3083.57,0,,,,60.10038134,14.17877972,,,,
44144.751,15.11,56.404,23.3,11268.54,19.9,3085.07,0,,,,60.07923957,14.18719157,,,,
44153.715,,56.404,23.3,11316.25,19.91,3088.26,0,,,,60.34679228,14.20508075,,,,
44162.678,15.15,56.402,23.3,11295.77,19.91,3087.13,0,,,,60.23194258,14.19874383,,,,
44171.766,15.15,56.402,23.3,11274.34,19.92,3085.64,0,,,,60.11176537,14.19038807,,,,
44181.727,15.15,56.4,23.3,11287.11,19.92,3087.31,0,,,,60.1833782,14.19975325,,,,
44190.734,15.14,56.402,23.3,11265.4,19.92,3087.52,0,,,,60.06163078,14.20093091,,,,
44199.722,15.14,56.402,23.3,11303.52,19.92,3090.04,0,,,,60.27540377,14.21506281,,,,
44208.786,15.15,56.401,23.3,11326.11,19.93,3091.06,0,,,,60.40208614,14.22078286,,,,
44218.77,15.15,56.401,23.3,11338,19.93,3093,0,,,,60.46876402,14.23166218,,,,
44228.735,15.14,56.399,23.3,11280.11,19.93,3090.16,0,,,,60.14412293,14.21573576,,,,
44237.733,15.14,56.399,23.3,11326.59,19.94,3090.04,0,,,,60.40477793,14.21506281,,,,
44247.79,15.14,56.399,23.3,11325.91,19.93,3091.91,0,,,,60.40096456,14.22554957,,,,
44256.77,15.14,56.401,23.3,11314.36,19.94,3094.04,0,,,,60.33619336,14.23749439,,,,
44265.728,15.14,56.398,23.3,11318.8,19.94,3092.35,0,,,,60.36109242,14.22801705,,,,
44274.735,15.14,56.399,23.31,11334.49,19.95,3095.54,0,,,,60.44908031,14.24590624,,,,
44284.674,15.15,56.399,23.3,11289.09,19.95,3094.4,0,,,,60.19448183,14.23951323,,,,
44293.789,15.14,56.397,23.3,11297.65,19.95,3095.65,0,,,,60.24248542,14.2465231,,,,
44302.75,15.14,56.397,23.3,11324,19.96,3096.6,0,,,,60.39025348,14.25185061,,,,
44311.722,15.14,56.398,23.3,11275.95,19.95,3097.07,0,,,,60.12079408,14.25448632,,,,
44321.715,15.14,56.396,23.3,11320.61,19.96,3100.32,0,,,,60.37124271,14.27271198,,,,
44331.798,15.14,56.398,23.3,11298.01,19.96,3102.49,0,,,,60.24450426,14.28488111,,,,
44341.781,15.14,56.396,23.31,11284.94,19.96,3100.49,0,,,,60.17120906,14.27366532,,,,
44351.731,15.14,56.395,23.31,11279.21,19.98,3099.76,0,,,,60.13907582,14.26957156,,,,
44360.831,15.14,56.396,23.3,11338.37,19.97,3103.44,0,,,,60.47083894,14.29020861,,,,
44370.799,15.14,56.396,23.31,11286.52,19.98,3102.97,0,,,,60.18006954,14.2875729,,,,
44380.766,15.14,56.394,23.31,11285.2,19.98,3104.25,0,,,,60.17266712,14.29475101,,,,
44389.755,15.14,56.395,23.31,11299.96,19.98,3108.67,0,,,,60.25543966,14.31953791,,,,
44399.99,15.15,56.395,23.31,11339.64,19.98,3111.19,0,,,,60.47796097,14.33366981,,,,
44409.883,15.19,56.394,23.31,11297.96,19.98,3110.42,1,,,,60.24422387,14.32935173,,,,
